{
    "id": "10383129",
    "sentences": [
        {
            "endOffsets": [
                12,
                28,
                34,
                36,
                39,
                40,
                43,
                45,
                56,
                61,
                66,
                73,
                79,
                80
            ],
            "entities": [
                "O",
                "O",
                "O",
                "O",
                "O",
                "O",
                "O",
                "O",
                "O",
                "O",
                "O",
                "B-Organ",
                "O",
                "O"
            ],
            "graphs": {
                "stanford-basic": {
                    "edges": [
                        {
                            "destination": 0,
                            "relation": "amod",
                            "source": 2
                        },
                        {
                            "destination": 1,
                            "relation": "amod",
                            "source": 2
                        },
                        {
                            "destination": 4,
                            "relation": "appos",
                            "source": 2
                        },
                        {
                            "destination": 8,
                            "relation": "advmod",
                            "source": 9
                        },
                        {
                            "destination": 2,
                            "relation": "nsubj",
                            "source": 12
                        },
                        {
                            "destination": 6,
                            "relation": "cop",
                            "source": 12
                        },
                        {
                            "destination": 7,
                            "relation": "det",
                            "source": 12
                        },
                        {
                            "destination": 9,
                            "relation": "amod",
                            "source": 12
                        },
                        {
                            "destination": 10,
                            "relation": "amod",
                            "source": 12
                        },
                        {
                            "destination": 11,
                            "relation": "nn",
                            "source": 12
                        }
                    ],
                    "roots": [
                        12
                    ]
                },
                "stanford-collapsed": {
                    "edges": [
                        {
                            "destination": 0,
                            "relation": "amod",
                            "source": 2
                        },
                        {
                            "destination": 1,
                            "relation": "amod",
                            "source": 2
                        },
                        {
                            "destination": 4,
                            "relation": "appos",
                            "source": 2
                        },
                        {
                            "destination": 8,
                            "relation": "advmod",
                            "source": 9
                        },
                        {
                            "destination": 2,
                            "relation": "nsubj",
                            "source": 12
                        },
                        {
                            "destination": 6,
                            "relation": "cop",
                            "source": 12
                        },
                        {
                            "destination": 7,
                            "relation": "det",
                            "source": 12
                        },
                        {
                            "destination": 9,
                            "relation": "amod",
                            "source": 12
                        },
                        {
                            "destination": 10,
                            "relation": "amod",
                            "source": 12
                        },
                        {
                            "destination": 11,
                            "relation": "nn",
                            "source": 12
                        }
                    ],
                    "roots": [
                        12
                    ]
                }
            },
            "lemmas": [
                "inflammatory",
                "myofibroblastic",
                "tumor",
                "(",
                "IMT",
                ")",
                "be",
                "a",
                "relatively",
                "rare",
                "soft",
                "tissue",
                "tumor",
                "."
            ],
            "startOffsets": [
                0,
                13,
                29,
                35,
                36,
                39,
                41,
                44,
                46,
                57,
                62,
                67,
                74,
                79
            ],
            "tags": [
                "JJ",
                "JJ",
                "NN",
                "-LRB-",
                "NNP",
                "-RRB-",
                "VBZ",
                "DT",
                "RB",
                "JJ",
                "JJ",
                "NN",
                "NN",
                "."
            ],
            "words": [
                "Inflammatory",
                "myofibroblastic",
                "tumor",
                "(",
                "IMT",
                ")",
                "is",
                "a",
                "relatively",
                "rare",
                "soft",
                "tissue",
                "tumor",
                "."
            ]
        },
        {
            "endOffsets": [
                85,
                94,
                101,
                112,
                125,
                128,
                133,
                139,
                142,
                153,
                154
            ],
            "entities": [
                "O",
                "O",
                "O",
                "O",
                "O",
                "O",
                "O",
                "O",
                "O",
                "O",
                "O"
            ],
            "graphs": {
                "stanford-basic": {
                    "edges": [
                        {
                            "destination": 0,
                            "relation": "det",
                            "source": 1
                        },
                        {
                            "destination": 2,
                            "relation": "prep",
                            "source": 1
                        },
                        {
                            "destination": 4,
                            "relation": "pobj",
                            "source": 2
                        },
                        {
                            "destination": 3,
                            "relation": "amod",
                            "source": 4
                        },
                        {
                            "destination": 5,
                            "relation": "prep",
                            "source": 4
                        },
                        {
                            "destination": 7,
                            "relation": "pobj",
                            "source": 5
                        },
                        {
                            "destination": 6,
                            "relation": "det",
                            "source": 7
                        },
                        {
                            "destination": 1,
                            "relation": "nsubj",
                            "source": 9
                        },
                        {
                            "destination": 8,
                            "relation": "cop",
                            "source": 9
                        }
                    ],
                    "roots": [
                        9
                    ]
                },
                "stanford-collapsed": {
                    "edges": [
                        {
                            "destination": 0,
                            "relation": "det",
                            "source": 1
                        },
                        {
                            "destination": 2,
                            "relation": "prep",
                            "source": 1
                        },
                        {
                            "destination": 4,
                            "relation": "pobj",
                            "source": 2
                        },
                        {
                            "destination": 3,
                            "relation": "amod",
                            "source": 4
                        },
                        {
                            "destination": 7,
                            "relation": "prep_of",
                            "source": 4
                        },
                        {
                            "destination": 6,
                            "relation": "det",
                            "source": 7
                        },
                        {
                            "destination": 1,
                            "relation": "nsubj",
                            "source": 9
                        },
                        {
                            "destination": 8,
                            "relation": "cop",
                            "source": 9
                        }
                    ],
                    "roots": [
                        9
                    ]
                }
            },
            "lemmas": [
                "the",
                "reactive",
                "versus",
                "neoplastic",
                "pathogenesis",
                "of",
                "this",
                "tumor",
                "be",
                "unresolved",
                "."
            ],
            "startOffsets": [
                82,
                86,
                95,
                102,
                113,
                126,
                129,
                134,
                140,
                143,
                153
            ],
            "tags": [
                "DT",
                "JJ",
                "CC",
                "JJ",
                "NN",
                "IN",
                "DT",
                "NN",
                "VBZ",
                "JJ",
                "."
            ],
            "words": [
                "The",
                "reactive",
                "versus",
                "neoplastic",
                "pathogenesis",
                "of",
                "this",
                "tumor",
                "is",
                "unresolved",
                "."
            ]
        },
        {
            "endOffsets": [
                157,
                163,
                170,
                181,
                193,
                203,
                208,
                213,
                223,
                232,
                235,
                239,
                244,
                245
            ],
            "entities": [
                "O",
                "O",
                "O",
                "B-Cellular_component",
                "O",
                "O",
                "B-Gene_or_gene_product",
                "O",
                "O",
                "O",
                "O",
                "O",
                "O",
                "O"
            ],
            "graphs": {
                "stanford-basic": {
                    "edges": [
                        {
                            "destination": 0,
                            "relation": "nsubj",
                            "source": 1
                        },
                        {
                            "destination": 4,
                            "relation": "dobj",
                            "source": 1
                        },
                        {
                            "destination": 5,
                            "relation": "xcomp",
                            "source": 1
                        },
                        {
                            "destination": 2,
                            "relation": "amod",
                            "source": 4
                        },
                        {
                            "destination": 3,
                            "relation": "nn",
                            "source": 4
                        },
                        {
                            "destination": 6,
                            "relation": "dobj",
                            "source": 5
                        },
                        {
                            "destination": 7,
                            "relation": "prep",
                            "source": 5
                        },
                        {
                            "destination": 9,
                            "relation": "pobj",
                            "source": 7
                        },
                        {
                            "destination": 8,
                            "relation": "nn",
                            "source": 9
                        },
                        {
                            "destination": 10,
                            "relation": "prep",
                            "source": 9
                        },
                        {
                            "destination": 12,
                            "relation": "pobj",
                            "source": 10
                        },
                        {
                            "destination": 11,
                            "relation": "num",
                            "source": 12
                        }
                    ],
                    "roots": [
                        1
                    ]
                },
                "stanford-collapsed": {
                    "edges": [
                        {
                            "destination": 0,
                            "relation": "nsubj",
                            "source": 1
                        },
                        {
                            "destination": 4,
                            "relation": "dobj",
                            "source": 1
                        },
                        {
                            "destination": 5,
                            "relation": "xcomp",
                            "source": 1
                        },
                        {
                            "destination": 2,
                            "relation": "amod",
                            "source": 4
                        },
                        {
                            "destination": 3,
                            "relation": "nn",
                            "source": 4
                        },
                        {
                            "destination": 6,
                            "relation": "dobj",
                            "source": 5
                        },
                        {
                            "destination": 9,
                            "relation": "prep_upon",
                            "source": 5
                        },
                        {
                            "destination": 8,
                            "relation": "nn",
                            "source": 9
                        },
                        {
                            "destination": 12,
                            "relation": "prep_of",
                            "source": 9
                        },
                        {
                            "destination": 11,
                            "relation": "num",
                            "source": 12
                        }
                    ],
                    "roots": [
                        1
                    ]
                }
            },
            "lemmas": [
                "we",
                "find",
                "clonal",
                "chromosome",
                "aberration",
                "involve",
                "2p23",
                "upon",
                "metaphase",
                "analysis",
                "of",
                "two",
                "imt",
                "."
            ],
            "startOffsets": [
                155,
                158,
                164,
                171,
                182,
                194,
                204,
                209,
                214,
                224,
                233,
                236,
                240,
                244
            ],
            "tags": [
                "PRP",
                "VBD",
                "JJ",
                "NN",
                "NNS",
                "VBG",
                "NN",
                "IN",
                "NN",
                "NN",
                "IN",
                "CD",
                "NNS",
                "."
            ],
            "words": [
                "We",
                "found",
                "clonal",
                "chromosome",
                "aberrations",
                "involving",
                "2p23",
                "upon",
                "metaphase",
                "analysis",
                "of",
                "two",
                "IMTs",
                "."
            ]
        },
        {
            "endOffsets": [
                258,
                261,
                266,
                280,
                285,
                287,
                293,
                302,
                306,
                310,
                315,
                318,
                323,
                336,
                350,
                353,
                357,
                363,
                366,
                371,
                374,
                380,
                386,
                390,
                393,
                395,
                401,
                406,
                407,
                411,
                432,
                441,
                445,
                456,
                459,
                463,
                469,
                475,
                476
            ],
            "entities": [
                "O",
                "O",
                "O",
                "O",
                "O",
                "O",
                "O",
                "O",
                "O",
                "B-Gene_or_gene_product",
                "O",
                "O",
                "O",
                "O",
                "O",
                "O",
                "O",
                "O",
                "O",
                "O",
                "O",
                "O",
                "O",
                "O",
                "O",
                "O",
                "O",
                "O",
                "O",
                "O",
                "O",
                "O",
                "B-Gene_or_gene_product",
                "O",
                "O",
                "O",
                "O",
                "O",
                "O"
            ],
            "graphs": {
                "stanford-basic": {
                    "edges": [
                        {
                            "destination": 3,
                            "relation": "rcmod",
                            "source": 0
                        },
                        {
                            "destination": 7,
                            "relation": "vmod",
                            "source": 0
                        },
                        {
                            "destination": 1,
                            "relation": "nn",
                            "source": 2
                        },
                        {
                            "destination": 2,
                            "relation": "advmod",
                            "source": 3
                        },
                        {
                            "destination": 4,
                            "relation": "prep",
                            "source": 3
                        },
                        {
                            "destination": 6,
                            "relation": "pobj",
                            "source": 4
                        },
                        {
                            "destination": 5,
                            "relation": "det",
                            "source": 6
                        },
                        {
                            "destination": 10,
                            "relation": "dobj",
                            "source": 7
                        },
                        {
                            "destination": 11,
                            "relation": "prep",
                            "source": 7
                        },
                        {
                            "destination": 8,
                            "relation": "det",
                            "source": 10
                        },
                        {
                            "destination": 9,
                            "relation": "nn",
                            "source": 10
                        },
                        {
                            "destination": 12,
                            "relation": "pobj",
                            "source": 11
                        },
                        {
                            "destination": 31,
                            "relation": "conj",
                            "source": 13
                        },
                        {
                            "destination": 0,
                            "relation": "nsubj",
                            "source": 13
                        },
                        {
                            "destination": 18,
                            "relation": "prep",
                            "source": 13
                        },
                        {
                            "destination": 29,
                            "relation": "cc",
                            "source": 13
                        },
                        {
                            "destination": 14,
                            "relation": "dobj",
                            "source": 13
                        },
                        {
                            "destination": 15,
                            "relation": "prep",
                            "source": 14
                        },
                        {
                            "destination": 17,
                            "relation": "pobj",
                            "source": 15
                        },
                        {
                            "destination": 16,
                            "relation": "det",
                            "source": 17
                        },
                        {
                            "destination": 19,
                            "relation": "pobj",
                            "source": 18
                        },
                        {
                            "destination": 23,
                            "relation": "cc",
                            "source": 18
                        },
                        {
                            "destination": 24,
                            "relation": "conj",
                            "source": 18
                        },
                        {
                            "destination": 20,
                            "relation": "prep",
                            "source": 19
                        },
                        {
                            "destination": 22,
                            "relation": "pobj",
                            "source": 20
                        },
                        {
                            "destination": 21,
                            "relation": "det",
                            "source": 22
                        },
                        {
                            "destination": 27,
                            "relation": "pobj",
                            "source": 24
                        },
                        {
                            "destination": 25,
                            "relation": "det",
                            "source": 27
                        },
                        {
                            "destination": 26,
                            "relation": "amod",
                            "source": 27
                        },
                        {
                            "destination": 33,
                            "relation": "dobj",
                            "source": 31
                        },
                        {
                            "destination": 34,
                            "relation": "prep",
                            "source": 31
                        },
                        {
                            "destination": 30,
                            "relation": "nsubj",
                            "source": 31
                        },
                        {
                            "destination": 32,
                            "relation": "nn",
                            "source": 33
                        },
                        {
                            "destination": 37,
                            "relation": "pobj",
                            "source": 34
                        },
                        {
                            "destination": 35,
                            "relation": "det",
                            "source": 37
                        },
                        {
                            "destination": 36,
                            "relation": "num",
                            "source": 37
                        }
                    ],
                    "roots": [
                        13
                    ]
                },
                "stanford-collapsed": {
                    "edges": [
                        {
                            "destination": 3,
                            "relation": "rcmod",
                            "source": 0
                        },
                        {
                            "destination": 7,
                            "relation": "vmod",
                            "source": 0
                        },
                        {
                            "destination": 1,
                            "relation": "nn",
                            "source": 2
                        },
                        {
                            "destination": 2,
                            "relation": "advmod",
                            "source": 3
                        },
                        {
                            "destination": 6,
                            "relation": "prep_with",
                            "source": 3
                        },
                        {
                            "destination": 5,
                            "relation": "det",
                            "source": 6
                        },
                        {
                            "destination": 10,
                            "relation": "dobj",
                            "source": 7
                        },
                        {
                            "destination": 12,
                            "relation": "prep_at",
                            "source": 7
                        },
                        {
                            "destination": 8,
                            "relation": "det",
                            "source": 10
                        },
                        {
                            "destination": 9,
                            "relation": "nn",
                            "source": 10
                        },
                        {
                            "destination": 31,
                            "relation": "conj_and",
                            "source": 13
                        },
                        {
                            "destination": 0,
                            "relation": "nsubj",
                            "source": 13
                        },
                        {
                            "destination": 19,
                            "relation": "prep_in",
                            "source": 13
                        },
                        {
                            "destination": 27,
                            "relation": "prep_in",
                            "source": 13
                        },
                        {
                            "destination": 14,
                            "relation": "dobj",
                            "source": 13
                        },
                        {
                            "destination": 17,
                            "relation": "prep_of",
                            "source": 14
                        },
                        {
                            "destination": 16,
                            "relation": "det",
                            "source": 17
                        },
                        {
                            "destination": 22,
                            "relation": "prep_of",
                            "source": 19
                        },
                        {
                            "destination": 27,
                            "relation": "conj_and",
                            "source": 19
                        },
                        {
                            "destination": 21,
                            "relation": "det",
                            "source": 22
                        },
                        {
                            "destination": 25,
                            "relation": "det",
                            "source": 27
                        },
                        {
                            "destination": 26,
                            "relation": "amod",
                            "source": 27
                        },
                        {
                            "destination": 33,
                            "relation": "dobj",
                            "source": 31
                        },
                        {
                            "destination": 37,
                            "relation": "prep_in",
                            "source": 31
                        },
                        {
                            "destination": 30,
                            "relation": "nsubj",
                            "source": 31
                        },
                        {
                            "destination": 32,
                            "relation": "nn",
                            "source": 33
                        },
                        {
                            "destination": 35,
                            "relation": "det",
                            "source": 37
                        },
                        {
                            "destination": 36,
                            "relation": "num",
                            "source": 37
                        }
                    ],
                    "roots": [
                        13
                    ]
                }
            },
            "lemmas": [
                "fluorescence",
                "in",
                "situ",
                "hybridization",
                "with",
                "a",
                "probe",
                "flank",
                "the",
                "alk",
                "gene",
                "at",
                "2p23",
                "demonstrate",
                "rearrangement",
                "of",
                "the",
                "probe",
                "in",
                "both",
                "of",
                "these",
                "case",
                "and",
                "in",
                "a",
                "third",
                "case",
                ",",
                "and",
                "immunohistochemistry",
                "reveal",
                "alk",
                "expression",
                "in",
                "all",
                "three",
                "case",
                "."
            ],
            "startOffsets": [
                246,
                259,
                262,
                267,
                281,
                286,
                288,
                294,
                303,
                307,
                311,
                316,
                319,
                324,
                337,
                351,
                354,
                358,
                364,
                367,
                372,
                375,
                381,
                387,
                391,
                394,
                396,
                402,
                406,
                408,
                412,
                433,
                442,
                446,
                457,
                460,
                464,
                470,
                475
            ],
            "tags": [
                "NN",
                "FW",
                "FW",
                "NN",
                "IN",
                "DT",
                "NN",
                "VBG",
                "DT",
                "NN",
                "NN",
                "IN",
                "CD",
                "VBD",
                "NN",
                "IN",
                "DT",
                "NN",
                "IN",
                "DT",
                "IN",
                "DT",
                "NNS",
                "CC",
                "IN",
                "DT",
                "JJ",
                "NN",
                ",",
                "CC",
                "NN",
                "VBD",
                "NN",
                "NN",
                "IN",
                "DT",
                "CD",
                "NNS",
                "."
            ],
            "words": [
                "Fluorescence",
                "in",
                "situ",
                "hybridization",
                "with",
                "a",
                "probe",
                "flanking",
                "the",
                "ALK",
                "gene",
                "at",
                "2p23",
                "demonstrated",
                "rearrangement",
                "of",
                "the",
                "probe",
                "in",
                "both",
                "of",
                "these",
                "cases",
                "and",
                "in",
                "a",
                "third",
                "case",
                ",",
                "and",
                "immunohistochemistry",
                "revealed",
                "ALK",
                "expression",
                "in",
                "all",
                "three",
                "cases",
                "."
            ]
        },
        {
            "endOffsets": [
                484,
                496,
                500,
                505,
                514,
                525,
                528,
                533,
                544,
                550,
                553,
                557,
                558
            ],
            "entities": [
                "O",
                "O",
                "O",
                "O",
                "O",
                "O",
                "O",
                "O",
                "O",
                "O",
                "O",
                "B-Gene_or_gene_product",
                "O"
            ],
            "graphs": {
                "stanford-basic": {
                    "edges": [
                        {
                            "destination": 0,
                            "relation": "nn",
                            "source": 1
                        },
                        {
                            "destination": 1,
                            "relation": "nsubjpass",
                            "source": 4
                        },
                        {
                            "destination": 2,
                            "relation": "aux",
                            "source": 4
                        },
                        {
                            "destination": 3,
                            "relation": "auxpass",
                            "source": 4
                        },
                        {
                            "destination": 5,
                            "relation": "advmod",
                            "source": 4
                        },
                        {
                            "destination": 6,
                            "relation": "prep",
                            "source": 4
                        },
                        {
                            "destination": 9,
                            "relation": "pobj",
                            "source": 6
                        },
                        {
                            "destination": 7,
                            "relation": "num",
                            "source": 9
                        },
                        {
                            "destination": 8,
                            "relation": "amod",
                            "source": 9
                        },
                        {
                            "destination": 10,
                            "relation": "prep",
                            "source": 9
                        },
                        {
                            "destination": 11,
                            "relation": "pobj",
                            "source": 10
                        }
                    ],
                    "roots": [
                        4
                    ]
                },
                "stanford-collapsed": {
                    "edges": [
                        {
                            "destination": 0,
                            "relation": "nn",
                            "source": 1
                        },
                        {
                            "destination": 1,
                            "relation": "nsubjpass",
                            "source": 4
                        },
                        {
                            "destination": 2,
                            "relation": "aux",
                            "source": 4
                        },
                        {
                            "destination": 3,
                            "relation": "auxpass",
                            "source": 4
                        },
                        {
                            "destination": 5,
                            "relation": "advmod",
                            "source": 4
                        },
                        {
                            "destination": 9,
                            "relation": "prep_in",
                            "source": 4
                        },
                        {
                            "destination": 7,
                            "relation": "num",
                            "source": 9
                        },
                        {
                            "destination": 8,
                            "relation": "amod",
                            "source": 9
                        },
                        {
                            "destination": 11,
                            "relation": "prep_of",
                            "source": 9
                        }
                    ],
                    "roots": [
                        4
                    ]
                }
            },
            "lemmas": [
                "2p22-24",
                "involvement",
                "have",
                "be",
                "report",
                "previously",
                "in",
                "four",
                "additional",
                "case",
                "of",
                "IMT",
                "."
            ],
            "startOffsets": [
                477,
                485,
                497,
                501,
                506,
                515,
                526,
                529,
                534,
                545,
                551,
                554,
                557
            ],
            "tags": [
                "NNP",
                "NN",
                "VBZ",
                "VBN",
                "VBN",
                "RB",
                "IN",
                "CD",
                "JJ",
                "NNS",
                "IN",
                "NNP",
                "."
            ],
            "words": [
                "2p22-24",
                "involvement",
                "has",
                "been",
                "reported",
                "previously",
                "in",
                "four",
                "additional",
                "cases",
                "of",
                "IMT",
                "."
            ]
        },
        {
            "endOffsets": [
                561,
                569,
                574,
                586,
                601,
                611,
                616,
                621,
                624,
                631,
                635,
                639,
                650,
                662,
                665,
                669,
                673,
                678,
                682,
                686,
                691,
                693,
                699,
                704,
                712,
                716,
                727,
                738,
                744,
                747,
                756,
                766,
                767
            ],
            "entities": [
                "O",
                "O",
                "O",
                "O",
                "O",
                "O",
                "O",
                "O",
                "O",
                "O",
                "B-Gene_or_gene_product",
                "O",
                "O",
                "O",
                "O",
                "O",
                "O",
                "O",
                "B-Gene_or_gene_product",
                "O",
                "O",
                "O",
                "O",
                "O",
                "O",
                "O",
                "O",
                "O",
                "O",
                "O",
                "O",
                "O",
                "O"
            ],
            "graphs": {
                "stanford-basic": {
                    "edges": [
                        {
                            "destination": 0,
                            "relation": "nsubj",
                            "source": 1
                        },
                        {
                            "destination": 13,
                            "relation": "ccomp",
                            "source": 1
                        },
                        {
                            "destination": 3,
                            "relation": "amod",
                            "source": 4
                        },
                        {
                            "destination": 5,
                            "relation": "vmod",
                            "source": 4
                        },
                        {
                            "destination": 6,
                            "relation": "dobj",
                            "source": 5
                        },
                        {
                            "destination": 7,
                            "relation": "prep",
                            "source": 5
                        },
                        {
                            "destination": 8,
                            "relation": "cc",
                            "source": 7
                        },
                        {
                            "destination": 9,
                            "relation": "conj",
                            "source": 7
                        },
                        {
                            "destination": 10,
                            "relation": "pobj",
                            "source": 7
                        },
                        {
                            "destination": 16,
                            "relation": "cc",
                            "source": 13
                        },
                        {
                            "destination": 2,
                            "relation": "mark",
                            "source": 13
                        },
                        {
                            "destination": 4,
                            "relation": "nsubj",
                            "source": 13
                        },
                        {
                            "destination": 20,
                            "relation": "conj",
                            "source": 13
                        },
                        {
                            "destination": 11,
                            "relation": "cop",
                            "source": 13
                        },
                        {
                            "destination": 12,
                            "relation": "amod",
                            "source": 13
                        },
                        {
                            "destination": 14,
                            "relation": "prep",
                            "source": 13
                        },
                        {
                            "destination": 15,
                            "relation": "pobj",
                            "source": 14
                        },
                        {
                            "destination": 17,
                            "relation": "mark",
                            "source": 20
                        },
                        {
                            "destination": 18,
                            "relation": "nsubj",
                            "source": 20
                        },
                        {
                            "destination": 19,
                            "relation": "aux",
                            "source": 20
                        },
                        {
                            "destination": 23,
                            "relation": "dobj",
                            "source": 20
                        },
                        {
                            "destination": 21,
                            "relation": "det",
                            "source": 23
                        },
                        {
                            "destination": 22,
                            "relation": "amod",
                            "source": 23
                        },
                        {
                            "destination": 24,
                            "relation": "prep",
                            "source": 23
                        },
                        {
                            "destination": 28,
                            "relation": "pobj",
                            "source": 24
                        },
                        {
                            "destination": 26,
                            "relation": "advmod",
                            "source": 27
                        },
                        {
                            "destination": 25,
                            "relation": "poss",
                            "source": 28
                        },
                        {
                            "destination": 27,
                            "relation": "amod",
                            "source": 28
                        },
                        {
                            "destination": 29,
                            "relation": "prep",
                            "source": 28
                        },
                        {
                            "destination": 31,
                            "relation": "pobj",
                            "source": 29
                        },
                        {
                            "destination": 30,
                            "relation": "amod",
                            "source": 31
                        }
                    ],
                    "roots": [
                        1
                    ]
                },
                "stanford-collapsed": {
                    "edges": [
                        {
                            "destination": 0,
                            "relation": "nsubj",
                            "source": 1
                        },
                        {
                            "destination": 20,
                            "relation": "ccomp",
                            "source": 1
                        },
                        {
                            "destination": 13,
                            "relation": "ccomp",
                            "source": 1
                        },
                        {
                            "destination": 3,
                            "relation": "amod",
                            "source": 4
                        },
                        {
                            "destination": 5,
                            "relation": "vmod",
                            "source": 4
                        },
                        {
                            "destination": 5,
                            "relation": "vmod",
                            "source": 4
                        },
                        {
                            "destination": 5,
                            "relation": "conj_or",
                            "source": 5
                        },
                        {
                            "destination": 6,
                            "relation": "dobj",
                            "source": 5
                        },
                        {
                            "destination": 10,
                            "relation": "prep_near",
                            "source": 5
                        },
                        {
                            "destination": 10,
                            "relation": "prep_within",
                            "source": 5
                        },
                        {
                            "destination": 15,
                            "relation": "prep_in",
                            "source": 13
                        },
                        {
                            "destination": 2,
                            "relation": "mark",
                            "source": 13
                        },
                        {
                            "destination": 4,
                            "relation": "nsubj",
                            "source": 13
                        },
                        {
                            "destination": 20,
                            "relation": "conj_and",
                            "source": 13
                        },
                        {
                            "destination": 11,
                            "relation": "cop",
                            "source": 13
                        },
                        {
                            "destination": 12,
                            "relation": "amod",
                            "source": 13
                        },
                        {
                            "destination": 17,
                            "relation": "mark",
                            "source": 20
                        },
                        {
                            "destination": 18,
                            "relation": "nsubj",
                            "source": 20
                        },
                        {
                            "destination": 19,
                            "relation": "aux",
                            "source": 20
                        },
                        {
                            "destination": 23,
                            "relation": "dobj",
                            "source": 20
                        },
                        {
                            "destination": 21,
                            "relation": "det",
                            "source": 23
                        },
                        {
                            "destination": 22,
                            "relation": "amod",
                            "source": 23
                        },
                        {
                            "destination": 28,
                            "relation": "prep_outside",
                            "source": 23
                        },
                        {
                            "destination": 26,
                            "relation": "advmod",
                            "source": 27
                        },
                        {
                            "destination": 31,
                            "relation": "prep_of",
                            "source": 28
                        },
                        {
                            "destination": 25,
                            "relation": "poss",
                            "source": 28
                        },
                        {
                            "destination": 27,
                            "relation": "amod",
                            "source": 28
                        },
                        {
                            "destination": 30,
                            "relation": "amod",
                            "source": 31
                        }
                    ],
                    "roots": [
                        1
                    ]
                }
            },
            "lemmas": [
                "we",
                "suggest",
                "that",
                "chromosomal",
                "rearrangement",
                "involve",
                "2p23",
                "near",
                "or",
                "within",
                "ALK",
                "be",
                "recurrent",
                "alteration",
                "in",
                "IMT",
                "and",
                "that",
                "alk",
                "may",
                "have",
                "a",
                "novel",
                "role",
                "outside",
                "its",
                "previously",
                "recognize",
                "realm",
                "of",
                "lymphoid",
                "neoplasm",
                "."
            ],
            "startOffsets": [
                559,
                562,
                570,
                575,
                587,
                602,
                612,
                617,
                622,
                625,
                632,
                636,
                641,
                651,
                663,
                666,
                670,
                674,
                679,
                683,
                687,
                692,
                694,
                700,
                705,
                713,
                717,
                728,
                739,
                745,
                748,
                757,
                766
            ],
            "tags": [
                "PRP",
                "VBP",
                "IN",
                "JJ",
                "NNS",
                "VBG",
                "NN",
                "IN",
                "CC",
                "IN",
                "NNP",
                "VBP",
                "JJ",
                "NNS",
                "IN",
                "NNP",
                "CC",
                "IN",
                "NN",
                "MD",
                "VB",
                "DT",
                "JJ",
                "NN",
                "IN",
                "PRP$",
                "RB",
                "VBN",
                "NN",
                "IN",
                "JJ",
                "NNS",
                "."
            ],
            "words": [
                "We",
                "suggest",
                "that",
                "chromosomal",
                "rearrangements",
                "involving",
                "2p23",
                "near",
                "or",
                "within",
                "ALK",
                "are",
                "recurrent",
                "alterations",
                "in",
                "IMT",
                "and",
                "that",
                "ALK",
                "may",
                "have",
                "a",
                "novel",
                "role",
                "outside",
                "its",
                "previously",
                "recognized",
                "realm",
                "of",
                "lymphoid",
                "neoplasms",
                "."
            ]
        }
    ],
    "text": "Inflammatory myofibroblastic tumor (IMT) is a relatively rare soft tissue tumor. \nThe reactive versus neoplastic pathogenesis of this tumor is unresolved. We found\nclonal chromosome aberrations involving 2p23 upon metaphase analysis of two IMTs.\nFluorescence in situ hybridization with a probe flanking the ALK gene at 2p23\ndemonstrated rearrangement of the probe in both of these cases and in a third\ncase, and immunohistochemistry revealed ALK expression in all three cases.\n2p22-24 involvement has been reported previously in four additional cases of IMT.\nWe suggest that chromosomal rearrangements involving 2p23 near or within ALK are \nrecurrent alterations in IMT and that ALK may have a novel role outside its\npreviously recognized realm of lymphoid neoplasms."
}