{
    "id": "10617473",
    "sentences": [
        {
            "endOffsets": [
                3,
                9,
                14,
                22,
                26,
                32,
                40,
                43,
                47,
                53,
                58,
                62,
                68,
                71,
                82,
                90,
                91,
                97,
                108,
                111,
                120,
                123,
                127,
                134,
                143,
                152,
                159,
                164,
                172,
                173
            ],
            "entities": [
                "O",
                "B-Gene_or_gene_product",
                "I-Gene_or_gene_product",
                "O",
                "O",
                "B-Species",
                "O",
                "O",
                "O",
                "B-Species",
                "B-Gene_or_gene_product",
                "O",
                "B-Gene_or_gene_product",
                "B-Gene_or_gene_product",
                "O",
                "O",
                "O",
                "O",
                "O",
                "O",
                "O",
                "O",
                "B-BioProcess",
                "I-BioProcess",
                "O",
                "O",
                "O",
                "O",
                "B-BioProcess",
                "O"
            ],
            "graphs": {
                "stanford-basic": {
                    "edges": [
                        {
                            "destination": 0,
                            "relation": "det",
                            "source": 2
                        },
                        {
                            "destination": 1,
                            "relation": "nn",
                            "source": 2
                        },
                        {
                            "destination": 2,
                            "relation": "nsubj",
                            "source": 3
                        },
                        {
                            "destination": 6,
                            "relation": "dobj",
                            "source": 3
                        },
                        {
                            "destination": 15,
                            "relation": "conj",
                            "source": 6
                        },
                        {
                            "destination": 4,
                            "relation": "det",
                            "source": 6
                        },
                        {
                            "destination": 5,
                            "relation": "nn",
                            "source": 6
                        },
                        {
                            "destination": 7,
                            "relation": "prep",
                            "source": 6
                        },
                        {
                            "destination": 11,
                            "relation": "cc",
                            "source": 6
                        },
                        {
                            "destination": 10,
                            "relation": "pobj",
                            "source": 7
                        },
                        {
                            "destination": 8,
                            "relation": "det",
                            "source": 10
                        },
                        {
                            "destination": 9,
                            "relation": "nn",
                            "source": 10
                        },
                        {
                            "destination": 24,
                            "relation": "rcmod",
                            "source": 15
                        },
                        {
                            "destination": 12,
                            "relation": "nn",
                            "source": 15
                        },
                        {
                            "destination": 13,
                            "relation": "nn",
                            "source": 15
                        },
                        {
                            "destination": 14,
                            "relation": "nn",
                            "source": 15
                        },
                        {
                            "destination": 17,
                            "relation": "poss",
                            "source": 18
                        },
                        {
                            "destination": 19,
                            "relation": "prep",
                            "source": 18
                        },
                        {
                            "destination": 20,
                            "relation": "pobj",
                            "source": 19
                        },
                        {
                            "destination": 21,
                            "relation": "prep",
                            "source": 20
                        },
                        {
                            "destination": 23,
                            "relation": "pobj",
                            "source": 21
                        },
                        {
                            "destination": 22,
                            "relation": "nn",
                            "source": 23
                        },
                        {
                            "destination": 18,
                            "relation": "nsubj",
                            "source": 24
                        },
                        {
                            "destination": 26,
                            "relation": "dobj",
                            "source": 24
                        },
                        {
                            "destination": 27,
                            "relation": "prep",
                            "source": 24
                        },
                        {
                            "destination": 25,
                            "relation": "amod",
                            "source": 26
                        },
                        {
                            "destination": 28,
                            "relation": "pobj",
                            "source": 27
                        }
                    ],
                    "roots": [
                        3
                    ]
                },
                "stanford-collapsed": {
                    "edges": [
                        {
                            "destination": 0,
                            "relation": "det",
                            "source": 2
                        },
                        {
                            "destination": 1,
                            "relation": "nn",
                            "source": 2
                        },
                        {
                            "destination": 15,
                            "relation": "dobj",
                            "source": 3
                        },
                        {
                            "destination": 2,
                            "relation": "nsubj",
                            "source": 3
                        },
                        {
                            "destination": 6,
                            "relation": "dobj",
                            "source": 3
                        },
                        {
                            "destination": 15,
                            "relation": "conj_and",
                            "source": 6
                        },
                        {
                            "destination": 4,
                            "relation": "det",
                            "source": 6
                        },
                        {
                            "destination": 5,
                            "relation": "nn",
                            "source": 6
                        },
                        {
                            "destination": 10,
                            "relation": "prep_of",
                            "source": 6
                        },
                        {
                            "destination": 8,
                            "relation": "det",
                            "source": 10
                        },
                        {
                            "destination": 9,
                            "relation": "nn",
                            "source": 10
                        },
                        {
                            "destination": 24,
                            "relation": "rcmod",
                            "source": 15
                        },
                        {
                            "destination": 12,
                            "relation": "nn",
                            "source": 15
                        },
                        {
                            "destination": 13,
                            "relation": "nn",
                            "source": 15
                        },
                        {
                            "destination": 14,
                            "relation": "nn",
                            "source": 15
                        },
                        {
                            "destination": 17,
                            "relation": "poss",
                            "source": 18
                        },
                        {
                            "destination": 20,
                            "relation": "prep_in",
                            "source": 18
                        },
                        {
                            "destination": 23,
                            "relation": "prep_to",
                            "source": 20
                        },
                        {
                            "destination": 22,
                            "relation": "nn",
                            "source": 23
                        },
                        {
                            "destination": 18,
                            "relation": "nsubj",
                            "source": 24
                        },
                        {
                            "destination": 26,
                            "relation": "dobj",
                            "source": 24
                        },
                        {
                            "destination": 28,
                            "relation": "prep_into",
                            "source": 24
                        },
                        {
                            "destination": 25,
                            "relation": "amod",
                            "source": 26
                        }
                    ],
                    "roots": [
                        3
                    ]
                }
            },
            "lemmas": [
                "the",
                "hchk2",
                "gene",
                "encode",
                "the",
                "human",
                "homolog",
                "of",
                "the",
                "yeast",
                "cds1",
                "and",
                "rad53",
                "g2",
                "checkpoint",
                "kinase",
                ",",
                "whose",
                "activation",
                "in",
                "response",
                "to",
                "dna",
                "damage",
                "prevent",
                "cellular",
                "entry",
                "into",
                "mitosis",
                "."
            ],
            "startOffsets": [
                0,
                4,
                10,
                15,
                23,
                27,
                33,
                41,
                44,
                48,
                54,
                59,
                63,
                69,
                72,
                83,
                90,
                92,
                98,
                109,
                112,
                121,
                124,
                128,
                135,
                144,
                154,
                160,
                165,
                172
            ],
            "tags": [
                "DT",
                "NN",
                "NN",
                "VBZ",
                "DT",
                "NN",
                "NN",
                "IN",
                "DT",
                "NN",
                "NN",
                "CC",
                "NN",
                "NN",
                "NN",
                "NNS",
                ",",
                "WP$",
                "NN",
                "IN",
                "NN",
                "TO",
                "NN",
                "NN",
                "VBZ",
                "JJ",
                "NN",
                "IN",
                "NN",
                "."
            ],
            "words": [
                "The",
                "hCHK2",
                "gene",
                "encodes",
                "the",
                "human",
                "homolog",
                "of",
                "the",
                "yeast",
                "Cds1",
                "and",
                "Rad53",
                "G2",
                "checkpoint",
                "kinases",
                ",",
                "whose",
                "activation",
                "in",
                "response",
                "to",
                "DNA",
                "damage",
                "prevents",
                "cellular",
                "entry",
                "into",
                "mitosis",
                "."
            ]
        },
        {
            "endOffsets": [
                178,
                179,
                182,
                185,
                191,
                196,
                209,
                214,
                219,
                229,
                232,
                238,
                244,
                247,
                259,
                268,
                269,
                271,
                278,
                288,
                297,
                304,
                314,
                322,
                333,
                338,
                348,
                358,
                361,
                365,
                370,
                375,
                376
            ],
            "entities": [
                "O",
                "O",
                "O",
                "O",
                "O",
                "O",
                "O",
                "B-TissueType",
                "O",
                "O",
                "O",
                "B-Gene_or_gene_product",
                "O",
                "O",
                "O",
                "O",
                "O",
                "O",
                "O",
                "O",
                "O",
                "O",
                "O",
                "O",
                "O",
                "O",
                "O",
                "O",
                "O",
                "O",
                "B-Gene_or_gene_product",
                "O",
                "O"
            ],
            "graphs": {
                "stanford-basic": {
                    "edges": [
                        {
                            "destination": 0,
                            "relation": "advmod",
                            "source": 4
                        },
                        {
                            "destination": 2,
                            "relation": "nsubjpass",
                            "source": 4
                        },
                        {
                            "destination": 3,
                            "relation": "auxpass",
                            "source": 4
                        },
                        {
                            "destination": 12,
                            "relation": "ccomp",
                            "source": 4
                        },
                        {
                            "destination": 6,
                            "relation": "amod",
                            "source": 9
                        },
                        {
                            "destination": 7,
                            "relation": "nn",
                            "source": 9
                        },
                        {
                            "destination": 8,
                            "relation": "nn",
                            "source": 9
                        },
                        {
                            "destination": 10,
                            "relation": "prep",
                            "source": 9
                        },
                        {
                            "destination": 11,
                            "relation": "pobj",
                            "source": 10
                        },
                        {
                            "destination": 5,
                            "relation": "mark",
                            "source": 12
                        },
                        {
                            "destination": 9,
                            "relation": "nsubj",
                            "source": 12
                        },
                        {
                            "destination": 13,
                            "relation": "prep",
                            "source": 12
                        },
                        {
                            "destination": 15,
                            "relation": "pobj",
                            "source": 13
                        },
                        {
                            "destination": 22,
                            "relation": "appos",
                            "source": 15
                        },
                        {
                            "destination": 14,
                            "relation": "amod",
                            "source": 15
                        },
                        {
                            "destination": 18,
                            "relation": "advmod",
                            "source": 19
                        },
                        {
                            "destination": 17,
                            "relation": "det",
                            "source": 22
                        },
                        {
                            "destination": 19,
                            "relation": "amod",
                            "source": 22
                        },
                        {
                            "destination": 20,
                            "relation": "amod",
                            "source": 22
                        },
                        {
                            "destination": 21,
                            "relation": "nn",
                            "source": 22
                        },
                        {
                            "destination": 24,
                            "relation": "vmod",
                            "source": 22
                        },
                        {
                            "destination": 23,
                            "relation": "advmod",
                            "source": 24
                        },
                        {
                            "destination": 25,
                            "relation": "prep",
                            "source": 24
                        },
                        {
                            "destination": 27,
                            "relation": "pobj",
                            "source": 25
                        },
                        {
                            "destination": 26,
                            "relation": "amod",
                            "source": 27
                        },
                        {
                            "destination": 28,
                            "relation": "prep",
                            "source": 27
                        },
                        {
                            "destination": 31,
                            "relation": "pobj",
                            "source": 28
                        },
                        {
                            "destination": 29,
                            "relation": "det",
                            "source": 31
                        },
                        {
                            "destination": 30,
                            "relation": "nn",
                            "source": 31
                        }
                    ],
                    "roots": [
                        4
                    ]
                },
                "stanford-collapsed": {
                    "edges": [
                        {
                            "destination": 0,
                            "relation": "advmod",
                            "source": 4
                        },
                        {
                            "destination": 2,
                            "relation": "nsubjpass",
                            "source": 4
                        },
                        {
                            "destination": 3,
                            "relation": "auxpass",
                            "source": 4
                        },
                        {
                            "destination": 12,
                            "relation": "ccomp",
                            "source": 4
                        },
                        {
                            "destination": 6,
                            "relation": "amod",
                            "source": 9
                        },
                        {
                            "destination": 7,
                            "relation": "nn",
                            "source": 9
                        },
                        {
                            "destination": 8,
                            "relation": "nn",
                            "source": 9
                        },
                        {
                            "destination": 11,
                            "relation": "prep_in",
                            "source": 9
                        },
                        {
                            "destination": 15,
                            "relation": "prep_in",
                            "source": 12
                        },
                        {
                            "destination": 5,
                            "relation": "mark",
                            "source": 12
                        },
                        {
                            "destination": 9,
                            "relation": "nsubj",
                            "source": 12
                        },
                        {
                            "destination": 22,
                            "relation": "appos",
                            "source": 15
                        },
                        {
                            "destination": 14,
                            "relation": "amod",
                            "source": 15
                        },
                        {
                            "destination": 18,
                            "relation": "advmod",
                            "source": 19
                        },
                        {
                            "destination": 17,
                            "relation": "det",
                            "source": 22
                        },
                        {
                            "destination": 19,
                            "relation": "amod",
                            "source": 22
                        },
                        {
                            "destination": 20,
                            "relation": "amod",
                            "source": 22
                        },
                        {
                            "destination": 21,
                            "relation": "nn",
                            "source": 22
                        },
                        {
                            "destination": 24,
                            "relation": "vmod",
                            "source": 22
                        },
                        {
                            "destination": 23,
                            "relation": "advmod",
                            "source": 24
                        },
                        {
                            "destination": 27,
                            "relation": "prep_with",
                            "source": 24
                        },
                        {
                            "destination": 31,
                            "relation": "prep_in",
                            "source": 27
                        },
                        {
                            "destination": 26,
                            "relation": "amod",
                            "source": 27
                        },
                        {
                            "destination": 29,
                            "relation": "det",
                            "source": 31
                        },
                        {
                            "destination": 30,
                            "relation": "nn",
                            "source": 31
                        }
                    ],
                    "roots": [
                        4
                    ]
                }
            },
            "lemmas": [
                "here",
                ",",
                "it",
                "be",
                "show",
                "that",
                "heterozygous",
                "germ",
                "line",
                "mutation",
                "in",
                "hchk2",
                "occur",
                "in",
                "li-fraumeni",
                "syndrome",
                ",",
                "a",
                "highly",
                "penetrant",
                "familial",
                "cancer",
                "phenotype",
                "usually",
                "associate",
                "with",
                "inherit",
                "mutation",
                "in",
                "the",
                "tp53",
                "gene",
                "."
            ],
            "startOffsets": [
                174,
                178,
                180,
                183,
                186,
                192,
                197,
                210,
                215,
                220,
                230,
                233,
                239,
                245,
                248,
                260,
                268,
                270,
                272,
                279,
                289,
                298,
                305,
                315,
                323,
                334,
                339,
                349,
                359,
                362,
                366,
                371,
                375
            ],
            "tags": [
                "RB",
                ",",
                "PRP",
                "VBZ",
                "VBN",
                "IN",
                "JJ",
                "NN",
                "NN",
                "NNS",
                "IN",
                "NN",
                "VBP",
                "IN",
                "JJ",
                "NN",
                ",",
                "DT",
                "RB",
                "JJ",
                "JJ",
                "NN",
                "NN",
                "RB",
                "VBN",
                "IN",
                "VBN",
                "NNS",
                "IN",
                "DT",
                "NN",
                "NN",
                "."
            ],
            "words": [
                "Here",
                ",",
                "it",
                "is",
                "shown",
                "that",
                "heterozygous",
                "germ",
                "line",
                "mutations",
                "in",
                "hCHK2",
                "occur",
                "in",
                "Li-Fraumeni",
                "syndrome",
                ",",
                "a",
                "highly",
                "penetrant",
                "familial",
                "cancer",
                "phenotype",
                "usually",
                "associated",
                "with",
                "inherited",
                "mutations",
                "in",
                "the",
                "TP53",
                "gene",
                "."
            ]
        },
        {
            "endOffsets": [
                382,
                395,
                404,
                409,
                415,
                418,
                420,
                426,
                437,
                442,
                453,
                468,
                471,
                479,
                480,
                487,
                494,
                495,
                499,
                505,
                512,
                513,
                517,
                522,
                527,
                535,
                537,
                542,
                550,
                554,
                562,
                567,
                570,
                574,
                587,
                590,
                596,
                603,
                607,
                611,
                616,
                624,
                627,
                638,
                641,
                647,
                648
            ],
            "entities": [
                "O",
                "O",
                "O",
                "O",
                "B-Gene_or_gene_product",
                "O",
                "O",
                "O",
                "O",
                "O",
                "O",
                "O",
                "O",
                "O",
                "O",
                "B-TissueType",
                "I-TissueType",
                "O",
                "O",
                "B-TissueType",
                "O",
                "O",
                "O",
                "O",
                "O",
                "O",
                "O",
                "O",
                "O",
                "O",
                "O",
                "O",
                "O",
                "B-Gene_or_gene_product",
                "O",
                "O",
                "B-Species",
                "O",
                "O",
                "O",
                "O",
                "O",
                "B-Gene_or_gene_product",
                "O",
                "O",
                "B-Species",
                "O"
            ],
            "graphs": {
                "stanford-basic": {
                    "edges": [
                        {
                            "destination": 0,
                            "relation": "det",
                            "source": 1
                        },
                        {
                            "destination": 1,
                            "relation": "nsubj",
                            "source": 2
                        },
                        {
                            "destination": 22,
                            "relation": "cc",
                            "source": 2
                        },
                        {
                            "destination": 9,
                            "relation": "ccomp",
                            "source": 2
                        },
                        {
                            "destination": 25,
                            "relation": "conj",
                            "source": 2
                        },
                        {
                            "destination": 3,
                            "relation": "mark",
                            "source": 9
                        },
                        {
                            "destination": 4,
                            "relation": "nsubj",
                            "source": 9
                        },
                        {
                            "destination": 5,
                            "relation": "cop",
                            "source": 9
                        },
                        {
                            "destination": 6,
                            "relation": "det",
                            "source": 9
                        },
                        {
                            "destination": 7,
                            "relation": "nn",
                            "source": 9
                        },
                        {
                            "destination": 8,
                            "relation": "nn",
                            "source": 9
                        },
                        {
                            "destination": 10,
                            "relation": "vmod",
                            "source": 9
                        },
                        {
                            "destination": 11,
                            "relation": "dobj",
                            "source": 10
                        },
                        {
                            "destination": 12,
                            "relation": "prep",
                            "source": 10
                        },
                        {
                            "destination": 13,
                            "relation": "pobj",
                            "source": 12
                        },
                        {
                            "destination": 16,
                            "relation": "conj",
                            "source": 13
                        },
                        {
                            "destination": 18,
                            "relation": "cc",
                            "source": 13
                        },
                        {
                            "destination": 20,
                            "relation": "conj",
                            "source": 13
                        },
                        {
                            "destination": 15,
                            "relation": "nn",
                            "source": 16
                        },
                        {
                            "destination": 19,
                            "relation": "nn",
                            "source": 20
                        },
                        {
                            "destination": 23,
                            "relation": "nsubj",
                            "source": 25
                        },
                        {
                            "destination": 24,
                            "relation": "advmod",
                            "source": 25
                        },
                        {
                            "destination": 27,
                            "relation": "dobj",
                            "source": 25
                        },
                        {
                            "destination": 26,
                            "relation": "det",
                            "source": 27
                        },
                        {
                            "destination": 28,
                            "relation": "prep",
                            "source": 27
                        },
                        {
                            "destination": 31,
                            "relation": "pobj",
                            "source": 28
                        },
                        {
                            "destination": 32,
                            "relation": "prep",
                            "source": 31
                        },
                        {
                            "destination": 38,
                            "relation": "cc",
                            "source": 31
                        },
                        {
                            "destination": 43,
                            "relation": "conj",
                            "source": 31
                        },
                        {
                            "destination": 29,
                            "relation": "det",
                            "source": 31
                        },
                        {
                            "destination": 30,
                            "relation": "amod",
                            "source": 31
                        },
                        {
                            "destination": 34,
                            "relation": "pobj",
                            "source": 32
                        },
                        {
                            "destination": 33,
                            "relation": "nn",
                            "source": 34
                        },
                        {
                            "destination": 35,
                            "relation": "prep",
                            "source": 34
                        },
                        {
                            "destination": 37,
                            "relation": "pobj",
                            "source": 35
                        },
                        {
                            "destination": 36,
                            "relation": "nn",
                            "source": 37
                        },
                        {
                            "destination": 39,
                            "relation": "det",
                            "source": 43
                        },
                        {
                            "destination": 40,
                            "relation": "advmod",
                            "source": 43
                        },
                        {
                            "destination": 41,
                            "relation": "amod",
                            "source": 43
                        },
                        {
                            "destination": 42,
                            "relation": "nn",
                            "source": 43
                        },
                        {
                            "destination": 44,
                            "relation": "prep",
                            "source": 43
                        },
                        {
                            "destination": 45,
                            "relation": "pobj",
                            "source": 44
                        }
                    ],
                    "roots": [
                        2
                    ]
                },
                "stanford-collapsed": {
                    "edges": [
                        {
                            "destination": 0,
                            "relation": "det",
                            "source": 1
                        },
                        {
                            "destination": 1,
                            "relation": "nsubj",
                            "source": 2
                        },
                        {
                            "destination": 9,
                            "relation": "ccomp",
                            "source": 2
                        },
                        {
                            "destination": 25,
                            "relation": "conj_and",
                            "source": 2
                        },
                        {
                            "destination": 3,
                            "relation": "mark",
                            "source": 9
                        },
                        {
                            "destination": 4,
                            "relation": "nsubj",
                            "source": 9
                        },
                        {
                            "destination": 5,
                            "relation": "cop",
                            "source": 9
                        },
                        {
                            "destination": 6,
                            "relation": "det",
                            "source": 9
                        },
                        {
                            "destination": 7,
                            "relation": "nn",
                            "source": 9
                        },
                        {
                            "destination": 8,
                            "relation": "nn",
                            "source": 9
                        },
                        {
                            "destination": 10,
                            "relation": "vmod",
                            "source": 9
                        },
                        {
                            "destination": 16,
                            "relation": "prep_to",
                            "source": 10
                        },
                        {
                            "destination": 20,
                            "relation": "prep_to",
                            "source": 10
                        },
                        {
                            "destination": 11,
                            "relation": "dobj",
                            "source": 10
                        },
                        {
                            "destination": 13,
                            "relation": "prep_to",
                            "source": 10
                        },
                        {
                            "destination": 16,
                            "relation": "conj_and",
                            "source": 13
                        },
                        {
                            "destination": 20,
                            "relation": "conj_and",
                            "source": 13
                        },
                        {
                            "destination": 15,
                            "relation": "nn",
                            "source": 16
                        },
                        {
                            "destination": 19,
                            "relation": "nn",
                            "source": 20
                        },
                        {
                            "destination": 23,
                            "relation": "nsubj",
                            "source": 25
                        },
                        {
                            "destination": 24,
                            "relation": "advmod",
                            "source": 25
                        },
                        {
                            "destination": 27,
                            "relation": "dobj",
                            "source": 25
                        },
                        {
                            "destination": 31,
                            "relation": "prep_between",
                            "source": 27
                        },
                        {
                            "destination": 26,
                            "relation": "det",
                            "source": 27
                        },
                        {
                            "destination": 43,
                            "relation": "prep_between",
                            "source": 27
                        },
                        {
                            "destination": 34,
                            "relation": "prep_of",
                            "source": 31
                        },
                        {
                            "destination": 43,
                            "relation": "conj_and",
                            "source": 31
                        },
                        {
                            "destination": 29,
                            "relation": "det",
                            "source": 31
                        },
                        {
                            "destination": 30,
                            "relation": "amod",
                            "source": 31
                        },
                        {
                            "destination": 33,
                            "relation": "nn",
                            "source": 34
                        },
                        {
                            "destination": 37,
                            "relation": "prep_in",
                            "source": 34
                        },
                        {
                            "destination": 36,
                            "relation": "nn",
                            "source": 37
                        },
                        {
                            "destination": 39,
                            "relation": "det",
                            "source": 43
                        },
                        {
                            "destination": 40,
                            "relation": "advmod",
                            "source": 43
                        },
                        {
                            "destination": 41,
                            "relation": "amod",
                            "source": 43
                        },
                        {
                            "destination": 42,
                            "relation": "nn",
                            "source": 43
                        },
                        {
                            "destination": 45,
                            "relation": "prep_in",
                            "source": 43
                        }
                    ],
                    "roots": [
                        2
                    ]
                }
            },
            "lemmas": [
                "these",
                "observation",
                "suggest",
                "that",
                "hchk2",
                "be",
                "a",
                "tumor",
                "suppressor",
                "gene",
                "confer",
                "predisposition",
                "to",
                "sarcoma",
                ",",
                "breast",
                "cancer",
                ",",
                "and",
                "brain",
                "tumor",
                ",",
                "and",
                "they",
                "also",
                "provide",
                "a",
                "link",
                "between",
                "the",
                "central",
                "role",
                "of",
                "p53",
                "inactivation",
                "in",
                "human",
                "cancer",
                "and",
                "the",
                "well",
                "define",
                "g2",
                "checkpoint",
                "in",
                "yeast",
                "."
            ],
            "startOffsets": [
                377,
                383,
                397,
                405,
                410,
                416,
                419,
                421,
                427,
                438,
                443,
                454,
                469,
                472,
                479,
                481,
                488,
                494,
                496,
                500,
                506,
                512,
                514,
                518,
                523,
                528,
                536,
                538,
                543,
                551,
                555,
                563,
                568,
                571,
                575,
                588,
                591,
                597,
                604,
                608,
                612,
                617,
                625,
                628,
                639,
                642,
                647
            ],
            "tags": [
                "DT",
                "NNS",
                "VBP",
                "IN",
                "NN",
                "VBZ",
                "DT",
                "NN",
                "NN",
                "NN",
                "VBG",
                "NN",
                "TO",
                "NN",
                ",",
                "NN",
                "NN",
                ",",
                "CC",
                "NN",
                "NNS",
                ",",
                "CC",
                "PRP",
                "RB",
                "VBP",
                "DT",
                "NN",
                "IN",
                "DT",
                "JJ",
                "NN",
                "IN",
                "NN",
                "NN",
                "IN",
                "NN",
                "NN",
                "CC",
                "DT",
                "RB",
                "VBN",
                "NN",
                "NN",
                "IN",
                "NN",
                "."
            ],
            "words": [
                "These",
                "observations",
                "suggest",
                "that",
                "hCHK2",
                "is",
                "a",
                "tumor",
                "suppressor",
                "gene",
                "conferring",
                "predisposition",
                "to",
                "sarcoma",
                ",",
                "breast",
                "cancer",
                ",",
                "and",
                "brain",
                "tumors",
                ",",
                "and",
                "they",
                "also",
                "provide",
                "a",
                "link",
                "between",
                "the",
                "central",
                "role",
                "of",
                "p53",
                "inactivation",
                "in",
                "human",
                "cancer",
                "and",
                "the",
                "well",
                "defined",
                "G2",
                "checkpoint",
                "in",
                "yeast",
                "."
            ]
        }
    ],
    "text": "The hCHK2 gene encodes the human homolog of the yeast Cds1 and Rad53 G2\ncheckpoint kinases, whose activation in response to DNA damage prevents cellular \nentry into mitosis. Here, it is shown that heterozygous germ line mutations in\nhCHK2 occur in Li-Fraumeni syndrome, a highly penetrant familial cancer phenotype\nusually associated with inherited mutations in the TP53 gene. These observations \nsuggest that hCHK2 is a tumor suppressor gene conferring predisposition to\nsarcoma, breast cancer, and brain tumors, and they also provide a link between\nthe central role of p53 inactivation in human cancer and the well-defined G2\ncheckpoint in yeast."
}