{
    "id": "11122430",
    "sentences": [
        {
            "endOffsets": [
                3,
                15,
                18,
                28,
                36,
                48,
                51,
                60,
                67,
                73,
                77,
                86,
                90,
                96,
                100,
                104,
                121,
                124,
                132,
                137,
                144,
                154,
                155,
                159,
                169,
                178,
                181,
                189,
                198,
                202,
                206,
                216,
                219,
                227,
                232,
                243,
                247,
                258,
                270,
                271
            ],
            "entities": [
                "O",
                "O",
                "O",
                "O",
                "O",
                "O",
                "O",
                "O",
                "O",
                "O",
                "O",
                "O",
                "O",
                "O",
                "O",
                "O",
                "O",
                "O",
                "O",
                "O",
                "B-Organ",
                "O",
                "O",
                "O",
                "O",
                "O",
                "O",
                "B-Species",
                "O",
                "O",
                "O",
                "O",
                "O",
                "O",
                "O",
                "O",
                "O",
                "O",
                "O",
                "O"
            ],
            "graphs": {
                "stanford-basic": {
                    "edges": [
                        {
                            "destination": 0,
                            "relation": "det",
                            "source": 1
                        },
                        {
                            "destination": 2,
                            "relation": "prep",
                            "source": 1
                        },
                        {
                            "destination": 5,
                            "relation": "pobj",
                            "source": 2
                        },
                        {
                            "destination": 3,
                            "relation": "amod",
                            "source": 5
                        },
                        {
                            "destination": 4,
                            "relation": "amod",
                            "source": 5
                        },
                        {
                            "destination": 6,
                            "relation": "prep",
                            "source": 5
                        },
                        {
                            "destination": 9,
                            "relation": "pobj",
                            "source": 6
                        },
                        {
                            "destination": 7,
                            "relation": "amod",
                            "source": 9
                        },
                        {
                            "destination": 8,
                            "relation": "nn",
                            "source": 9
                        },
                        {
                            "destination": 1,
                            "relation": "nsubj",
                            "source": 11
                        },
                        {
                            "destination": 23,
                            "relation": "cc",
                            "source": 11
                        },
                        {
                            "destination": 10,
                            "relation": "aux",
                            "source": 11
                        },
                        {
                            "destination": 13,
                            "relation": "dobj",
                            "source": 11
                        },
                        {
                            "destination": 29,
                            "relation": "conj",
                            "source": 11
                        },
                        {
                            "destination": 12,
                            "relation": "det",
                            "source": 13
                        },
                        {
                            "destination": 14,
                            "relation": "prep",
                            "source": 13
                        },
                        {
                            "destination": 16,
                            "relation": "pobj",
                            "source": 14
                        },
                        {
                            "destination": 15,
                            "relation": "det",
                            "source": 16
                        },
                        {
                            "destination": 17,
                            "relation": "prep",
                            "source": 16
                        },
                        {
                            "destination": 21,
                            "relation": "pobj",
                            "source": 17
                        },
                        {
                            "destination": 18,
                            "relation": "amod",
                            "source": 21
                        },
                        {
                            "destination": 19,
                            "relation": "amod",
                            "source": 21
                        },
                        {
                            "destination": 20,
                            "relation": "nn",
                            "source": 21
                        },
                        {
                            "destination": 24,
                            "relation": "amod",
                            "source": 25
                        },
                        {
                            "destination": 26,
                            "relation": "prep",
                            "source": 25
                        },
                        {
                            "destination": 28,
                            "relation": "pobj",
                            "source": 26
                        },
                        {
                            "destination": 27,
                            "relation": "nn",
                            "source": 28
                        },
                        {
                            "destination": 31,
                            "relation": "dobj",
                            "source": 29
                        },
                        {
                            "destination": 25,
                            "relation": "nsubj",
                            "source": 29
                        },
                        {
                            "destination": 33,
                            "relation": "dep",
                            "source": 31
                        },
                        {
                            "destination": 30,
                            "relation": "det",
                            "source": 31
                        },
                        {
                            "destination": 32,
                            "relation": "aux",
                            "source": 33
                        },
                        {
                            "destination": 34,
                            "relation": "prep",
                            "source": 33
                        },
                        {
                            "destination": 38,
                            "relation": "pobj",
                            "source": 34
                        },
                        {
                            "destination": 36,
                            "relation": "cc",
                            "source": 35
                        },
                        {
                            "destination": 37,
                            "relation": "conj",
                            "source": 35
                        },
                        {
                            "destination": 35,
                            "relation": "amod",
                            "source": 38
                        }
                    ],
                    "roots": [
                        11
                    ]
                },
                "stanford-collapsed": {
                    "edges": [
                        {
                            "destination": 0,
                            "relation": "det",
                            "source": 1
                        },
                        {
                            "destination": 5,
                            "relation": "prep_of",
                            "source": 1
                        },
                        {
                            "destination": 3,
                            "relation": "amod",
                            "source": 5
                        },
                        {
                            "destination": 4,
                            "relation": "amod",
                            "source": 5
                        },
                        {
                            "destination": 9,
                            "relation": "prep_in",
                            "source": 5
                        },
                        {
                            "destination": 7,
                            "relation": "amod",
                            "source": 9
                        },
                        {
                            "destination": 8,
                            "relation": "nn",
                            "source": 9
                        },
                        {
                            "destination": 1,
                            "relation": "nsubj",
                            "source": 11
                        },
                        {
                            "destination": 10,
                            "relation": "aux",
                            "source": 11
                        },
                        {
                            "destination": 13,
                            "relation": "dobj",
                            "source": 11
                        },
                        {
                            "destination": 29,
                            "relation": "conj_and",
                            "source": 11
                        },
                        {
                            "destination": 16,
                            "relation": "prep_for",
                            "source": 13
                        },
                        {
                            "destination": 12,
                            "relation": "det",
                            "source": 13
                        },
                        {
                            "destination": 15,
                            "relation": "det",
                            "source": 16
                        },
                        {
                            "destination": 21,
                            "relation": "prep_of",
                            "source": 16
                        },
                        {
                            "destination": 18,
                            "relation": "amod",
                            "source": 21
                        },
                        {
                            "destination": 19,
                            "relation": "amod",
                            "source": 21
                        },
                        {
                            "destination": 20,
                            "relation": "nn",
                            "source": 21
                        },
                        {
                            "destination": 24,
                            "relation": "amod",
                            "source": 25
                        },
                        {
                            "destination": 28,
                            "relation": "prep_of",
                            "source": 25
                        },
                        {
                            "destination": 27,
                            "relation": "nn",
                            "source": 28
                        },
                        {
                            "destination": 31,
                            "relation": "dobj",
                            "source": 29
                        },
                        {
                            "destination": 25,
                            "relation": "nsubj",
                            "source": 29
                        },
                        {
                            "destination": 33,
                            "relation": "dep",
                            "source": 31
                        },
                        {
                            "destination": 30,
                            "relation": "det",
                            "source": 31
                        },
                        {
                            "destination": 32,
                            "relation": "aux",
                            "source": 33
                        },
                        {
                            "destination": 34,
                            "relation": "prep",
                            "source": 33
                        },
                        {
                            "destination": 38,
                            "relation": "pobj",
                            "source": 34
                        },
                        {
                            "destination": 37,
                            "relation": "conj_and",
                            "source": 35
                        },
                        {
                            "destination": 35,
                            "relation": "amod",
                            "source": 38
                        },
                        {
                            "destination": 37,
                            "relation": "amod",
                            "source": 38
                        }
                    ],
                    "roots": [
                        11
                    ]
                }
            },
            "lemmas": [
                "the",
                "recognition",
                "of",
                "recurrent",
                "genetic",
                "alteration",
                "in",
                "specific",
                "tumour",
                "type",
                "have",
                "provide",
                "the",
                "basis",
                "for",
                "the",
                "reclassification",
                "of",
                "certain",
                "soft",
                "tissue",
                "neoplasm",
                ",",
                "and",
                "molecular",
                "analysis",
                "of",
                "patient",
                "material",
                "have",
                "the",
                "potential",
                "to",
                "provide",
                "both",
                "diagnostic",
                "and",
                "prognostic",
                "information",
                "."
            ],
            "startOffsets": [
                0,
                4,
                16,
                19,
                29,
                37,
                49,
                52,
                61,
                68,
                74,
                78,
                87,
                91,
                97,
                101,
                105,
                122,
                125,
                133,
                138,
                145,
                154,
                156,
                160,
                170,
                179,
                182,
                190,
                199,
                203,
                207,
                217,
                220,
                228,
                233,
                244,
                248,
                259,
                270
            ],
            "tags": [
                "DT",
                "NN",
                "IN",
                "JJ",
                "JJ",
                "NNS",
                "IN",
                "JJ",
                "NN",
                "NNS",
                "VBZ",
                "VBN",
                "DT",
                "NN",
                "IN",
                "DT",
                "NN",
                "IN",
                "JJ",
                "JJ",
                "NN",
                "NNS",
                ",",
                "CC",
                "JJ",
                "NN",
                "IN",
                "NN",
                "NN",
                "VBZ",
                "DT",
                "JJ",
                "TO",
                "VB",
                "CC",
                "JJ",
                "CC",
                "JJ",
                "NN",
                "."
            ],
            "words": [
                "The",
                "recognition",
                "of",
                "recurrent",
                "genetic",
                "alterations",
                "in",
                "specific",
                "tumour",
                "types",
                "has",
                "provided",
                "the",
                "basis",
                "for",
                "the",
                "reclassification",
                "of",
                "certain",
                "soft",
                "tissue",
                "neoplasms",
                ",",
                "and",
                "molecular",
                "analysis",
                "of",
                "patient",
                "material",
                "has",
                "the",
                "potential",
                "to",
                "provide",
                "both",
                "diagnostic",
                "and",
                "prognostic",
                "information",
                "."
            ]
        },
        {
            "endOffsets": [
                274,
                279,
                286,
                287,
                290,
                299,
                303,
                308,
                311,
                321,
                329,
                337,
                340,
                344,
                356,
                358,
                362,
                371,
                372,
                376,
                384,
                394,
                395
            ],
            "entities": [
                "O",
                "O",
                "O",
                "O",
                "O",
                "O",
                "O",
                "O",
                "O",
                "O",
                "O",
                "O",
                "O",
                "O",
                "O",
                "O",
                "O",
                "O",
                "O",
                "O",
                "O",
                "O",
                "O"
            ],
            "graphs": {
                "stanford-basic": {
                    "edges": [
                        {
                            "destination": 2,
                            "relation": "pobj",
                            "source": 0
                        },
                        {
                            "destination": 1,
                            "relation": "det",
                            "source": 2
                        },
                        {
                            "destination": 0,
                            "relation": "prep",
                            "source": 5
                        },
                        {
                            "destination": 4,
                            "relation": "nsubj",
                            "source": 5
                        },
                        {
                            "destination": 7,
                            "relation": "dobj",
                            "source": 5
                        },
                        {
                            "destination": 17,
                            "relation": "dep",
                            "source": 7
                        },
                        {
                            "destination": 6,
                            "relation": "det",
                            "source": 7
                        },
                        {
                            "destination": 8,
                            "relation": "prep",
                            "source": 7
                        },
                        {
                            "destination": 11,
                            "relation": "pobj",
                            "source": 8
                        },
                        {
                            "destination": 9,
                            "relation": "amod",
                            "source": 11
                        },
                        {
                            "destination": 10,
                            "relation": "amod",
                            "source": 11
                        },
                        {
                            "destination": 12,
                            "relation": "prep",
                            "source": 11
                        },
                        {
                            "destination": 14,
                            "relation": "pobj",
                            "source": 12
                        },
                        {
                            "destination": 13,
                            "relation": "det",
                            "source": 14
                        },
                        {
                            "destination": 16,
                            "relation": "amod",
                            "source": 17
                        },
                        {
                            "destination": 19,
                            "relation": "prep",
                            "source": 17
                        },
                        {
                            "destination": 21,
                            "relation": "pobj",
                            "source": 19
                        },
                        {
                            "destination": 20,
                            "relation": "nn",
                            "source": 21
                        }
                    ],
                    "roots": [
                        5
                    ]
                },
                "stanford-collapsed": {
                    "edges": [
                        {
                            "destination": 1,
                            "relation": "det",
                            "source": 2
                        },
                        {
                            "destination": 2,
                            "relation": "prep_in",
                            "source": 5
                        },
                        {
                            "destination": 4,
                            "relation": "nsubj",
                            "source": 5
                        },
                        {
                            "destination": 7,
                            "relation": "dobj",
                            "source": 5
                        },
                        {
                            "destination": 17,
                            "relation": "dep",
                            "source": 7
                        },
                        {
                            "destination": 6,
                            "relation": "det",
                            "source": 7
                        },
                        {
                            "destination": 11,
                            "relation": "prep_of",
                            "source": 7
                        },
                        {
                            "destination": 9,
                            "relation": "amod",
                            "source": 11
                        },
                        {
                            "destination": 10,
                            "relation": "amod",
                            "source": 11
                        },
                        {
                            "destination": 14,
                            "relation": "prep_as",
                            "source": 11
                        },
                        {
                            "destination": 13,
                            "relation": "det",
                            "source": 14
                        },
                        {
                            "destination": 16,
                            "relation": "amod",
                            "source": 17
                        },
                        {
                            "destination": 21,
                            "relation": "prep_for",
                            "source": 17
                        },
                        {
                            "destination": 20,
                            "relation": "nn",
                            "source": 21
                        }
                    ],
                    "roots": [
                        5
                    ]
                }
            },
            "lemmas": [
                "in",
                "this",
                "review",
                ",",
                "we",
                "evaluate",
                "the",
                "role",
                "of",
                "molecular",
                "genetic",
                "testing",
                "as",
                "the",
                "prospective",
                "'",
                "gold",
                "standard",
                "'",
                "for",
                "sarcoma",
                "diagnosis",
                "."
            ],
            "startOffsets": [
                272,
                275,
                280,
                286,
                288,
                291,
                300,
                304,
                309,
                312,
                322,
                330,
                338,
                341,
                345,
                357,
                358,
                363,
                371,
                373,
                377,
                385,
                394
            ],
            "tags": [
                "IN",
                "DT",
                "NN",
                ",",
                "PRP",
                "VBP",
                "DT",
                "NN",
                "IN",
                "JJ",
                "JJ",
                "NN",
                "IN",
                "DT",
                "JJ",
                "''",
                "JJ",
                "NN",
                "''",
                "IN",
                "NN",
                "NN",
                "."
            ],
            "words": [
                "In",
                "this",
                "review",
                ",",
                "we",
                "evaluate",
                "the",
                "role",
                "of",
                "molecular",
                "genetic",
                "testing",
                "as",
                "the",
                "prospective",
                "'",
                "gold",
                "standard",
                "'",
                "for",
                "sarcoma",
                "diagnosis",
                "."
            ]
        },
        {
            "endOffsets": [
                405,
                413,
                421,
                422,
                425,
                430,
                436,
                440,
                447,
                448,
                457,
                460,
                468,
                477,
                481,
                484,
                487,
                492,
                502,
                506,
                511,
                522,
                523,
                530,
                535,
                540,
                545,
                550,
                561,
                564,
                579,
                580,
                589,
                600,
                604,
                625,
                626
            ],
            "entities": [
                "O",
                "O",
                "O",
                "O",
                "O",
                "O",
                "O",
                "O",
                "O",
                "O",
                "O",
                "O",
                "O",
                "O",
                "O",
                "O",
                "O",
                "O",
                "O",
                "O",
                "O",
                "O",
                "O",
                "O",
                "O",
                "O",
                "O",
                "O",
                "O",
                "O",
                "O",
                "O",
                "O",
                "O",
                "O",
                "O",
                "O"
            ],
            "graphs": {
                "stanford-basic": {
                    "edges": [
                        {
                            "destination": 0,
                            "relation": "amod",
                            "source": 2
                        },
                        {
                            "destination": 1,
                            "relation": "amod",
                            "source": 2
                        },
                        {
                            "destination": 10,
                            "relation": "dep",
                            "source": 2
                        },
                        {
                            "destination": 8,
                            "relation": "pobj",
                            "source": 5
                        },
                        {
                            "destination": 6,
                            "relation": "det",
                            "source": 8
                        },
                        {
                            "destination": 7,
                            "relation": "amod",
                            "source": 8
                        },
                        {
                            "destination": 4,
                            "relation": "mark",
                            "source": 10
                        },
                        {
                            "destination": 5,
                            "relation": "prep",
                            "source": 10
                        },
                        {
                            "destination": 12,
                            "relation": "ccomp",
                            "source": 10
                        },
                        {
                            "destination": 18,
                            "relation": "conj",
                            "source": 12
                        },
                        {
                            "destination": 11,
                            "relation": "aux",
                            "source": 12
                        },
                        {
                            "destination": 13,
                            "relation": "dobj",
                            "source": 12
                        },
                        {
                            "destination": 14,
                            "relation": "cc",
                            "source": 12
                        },
                        {
                            "destination": 15,
                            "relation": "aux",
                            "source": 18
                        },
                        {
                            "destination": 16,
                            "relation": "cop",
                            "source": 18
                        },
                        {
                            "destination": 17,
                            "relation": "advmod",
                            "source": 18
                        },
                        {
                            "destination": 19,
                            "relation": "cc",
                            "source": 18
                        },
                        {
                            "destination": 21,
                            "relation": "conj",
                            "source": 18
                        },
                        {
                            "destination": 20,
                            "relation": "advmod",
                            "source": 21
                        },
                        {
                            "destination": 2,
                            "relation": "nsubj",
                            "source": 23
                        },
                        {
                            "destination": 27,
                            "relation": "ccomp",
                            "source": 23
                        },
                        {
                            "destination": 24,
                            "relation": "mark",
                            "source": 27
                        },
                        {
                            "destination": 25,
                            "relation": "aux",
                            "source": 27
                        },
                        {
                            "destination": 26,
                            "relation": "auxpass",
                            "source": 27
                        },
                        {
                            "destination": 28,
                            "relation": "advmod",
                            "source": 27
                        },
                        {
                            "destination": 29,
                            "relation": "prep",
                            "source": 27
                        },
                        {
                            "destination": 33,
                            "relation": "pobj",
                            "source": 29
                        },
                        {
                            "destination": 32,
                            "relation": "conj",
                            "source": 33
                        },
                        {
                            "destination": 34,
                            "relation": "cc",
                            "source": 33
                        },
                        {
                            "destination": 35,
                            "relation": "conj",
                            "source": 33
                        },
                        {
                            "destination": 30,
                            "relation": "nn",
                            "source": 33
                        }
                    ],
                    "roots": [
                        23
                    ]
                },
                "stanford-collapsed": {
                    "edges": [
                        {
                            "destination": 0,
                            "relation": "amod",
                            "source": 2
                        },
                        {
                            "destination": 1,
                            "relation": "amod",
                            "source": 2
                        },
                        {
                            "destination": 10,
                            "relation": "dep",
                            "source": 2
                        },
                        {
                            "destination": 6,
                            "relation": "det",
                            "source": 8
                        },
                        {
                            "destination": 7,
                            "relation": "amod",
                            "source": 8
                        },
                        {
                            "destination": 18,
                            "relation": "ccomp",
                            "source": 10
                        },
                        {
                            "destination": 4,
                            "relation": "mark",
                            "source": 10
                        },
                        {
                            "destination": 8,
                            "relation": "prep_with",
                            "source": 10
                        },
                        {
                            "destination": 12,
                            "relation": "ccomp",
                            "source": 10
                        },
                        {
                            "destination": 18,
                            "relation": "conj_and",
                            "source": 12
                        },
                        {
                            "destination": 21,
                            "relation": "conj_and",
                            "source": 12
                        },
                        {
                            "destination": 11,
                            "relation": "aux",
                            "source": 12
                        },
                        {
                            "destination": 13,
                            "relation": "dobj",
                            "source": 12
                        },
                        {
                            "destination": 15,
                            "relation": "aux",
                            "source": 18
                        },
                        {
                            "destination": 16,
                            "relation": "cop",
                            "source": 18
                        },
                        {
                            "destination": 17,
                            "relation": "advmod",
                            "source": 18
                        },
                        {
                            "destination": 21,
                            "relation": "conj_and",
                            "source": 18
                        },
                        {
                            "destination": 20,
                            "relation": "advmod",
                            "source": 21
                        },
                        {
                            "destination": 2,
                            "relation": "nsubj",
                            "source": 23
                        },
                        {
                            "destination": 27,
                            "relation": "ccomp",
                            "source": 23
                        },
                        {
                            "destination": 32,
                            "relation": "agent",
                            "source": 27
                        },
                        {
                            "destination": 33,
                            "relation": "agent",
                            "source": 27
                        },
                        {
                            "destination": 35,
                            "relation": "agent",
                            "source": 27
                        },
                        {
                            "destination": 24,
                            "relation": "mark",
                            "source": 27
                        },
                        {
                            "destination": 25,
                            "relation": "aux",
                            "source": 27
                        },
                        {
                            "destination": 26,
                            "relation": "auxpass",
                            "source": 27
                        },
                        {
                            "destination": 28,
                            "relation": "advmod",
                            "source": 27
                        },
                        {
                            "destination": 32,
                            "relation": "conj_and",
                            "source": 33
                        },
                        {
                            "destination": 35,
                            "relation": "conj_and",
                            "source": 33
                        },
                        {
                            "destination": 30,
                            "relation": "nn",
                            "source": 33
                        }
                    ],
                    "roots": [
                        23
                    ]
                }
            },
            "lemmas": [
                "molecular",
                "genetic",
                "testing",
                ",",
                "as",
                "with",
                "every",
                "new",
                "method",
                ",",
                "promise",
                "to",
                "improve",
                "accuracy",
                "and",
                "to",
                "be",
                "more",
                "sensitive",
                "and",
                "less",
                "subjective",
                ",",
                "claim",
                "that",
                "have",
                "be",
                "make",
                "previously",
                "by",
                "histochemistry",
                ",",
                "electron",
                "microscopy",
                "and",
                "immunohistochemistry",
                "."
            ],
            "startOffsets": [
                396,
                406,
                414,
                421,
                423,
                426,
                431,
                437,
                441,
                447,
                449,
                458,
                461,
                469,
                478,
                482,
                485,
                488,
                493,
                503,
                507,
                512,
                522,
                524,
                531,
                536,
                541,
                546,
                551,
                562,
                565,
                579,
                581,
                590,
                601,
                605,
                625
            ],
            "tags": [
                "JJ",
                "JJ",
                "NN",
                ",",
                "IN",
                "IN",
                "DT",
                "JJ",
                "NN",
                ",",
                "VBZ",
                "TO",
                "VB",
                "NN",
                "CC",
                "TO",
                "VB",
                "RBR",
                "JJ",
                "CC",
                "RBR",
                "JJ",
                ",",
                "VBZ",
                "IN",
                "VBP",
                "VBN",
                "VBN",
                "RB",
                "IN",
                "NN",
                ",",
                "NN",
                "NN",
                "CC",
                "NN",
                "."
            ],
            "words": [
                "Molecular",
                "genetic",
                "testing",
                ",",
                "as",
                "with",
                "every",
                "new",
                "method",
                ",",
                "promises",
                "to",
                "improve",
                "accuracy",
                "and",
                "to",
                "be",
                "more",
                "sensitive",
                "and",
                "less",
                "subjective",
                ",",
                "claims",
                "that",
                "have",
                "been",
                "made",
                "previously",
                "by",
                "histochemistry",
                ",",
                "electron",
                "microscopy",
                "and",
                "immunohistochemistry",
                "."
            ]
        },
        {
            "endOffsets": [
                636,
                648,
                651,
                661,
                668,
                669,
                672,
                677,
                680,
                685,
                694,
                706,
                713,
                714,
                723,
                727,
                736,
                747,
                750,
                760,
                773,
                781,
                795,
                799,
                807,
                812,
                813,
                816,
                824,
                825,
                835,
                846,
                849,
                854,
                865,
                868,
                878,
                888,
                893,
                901,
                912,
                918,
                928,
                939,
                943,
                952,
                964,
                977,
                989,
                990
            ],
            "entities": [
                "O",
                "O",
                "O",
                "O",
                "O",
                "O",
                "O",
                "O",
                "O",
                "O",
                "O",
                "O",
                "O",
                "O",
                "O",
                "O",
                "O",
                "O",
                "O",
                "O",
                "O",
                "O",
                "O",
                "O",
                "O",
                "O",
                "O",
                "O",
                "O",
                "O",
                "O",
                "O",
                "O",
                "O",
                "O",
                "O",
                "O",
                "O",
                "O",
                "O",
                "O",
                "O",
                "O",
                "O",
                "O",
                "O",
                "O",
                "O",
                "O",
                "O"
            ],
            "graphs": {
                "stanford-basic": {
                    "edges": [
                        {
                            "destination": 0,
                            "relation": "nn",
                            "source": 1
                        },
                        {
                            "destination": 2,
                            "relation": "prep",
                            "source": 1
                        },
                        {
                            "destination": 7,
                            "relation": "cc",
                            "source": 1
                        },
                        {
                            "destination": 12,
                            "relation": "conj",
                            "source": 1
                        },
                        {
                            "destination": 4,
                            "relation": "pobj",
                            "source": 2
                        },
                        {
                            "destination": 3,
                            "relation": "amod",
                            "source": 4
                        },
                        {
                            "destination": 6,
                            "relation": "advmod",
                            "source": 7
                        },
                        {
                            "destination": 8,
                            "relation": "mwe",
                            "source": 7
                        },
                        {
                            "destination": 9,
                            "relation": "amod",
                            "source": 12
                        },
                        {
                            "destination": 10,
                            "relation": "amod",
                            "source": 12
                        },
                        {
                            "destination": 11,
                            "relation": "nn",
                            "source": 12
                        },
                        {
                            "destination": 1,
                            "relation": "nsubj",
                            "source": 14
                        },
                        {
                            "destination": 17,
                            "relation": "dobj",
                            "source": 14
                        },
                        {
                            "destination": 22,
                            "relation": "advmod",
                            "source": 14
                        },
                        {
                            "destination": 23,
                            "relation": "cc",
                            "source": 14
                        },
                        {
                            "destination": 24,
                            "relation": "conj",
                            "source": 14
                        },
                        {
                            "destination": 15,
                            "relation": "det",
                            "source": 17
                        },
                        {
                            "destination": 16,
                            "relation": "amod",
                            "source": 17
                        },
                        {
                            "destination": 18,
                            "relation": "prep",
                            "source": 17
                        },
                        {
                            "destination": 21,
                            "relation": "pobj",
                            "source": 18
                        },
                        {
                            "destination": 19,
                            "relation": "amod",
                            "source": 21
                        },
                        {
                            "destination": 20,
                            "relation": "amod",
                            "source": 21
                        },
                        {
                            "destination": 34,
                            "relation": "ccomp",
                            "source": 24
                        },
                        {
                            "destination": 28,
                            "relation": "pobj",
                            "source": 27
                        },
                        {
                            "destination": 30,
                            "relation": "amod",
                            "source": 31
                        },
                        {
                            "destination": 31,
                            "relation": "nsubjpass",
                            "source": 34
                        },
                        {
                            "destination": 32,
                            "relation": "auxpass",
                            "source": 34
                        },
                        {
                            "destination": 33,
                            "relation": "advmod",
                            "source": 34
                        },
                        {
                            "destination": 37,
                            "relation": "dobj",
                            "source": 34
                        },
                        {
                            "destination": 25,
                            "relation": "mark",
                            "source": 34
                        },
                        {
                            "destination": 27,
                            "relation": "prep",
                            "source": 34
                        },
                        {
                            "destination": 44,
                            "relation": "cc",
                            "source": 34
                        },
                        {
                            "destination": 45,
                            "relation": "conj",
                            "source": 34
                        },
                        {
                            "destination": 35,
                            "relation": "det",
                            "source": 37
                        },
                        {
                            "destination": 36,
                            "relation": "amod",
                            "source": 37
                        },
                        {
                            "destination": 40,
                            "relation": "rcmod",
                            "source": 37
                        },
                        {
                            "destination": 38,
                            "relation": "nsubj",
                            "source": 40
                        },
                        {
                            "destination": 39,
                            "relation": "dep",
                            "source": 40
                        },
                        {
                            "destination": 43,
                            "relation": "dobj",
                            "source": 40
                        },
                        {
                            "destination": 41,
                            "relation": "amod",
                            "source": 43
                        },
                        {
                            "destination": 42,
                            "relation": "amod",
                            "source": 43
                        },
                        {
                            "destination": 48,
                            "relation": "dobj",
                            "source": 45
                        },
                        {
                            "destination": 47,
                            "relation": "amod",
                            "source": 48
                        },
                        {
                            "destination": 46,
                            "relation": "amod",
                            "source": 48
                        }
                    ],
                    "roots": [
                        14
                    ]
                },
                "stanford-collapsed": {
                    "edges": [
                        {
                            "destination": 0,
                            "relation": "nn",
                            "source": 1
                        },
                        {
                            "destination": 4,
                            "relation": "prep_in",
                            "source": 1
                        },
                        {
                            "destination": 12,
                            "relation": "conj_and",
                            "source": 1
                        },
                        {
                            "destination": 3,
                            "relation": "amod",
                            "source": 4
                        },
                        {
                            "destination": 9,
                            "relation": "amod",
                            "source": 12
                        },
                        {
                            "destination": 10,
                            "relation": "amod",
                            "source": 12
                        },
                        {
                            "destination": 11,
                            "relation": "nn",
                            "source": 12
                        },
                        {
                            "destination": 1,
                            "relation": "nsubj",
                            "source": 14
                        },
                        {
                            "destination": 17,
                            "relation": "dobj",
                            "source": 14
                        },
                        {
                            "destination": 22,
                            "relation": "advmod",
                            "source": 14
                        },
                        {
                            "destination": 24,
                            "relation": "conj_and",
                            "source": 14
                        },
                        {
                            "destination": 12,
                            "relation": "nsubj",
                            "source": 14
                        },
                        {
                            "destination": 15,
                            "relation": "det",
                            "source": 17
                        },
                        {
                            "destination": 16,
                            "relation": "amod",
                            "source": 17
                        },
                        {
                            "destination": 21,
                            "relation": "prep_of",
                            "source": 17
                        },
                        {
                            "destination": 19,
                            "relation": "amod",
                            "source": 21
                        },
                        {
                            "destination": 20,
                            "relation": "amod",
                            "source": 21
                        },
                        {
                            "destination": 1,
                            "relation": "nsubj",
                            "source": 24
                        },
                        {
                            "destination": 34,
                            "relation": "ccomp",
                            "source": 24
                        },
                        {
                            "destination": 45,
                            "relation": "ccomp",
                            "source": 24
                        },
                        {
                            "destination": 30,
                            "relation": "amod",
                            "source": 31
                        },
                        {
                            "destination": 31,
                            "relation": "nsubjpass",
                            "source": 34
                        },
                        {
                            "destination": 32,
                            "relation": "auxpass",
                            "source": 34
                        },
                        {
                            "destination": 33,
                            "relation": "advmod",
                            "source": 34
                        },
                        {
                            "destination": 37,
                            "relation": "dobj",
                            "source": 34
                        },
                        {
                            "destination": 25,
                            "relation": "mark",
                            "source": 34
                        },
                        {
                            "destination": 28,
                            "relation": "prep_at",
                            "source": 34
                        },
                        {
                            "destination": 45,
                            "relation": "conj_nor",
                            "source": 34
                        },
                        {
                            "destination": 35,
                            "relation": "det",
                            "source": 37
                        },
                        {
                            "destination": 36,
                            "relation": "amod",
                            "source": 37
                        },
                        {
                            "destination": 40,
                            "relation": "rcmod",
                            "source": 37
                        },
                        {
                            "destination": 38,
                            "relation": "nsubj",
                            "source": 40
                        },
                        {
                            "destination": 39,
                            "relation": "dep",
                            "source": 40
                        },
                        {
                            "destination": 43,
                            "relation": "dobj",
                            "source": 40
                        },
                        {
                            "destination": 41,
                            "relation": "amod",
                            "source": 43
                        },
                        {
                            "destination": 42,
                            "relation": "amod",
                            "source": 43
                        },
                        {
                            "destination": 31,
                            "relation": "nsubj",
                            "source": 45
                        },
                        {
                            "destination": 48,
                            "relation": "dobj",
                            "source": 45
                        },
                        {
                            "destination": 47,
                            "relation": "amod",
                            "source": 48
                        },
                        {
                            "destination": 46,
                            "relation": "amod",
                            "source": 48
                        }
                    ],
                    "roots": [
                        14
                    ]
                }
            },
            "lemmas": [
                "Technical",
                "limitation",
                "in",
                "molecular",
                "assay",
                ",",
                "as",
                "well",
                "as",
                "more",
                "general",
                "specificity",
                "issue",
                ",",
                "decrease",
                "the",
                "clinical",
                "usefulness",
                "of",
                "molecular",
                "pathological",
                "testing",
                "significantly",
                "and",
                "suggest",
                "that",
                ",",
                "at",
                "present",
                ",",
                "molecular",
                "evaluation",
                "be",
                "best",
                "consider",
                "a",
                "ancillary",
                "technique",
                "that",
                "neither",
                "supersede",
                "other",
                "ancillary",
                "technique",
                "nor",
                "eclipse",
                "traditional",
                "pathological",
                "examination",
                "."
            ],
            "startOffsets": [
                627,
                637,
                649,
                652,
                662,
                668,
                670,
                673,
                678,
                681,
                687,
                695,
                707,
                713,
                715,
                724,
                728,
                737,
                748,
                751,
                761,
                774,
                782,
                796,
                800,
                808,
                812,
                814,
                817,
                824,
                826,
                836,
                847,
                850,
                855,
                866,
                869,
                879,
                889,
                894,
                902,
                913,
                919,
                929,
                940,
                944,
                953,
                965,
                978,
                989
            ],
            "tags": [
                "NNP",
                "NNS",
                "IN",
                "JJ",
                "NNS",
                ",",
                "RB",
                "RB",
                "IN",
                "JJR",
                "JJ",
                "NN",
                "NNS",
                ",",
                "VB",
                "DT",
                "JJ",
                "NN",
                "IN",
                "JJ",
                "JJ",
                "NN",
                "RB",
                "CC",
                "VBP",
                "IN",
                ",",
                "IN",
                "JJ",
                ",",
                "JJ",
                "NN",
                "VBZ",
                "RB",
                "VBN",
                "DT",
                "JJ",
                "NN",
                "WDT",
                "CC",
                "VBZ",
                "JJ",
                "JJ",
                "NNS",
                "CC",
                "VBZ",
                "JJ",
                "JJ",
                "NN",
                "."
            ],
            "words": [
                "Technical",
                "limitations",
                "in",
                "molecular",
                "assays",
                ",",
                "as",
                "well",
                "as",
                "more",
                "general",
                "specificity",
                "issues",
                ",",
                "decrease",
                "the",
                "clinical",
                "usefulness",
                "of",
                "molecular",
                "pathological",
                "testing",
                "significantly",
                "and",
                "suggest",
                "that",
                ",",
                "at",
                "present",
                ",",
                "molecular",
                "evaluation",
                "is",
                "best",
                "considered",
                "an",
                "ancillary",
                "technique",
                "that",
                "neither",
                "supersedes",
                "other",
                "ancillary",
                "techniques",
                "nor",
                "eclipses",
                "traditional",
                "pathological",
                "examination",
                "."
            ]
        }
    ],
    "text": "The recognition of recurrent genetic alterations in specific tumour types has\nprovided the basis for the reclassification of certain soft tissue neoplasms, and\nmolecular analysis of patient material has the potential to provide both\ndiagnostic and prognostic information. In this review, we evaluate the role of\nmolecular genetic testing as the prospective 'gold standard' for sarcoma\ndiagnosis. Molecular genetic testing, as with every new method, promises to\nimprove accuracy and to be more sensitive and less subjective, claims that have\nbeen made previously by histochemistry, electron microscopy and\nimmunohistochemistry. Technical limitations in molecular assays, as well as more \ngeneral specificity issues, decrease the clinical usefulness of molecular\npathological testing significantly and suggest that, at present, molecular\nevaluation is best considered an ancillary technique that neither supersedes\nother ancillary techniques nor eclipses traditional pathological examination."
}