{
    "id": "12237773",
    "sentences": [
        {
            "endOffsets": [
                3,
                8,
                12,
                16,
                27,
                30,
                43,
                50,
                62,
                63,
                67,
                81,
                89,
                100,
                106,
                107,
                109,
                119,
                130,
                133,
                144,
                159,
                160,
                163,
                171,
                174,
                178,
                190,
                197,
                203,
                204
            ],
            "entities": [
                "O",
                "O",
                "O",
                "O",
                "O",
                "O",
                "B-Family",
                "I-Family",
                "I-Family",
                "O",
                "B-TissueType",
                "O",
                "O",
                "O",
                "B-Gene_or_gene_product",
                "O",
                "O",
                "O",
                "O",
                "O",
                "O",
                "O",
                "O",
                "O",
                "O",
                "O",
                "O",
                "B-Cellular_component",
                "I-Cellular_component",
                "O",
                "O"
            ],
            "graphs": {
                "stanford-basic": {
                    "edges": [
                        {
                            "destination": 0,
                            "relation": "det",
                            "source": 1
                        },
                        {
                            "destination": 2,
                            "relation": "prep",
                            "source": 1
                        },
                        {
                            "destination": 4,
                            "relation": "pobj",
                            "source": 2
                        },
                        {
                            "destination": 3,
                            "relation": "det",
                            "source": 4
                        },
                        {
                            "destination": 5,
                            "relation": "prep",
                            "source": 4
                        },
                        {
                            "destination": 6,
                            "relation": "pcomp",
                            "source": 5
                        },
                        {
                            "destination": 8,
                            "relation": "dobj",
                            "source": 6
                        },
                        {
                            "destination": 7,
                            "relation": "nn",
                            "source": 8
                        },
                        {
                            "destination": 24,
                            "relation": "rcmod",
                            "source": 8
                        },
                        {
                            "destination": 9,
                            "relation": "cc",
                            "source": 8
                        },
                        {
                            "destination": 10,
                            "relation": "conj",
                            "source": 8
                        },
                        {
                            "destination": 18,
                            "relation": "appos",
                            "source": 14
                        },
                        {
                            "destination": 11,
                            "relation": "amod",
                            "source": 14
                        },
                        {
                            "destination": 12,
                            "relation": "nn",
                            "source": 14
                        },
                        {
                            "destination": 13,
                            "relation": "nn",
                            "source": 14
                        },
                        {
                            "destination": 16,
                            "relation": "det",
                            "source": 18
                        },
                        {
                            "destination": 17,
                            "relation": "amod",
                            "source": 18
                        },
                        {
                            "destination": 19,
                            "relation": "prep",
                            "source": 18
                        },
                        {
                            "destination": 21,
                            "relation": "pobj",
                            "source": 19
                        },
                        {
                            "destination": 20,
                            "relation": "amod",
                            "source": 21
                        },
                        {
                            "destination": 23,
                            "relation": "cop",
                            "source": 24
                        },
                        {
                            "destination": 25,
                            "relation": "prep",
                            "source": 24
                        },
                        {
                            "destination": 14,
                            "relation": "nsubj",
                            "source": 24
                        },
                        {
                            "destination": 29,
                            "relation": "pobj",
                            "source": 25
                        },
                        {
                            "destination": 26,
                            "relation": "det",
                            "source": 29
                        },
                        {
                            "destination": 27,
                            "relation": "amod",
                            "source": 29
                        },
                        {
                            "destination": 28,
                            "relation": "nn",
                            "source": 29
                        }
                    ],
                    "roots": [
                        1
                    ]
                },
                "stanford-collapsed": {
                    "edges": [
                        {
                            "destination": 0,
                            "relation": "det",
                            "source": 1
                        },
                        {
                            "destination": 4,
                            "relation": "prep_for",
                            "source": 1
                        },
                        {
                            "destination": 3,
                            "relation": "det",
                            "source": 4
                        },
                        {
                            "destination": 6,
                            "relation": "prepc_of",
                            "source": 4
                        },
                        {
                            "destination": 8,
                            "relation": "dobj",
                            "source": 6
                        },
                        {
                            "destination": 10,
                            "relation": "dobj",
                            "source": 6
                        },
                        {
                            "destination": 7,
                            "relation": "nn",
                            "source": 8
                        },
                        {
                            "destination": 24,
                            "relation": "rcmod",
                            "source": 8
                        },
                        {
                            "destination": 10,
                            "relation": "conj_and",
                            "source": 8
                        },
                        {
                            "destination": 18,
                            "relation": "appos",
                            "source": 14
                        },
                        {
                            "destination": 11,
                            "relation": "amod",
                            "source": 14
                        },
                        {
                            "destination": 12,
                            "relation": "nn",
                            "source": 14
                        },
                        {
                            "destination": 13,
                            "relation": "nn",
                            "source": 14
                        },
                        {
                            "destination": 16,
                            "relation": "det",
                            "source": 18
                        },
                        {
                            "destination": 17,
                            "relation": "amod",
                            "source": 18
                        },
                        {
                            "destination": 21,
                            "relation": "prep_of",
                            "source": 18
                        },
                        {
                            "destination": 20,
                            "relation": "amod",
                            "source": 21
                        },
                        {
                            "destination": 23,
                            "relation": "cop",
                            "source": 24
                        },
                        {
                            "destination": 29,
                            "relation": "prep_at",
                            "source": 24
                        },
                        {
                            "destination": 14,
                            "relation": "nsubj",
                            "source": 24
                        },
                        {
                            "destination": 26,
                            "relation": "det",
                            "source": 29
                        },
                        {
                            "destination": 27,
                            "relation": "amod",
                            "source": 29
                        },
                        {
                            "destination": 28,
                            "relation": "nn",
                            "source": 29
                        }
                    ],
                    "roots": [
                        1
                    ]
                }
            },
            "lemmas": [
                "the",
                "gene",
                "for",
                "the",
                "transducer",
                "of",
                "transform",
                "growth",
                "factor-beta",
                "and",
                "bone",
                "morphogenetic",
                "protein",
                "signalling",
                "smad4",
                ",",
                "a",
                "potential",
                "suppressor",
                "of",
                "colorectal",
                "carcinogenesis",
                ",",
                "be",
                "located",
                "at",
                "the",
                "chromosomal",
                "region",
                "18q21",
                "."
            ],
            "startOffsets": [
                0,
                4,
                9,
                13,
                17,
                28,
                31,
                44,
                51,
                62,
                63,
                68,
                82,
                90,
                101,
                106,
                108,
                110,
                120,
                131,
                134,
                145,
                159,
                161,
                164,
                172,
                175,
                179,
                191,
                198,
                203
            ],
            "tags": [
                "DT",
                "NN",
                "IN",
                "DT",
                "NN",
                "IN",
                "VBG",
                "NN",
                "NN",
                "CC",
                "NN",
                "JJ",
                "NN",
                "NN",
                "NN",
                ",",
                "DT",
                "JJ",
                "NN",
                "IN",
                "JJ",
                "NN",
                ",",
                "VBZ",
                "JJ",
                "IN",
                "DT",
                "JJ",
                "NN",
                "NN",
                "."
            ],
            "words": [
                "The",
                "gene",
                "for",
                "the",
                "transducer",
                "of",
                "transforming",
                "growth",
                "factor-beta",
                "and",
                "bone",
                "morphogenetic",
                "protein",
                "signalling",
                "SMAD4",
                ",",
                "a",
                "potential",
                "suppressor",
                "of",
                "colorectal",
                "carcinogenesis",
                ",",
                "is",
                "located",
                "at",
                "the",
                "chromosomal",
                "region",
                "18q21",
                "."
            ]
        },
        {
            "endOffsets": [
                207,
                213,
                216,
                225,
                229,
                238,
                248,
                251,
                257,
                266,
                267,
                272,
                277,
                289,
                294,
                305,
                308,
                313,
                320,
                326,
                336,
                349,
                353,
                356,
                360,
                371,
                378,
                387,
                392,
                394,
                403,
                414,
                420,
                423,
                432,
                445,
                446
            ],
            "entities": [
                "O",
                "O",
                "O",
                "O",
                "O",
                "O",
                "O",
                "O",
                "B-Gene_or_gene_product",
                "O",
                "O",
                "O",
                "O",
                "O",
                "O",
                "O",
                "O",
                "O",
                "O",
                "O",
                "O",
                "O",
                "O",
                "O",
                "O",
                "B-TissueType",
                "I-TissueType",
                "O",
                "O",
                "O",
                "O",
                "O",
                "O",
                "O",
                "O",
                "O",
                "O"
            ],
            "graphs": {
                "stanford-basic": {
                    "edges": [
                        {
                            "destination": 0,
                            "relation": "mark",
                            "source": 3
                        },
                        {
                            "destination": 1,
                            "relation": "dep",
                            "source": 3
                        },
                        {
                            "destination": 2,
                            "relation": "aux",
                            "source": 3
                        },
                        {
                            "destination": 6,
                            "relation": "dobj",
                            "source": 3
                        },
                        {
                            "destination": 4,
                            "relation": "det",
                            "source": 6
                        },
                        {
                            "destination": 5,
                            "relation": "amod",
                            "source": 6
                        },
                        {
                            "destination": 7,
                            "relation": "prep",
                            "source": 6
                        },
                        {
                            "destination": 9,
                            "relation": "pobj",
                            "source": 7
                        },
                        {
                            "destination": 8,
                            "relation": "nn",
                            "source": 9
                        },
                        {
                            "destination": 11,
                            "relation": "nn",
                            "source": 13
                        },
                        {
                            "destination": 12,
                            "relation": "nn",
                            "source": 13
                        },
                        {
                            "destination": 16,
                            "relation": "prep",
                            "source": 15
                        },
                        {
                            "destination": 3,
                            "relation": "advcl",
                            "source": 15
                        },
                        {
                            "destination": 19,
                            "relation": "xcomp",
                            "source": 15
                        },
                        {
                            "destination": 13,
                            "relation": "nsubjpass",
                            "source": 15
                        },
                        {
                            "destination": 14,
                            "relation": "auxpass",
                            "source": 15
                        },
                        {
                            "destination": 18,
                            "relation": "pobj",
                            "source": 16
                        },
                        {
                            "destination": 17,
                            "relation": "nn",
                            "source": 18
                        },
                        {
                            "destination": 22,
                            "relation": "dobj",
                            "source": 19
                        },
                        {
                            "destination": 23,
                            "relation": "prep",
                            "source": 19
                        },
                        {
                            "destination": 20,
                            "relation": "amod",
                            "source": 22
                        },
                        {
                            "destination": 21,
                            "relation": "amod",
                            "source": 22
                        },
                        {
                            "destination": 27,
                            "relation": "pobj",
                            "source": 23
                        },
                        {
                            "destination": 24,
                            "relation": "num",
                            "source": 27
                        },
                        {
                            "destination": 25,
                            "relation": "amod",
                            "source": 27
                        },
                        {
                            "destination": 26,
                            "relation": "nn",
                            "source": 27
                        },
                        {
                            "destination": 28,
                            "relation": "prep",
                            "source": 27
                        },
                        {
                            "destination": 32,
                            "relation": "pobj",
                            "source": 28
                        },
                        {
                            "destination": 31,
                            "relation": "amod",
                            "source": 32
                        },
                        {
                            "destination": 33,
                            "relation": "prep",
                            "source": 32
                        },
                        {
                            "destination": 29,
                            "relation": "det",
                            "source": 32
                        },
                        {
                            "destination": 30,
                            "relation": "amod",
                            "source": 32
                        },
                        {
                            "destination": 35,
                            "relation": "pobj",
                            "source": 33
                        },
                        {
                            "destination": 34,
                            "relation": "amod",
                            "source": 35
                        }
                    ],
                    "roots": [
                        15
                    ]
                },
                "stanford-collapsed": {
                    "edges": [
                        {
                            "destination": 0,
                            "relation": "mark",
                            "source": 3
                        },
                        {
                            "destination": 1,
                            "relation": "dep",
                            "source": 3
                        },
                        {
                            "destination": 2,
                            "relation": "aux",
                            "source": 3
                        },
                        {
                            "destination": 6,
                            "relation": "dobj",
                            "source": 3
                        },
                        {
                            "destination": 4,
                            "relation": "det",
                            "source": 6
                        },
                        {
                            "destination": 5,
                            "relation": "amod",
                            "source": 6
                        },
                        {
                            "destination": 9,
                            "relation": "prep_of",
                            "source": 6
                        },
                        {
                            "destination": 8,
                            "relation": "nn",
                            "source": 9
                        },
                        {
                            "destination": 11,
                            "relation": "nn",
                            "source": 13
                        },
                        {
                            "destination": 12,
                            "relation": "nn",
                            "source": 13
                        },
                        {
                            "destination": 18,
                            "relation": "agent",
                            "source": 15
                        },
                        {
                            "destination": 3,
                            "relation": "advcl",
                            "source": 15
                        },
                        {
                            "destination": 19,
                            "relation": "xcomp",
                            "source": 15
                        },
                        {
                            "destination": 13,
                            "relation": "nsubjpass",
                            "source": 15
                        },
                        {
                            "destination": 14,
                            "relation": "auxpass",
                            "source": 15
                        },
                        {
                            "destination": 17,
                            "relation": "nn",
                            "source": 18
                        },
                        {
                            "destination": 22,
                            "relation": "dobj",
                            "source": 19
                        },
                        {
                            "destination": 27,
                            "relation": "prep_in",
                            "source": 19
                        },
                        {
                            "destination": 20,
                            "relation": "amod",
                            "source": 22
                        },
                        {
                            "destination": 21,
                            "relation": "amod",
                            "source": 22
                        },
                        {
                            "destination": 32,
                            "relation": "prep_from",
                            "source": 27
                        },
                        {
                            "destination": 24,
                            "relation": "num",
                            "source": 27
                        },
                        {
                            "destination": 25,
                            "relation": "amod",
                            "source": 27
                        },
                        {
                            "destination": 26,
                            "relation": "nn",
                            "source": 27
                        },
                        {
                            "destination": 31,
                            "relation": "amod",
                            "source": 32
                        },
                        {
                            "destination": 35,
                            "relation": "prep_of",
                            "source": 32
                        },
                        {
                            "destination": 29,
                            "relation": "det",
                            "source": 32
                        },
                        {
                            "destination": 30,
                            "relation": "amod",
                            "source": 32
                        },
                        {
                            "destination": 34,
                            "relation": "amod",
                            "source": 35
                        }
                    ],
                    "roots": [
                        15
                    ]
                }
            },
            "lemmas": [
                "in",
                "order",
                "to",
                "evaluate",
                "the",
                "clinical",
                "relevance",
                "of",
                "smad4",
                "deletion",
                ",",
                "gene",
                "copy",
                "alteration",
                "be",
                "determine",
                "by",
                "copy",
                "dosage",
                "use",
                "real-time",
                "quantitative",
                "pcr",
                "in",
                "202",
                "colorectal",
                "tumour",
                "biopsy",
                "from",
                "a",
                "previous",
                "randomised",
                "study",
                "of",
                "adjuvant",
                "chemotherapy",
                "."
            ],
            "startOffsets": [
                205,
                208,
                214,
                217,
                226,
                230,
                239,
                249,
                252,
                258,
                266,
                268,
                273,
                278,
                290,
                295,
                306,
                309,
                314,
                321,
                327,
                337,
                350,
                354,
                357,
                361,
                372,
                379,
                388,
                393,
                395,
                404,
                415,
                421,
                424,
                433,
                445
            ],
            "tags": [
                "IN",
                "NN",
                "TO",
                "VB",
                "DT",
                "JJ",
                "NN",
                "IN",
                "NN",
                "NN",
                ",",
                "NN",
                "NN",
                "NNS",
                "VBD",
                "VBN",
                "IN",
                "NN",
                "NN",
                "VBG",
                "JJ",
                "JJ",
                "NN",
                "IN",
                "CD",
                "JJ",
                "NN",
                "NNS",
                "IN",
                "DT",
                "JJ",
                "JJ",
                "NN",
                "IN",
                "JJ",
                "NN",
                "."
            ],
            "words": [
                "In",
                "order",
                "to",
                "evaluate",
                "the",
                "clinical",
                "relevance",
                "of",
                "SMAD4",
                "deletion",
                ",",
                "gene",
                "copy",
                "alterations",
                "were",
                "determined",
                "by",
                "copy",
                "dosage",
                "using",
                "real-time",
                "quantitative",
                "PCR",
                "in",
                "202",
                "colorectal",
                "tumour",
                "biopsies",
                "from",
                "a",
                "previous",
                "randomised",
                "study",
                "of",
                "adjuvant",
                "chemotherapy",
                "."
            ]
        },
        {
            "endOffsets": [
                455,
                460,
                467,
                473,
                482,
                489,
                493,
                496,
                501,
                503,
                514,
                521,
                529,
                532,
                553,
                562,
                575,
                580,
                582,
                589,
                594,
                607,
                609,
                616,
                625,
                626,
                631,
                632,
                634,
                635,
                640,
                641,
                654,
                663,
                664,
                669,
                670,
                672,
                673,
                678,
                679,
                680
            ],
            "entities": [
                "O",
                "O",
                "O",
                "B-Gene_or_gene_product",
                "O",
                "O",
                "O",
                "O",
                "O",
                "O",
                "O",
                "O",
                "O",
                "O",
                "O",
                "O",
                "O",
                "O",
                "O",
                "O",
                "O",
                "O",
                "O",
                "O",
                "O",
                "O",
                "O",
                "O",
                "O",
                "O",
                "O",
                "O",
                "O",
                "O",
                "O",
                "O",
                "O",
                "O",
                "O",
                "O",
                "O",
                "O"
            ],
            "graphs": {
                "stanford-basic": {
                    "edges": [
                        {
                            "destination": 1,
                            "relation": "prep",
                            "source": 0
                        },
                        {
                            "destination": 4,
                            "relation": "pobj",
                            "source": 1
                        },
                        {
                            "destination": 2,
                            "relation": "amod",
                            "source": 4
                        },
                        {
                            "destination": 3,
                            "relation": "nn",
                            "source": 4
                        },
                        {
                            "destination": 0,
                            "relation": "nsubj",
                            "source": 5
                        },
                        {
                            "destination": 6,
                            "relation": "prt",
                            "source": 5
                        },
                        {
                            "destination": 8,
                            "relation": "xcomp",
                            "source": 5
                        },
                        {
                            "destination": 7,
                            "relation": "aux",
                            "source": 8
                        },
                        {
                            "destination": 12,
                            "relation": "dobj",
                            "source": 8
                        },
                        {
                            "destination": 10,
                            "relation": "advmod",
                            "source": 11
                        },
                        {
                            "destination": 9,
                            "relation": "det",
                            "source": 12
                        },
                        {
                            "destination": 11,
                            "relation": "amod",
                            "source": 12
                        },
                        {
                            "destination": 13,
                            "relation": "prep",
                            "source": 12
                        },
                        {
                            "destination": 16,
                            "relation": "pobj",
                            "source": 13
                        },
                        {
                            "destination": 15,
                            "relation": "amod",
                            "source": 16
                        },
                        {
                            "destination": 17,
                            "relation": "prep",
                            "source": 16
                        },
                        {
                            "destination": 14,
                            "relation": "amod",
                            "source": 16
                        },
                        {
                            "destination": 21,
                            "relation": "pobj",
                            "source": 17
                        },
                        {
                            "destination": 18,
                            "relation": "det",
                            "source": 21
                        },
                        {
                            "destination": 19,
                            "relation": "nn",
                            "source": 21
                        },
                        {
                            "destination": 20,
                            "relation": "nn",
                            "source": 21
                        },
                        {
                            "destination": 24,
                            "relation": "dep",
                            "source": 21
                        },
                        {
                            "destination": 37,
                            "relation": "appos",
                            "source": 24
                        },
                        {
                            "destination": 23,
                            "relation": "amod",
                            "source": 24
                        },
                        {
                            "destination": 26,
                            "relation": "dep",
                            "source": 24
                        },
                        {
                            "destination": 28,
                            "relation": "appos",
                            "source": 24
                        },
                        {
                            "destination": 33,
                            "relation": "dep",
                            "source": 28
                        },
                        {
                            "destination": 29,
                            "relation": "amod",
                            "source": 28
                        },
                        {
                            "destination": 30,
                            "relation": "dep",
                            "source": 29
                        },
                        {
                            "destination": 32,
                            "relation": "amod",
                            "source": 33
                        },
                        {
                            "destination": 35,
                            "relation": "dep",
                            "source": 33
                        },
                        {
                            "destination": 38,
                            "relation": "amod",
                            "source": 37
                        },
                        {
                            "destination": 39,
                            "relation": "dep",
                            "source": 38
                        }
                    ],
                    "roots": [
                        5
                    ]
                },
                "stanford-collapsed": {
                    "edges": [
                        {
                            "destination": 4,
                            "relation": "prep_with",
                            "source": 0
                        },
                        {
                            "destination": 2,
                            "relation": "amod",
                            "source": 4
                        },
                        {
                            "destination": 3,
                            "relation": "nn",
                            "source": 4
                        },
                        {
                            "destination": 0,
                            "relation": "nsubj",
                            "source": 5
                        },
                        {
                            "destination": 6,
                            "relation": "prt",
                            "source": 5
                        },
                        {
                            "destination": 8,
                            "relation": "xcomp",
                            "source": 5
                        },
                        {
                            "destination": 7,
                            "relation": "aux",
                            "source": 8
                        },
                        {
                            "destination": 12,
                            "relation": "dobj",
                            "source": 8
                        },
                        {
                            "destination": 10,
                            "relation": "advmod",
                            "source": 11
                        },
                        {
                            "destination": 16,
                            "relation": "prep_of",
                            "source": 12
                        },
                        {
                            "destination": 9,
                            "relation": "det",
                            "source": 12
                        },
                        {
                            "destination": 11,
                            "relation": "amod",
                            "source": 12
                        },
                        {
                            "destination": 15,
                            "relation": "amod",
                            "source": 16
                        },
                        {
                            "destination": 21,
                            "relation": "prep_with",
                            "source": 16
                        },
                        {
                            "destination": 14,
                            "relation": "amod",
                            "source": 16
                        },
                        {
                            "destination": 18,
                            "relation": "det",
                            "source": 21
                        },
                        {
                            "destination": 19,
                            "relation": "nn",
                            "source": 21
                        },
                        {
                            "destination": 20,
                            "relation": "nn",
                            "source": 21
                        },
                        {
                            "destination": 24,
                            "relation": "dep",
                            "source": 21
                        },
                        {
                            "destination": 37,
                            "relation": "appos",
                            "source": 24
                        },
                        {
                            "destination": 23,
                            "relation": "amod",
                            "source": 24
                        },
                        {
                            "destination": 26,
                            "relation": "dep",
                            "source": 24
                        },
                        {
                            "destination": 28,
                            "relation": "appos",
                            "source": 24
                        },
                        {
                            "destination": 33,
                            "relation": "dep",
                            "source": 28
                        },
                        {
                            "destination": 29,
                            "relation": "amod",
                            "source": 28
                        },
                        {
                            "destination": 30,
                            "relation": "dep",
                            "source": 29
                        },
                        {
                            "destination": 32,
                            "relation": "amod",
                            "source": 33
                        },
                        {
                            "destination": 35,
                            "relation": "dep",
                            "source": 33
                        },
                        {
                            "destination": 38,
                            "relation": "amod",
                            "source": 37
                        },
                        {
                            "destination": 39,
                            "relation": "dep",
                            "source": 38
                        }
                    ],
                    "roots": [
                        5
                    ]
                }
            },
            "lemmas": [
                "patient",
                "with",
                "normal",
                "smad4",
                "diploidy",
                "turn",
                "out",
                "to",
                "have",
                "a",
                "three-fold",
                "higher",
                "benefit",
                "of",
                "5-fluorouracil-based",
                "adjuvant",
                "chemotherapy",
                "with",
                "a",
                "border",
                "line",
                "significance",
                "(",
                "overall",
                "survival",
                ":",
                "3.23",
                ",",
                "p",
                "=",
                "0.056",
                ";",
                "disease-free",
                "survival",
                ":",
                "2.89",
                ",",
                "p",
                "=",
                "0.045",
                ")",
                "."
            ],
            "startOffsets": [
                447,
                456,
                461,
                468,
                474,
                483,
                490,
                494,
                497,
                502,
                504,
                515,
                522,
                530,
                533,
                554,
                563,
                576,
                581,
                583,
                590,
                595,
                608,
                609,
                617,
                625,
                627,
                631,
                633,
                634,
                635,
                640,
                642,
                655,
                663,
                665,
                669,
                671,
                672,
                673,
                678,
                679
            ],
            "tags": [
                "NNS",
                "IN",
                "JJ",
                "NN",
                "NN",
                "VBD",
                "RP",
                "TO",
                "VB",
                "DT",
                "RB",
                "JJR",
                "NN",
                "IN",
                "JJ",
                "JJ",
                "NN",
                "IN",
                "DT",
                "NN",
                "NN",
                "NN",
                "-LRB-",
                "JJ",
                "NN",
                ":",
                "CD",
                ",",
                "NN",
                "JJ",
                "CD",
                ":",
                "JJ",
                "NN",
                ":",
                "CD",
                ",",
                "NN",
                "JJ",
                "CD",
                "-RRB-",
                "."
            ],
            "words": [
                "Patients",
                "with",
                "normal",
                "SMAD4",
                "diploidy",
                "turned",
                "out",
                "to",
                "have",
                "a",
                "three-fold",
                "higher",
                "benefit",
                "of",
                "5-fluorouracil-based",
                "adjuvant",
                "chemotherapy",
                "with",
                "a",
                "border",
                "line",
                "significance",
                "(",
                "overall",
                "survival",
                ":",
                "3.23",
                ",",
                "P",
                "=",
                "0.056",
                ";",
                "disease-free",
                "survival",
                ":",
                "2.89",
                ",",
                "P",
                "=",
                "0.045",
                ")",
                "."
            ]
        },
        {
            "endOffsets": [
                686,
                691,
                695,
                706,
                711,
                715,
                724,
                736,
                741,
                750,
                756,
                763,
                767,
                777,
                780,
                784,
                790,
                797,
                801,
                803,
                817,
                824,
                832,
                837,
                858,
                866,
                867
            ],
            "entities": [
                "O",
                "O",
                "O",
                "O",
                "O",
                "O",
                "O",
                "O",
                "O",
                "O",
                "O",
                "O",
                "O",
                "O",
                "O",
                "O",
                "B-Gene_or_gene_product",
                "I-Gene_or_gene_product",
                "O",
                "O",
                "O",
                "O",
                "O",
                "O",
                "O",
                "O",
                "O"
            ],
            "graphs": {
                "stanford-basic": {
                    "edges": [
                        {
                            "destination": 0,
                            "relation": "det",
                            "source": 1
                        },
                        {
                            "destination": 1,
                            "relation": "nsubj",
                            "source": 3
                        },
                        {
                            "destination": 2,
                            "relation": "cop",
                            "source": 3
                        },
                        {
                            "destination": 18,
                            "relation": "ccomp",
                            "source": 3
                        },
                        {
                            "destination": 4,
                            "relation": "prep",
                            "source": 3
                        },
                        {
                            "destination": 7,
                            "relation": "pobj",
                            "source": 4
                        },
                        {
                            "destination": 5,
                            "relation": "det",
                            "source": 7
                        },
                        {
                            "destination": 6,
                            "relation": "amod",
                            "source": 7
                        },
                        {
                            "destination": 12,
                            "relation": "rcmod",
                            "source": 9
                        },
                        {
                            "destination": 10,
                            "relation": "poss",
                            "source": 11
                        },
                        {
                            "destination": 11,
                            "relation": "nsubj",
                            "source": 12
                        },
                        {
                            "destination": 13,
                            "relation": "dobj",
                            "source": 12
                        },
                        {
                            "destination": 14,
                            "relation": "prep",
                            "source": 13
                        },
                        {
                            "destination": 17,
                            "relation": "pobj",
                            "source": 14
                        },
                        {
                            "destination": 15,
                            "relation": "det",
                            "source": 17
                        },
                        {
                            "destination": 16,
                            "relation": "nn",
                            "source": 17
                        },
                        {
                            "destination": 22,
                            "relation": "dobj",
                            "source": 18
                        },
                        {
                            "destination": 23,
                            "relation": "prep",
                            "source": 18
                        },
                        {
                            "destination": 8,
                            "relation": "mark",
                            "source": 18
                        },
                        {
                            "destination": 9,
                            "relation": "nsubj",
                            "source": 18
                        },
                        {
                            "destination": 20,
                            "relation": "advmod",
                            "source": 21
                        },
                        {
                            "destination": 19,
                            "relation": "det",
                            "source": 22
                        },
                        {
                            "destination": 21,
                            "relation": "amod",
                            "source": 22
                        },
                        {
                            "destination": 25,
                            "relation": "pobj",
                            "source": 23
                        },
                        {
                            "destination": 24,
                            "relation": "amod",
                            "source": 25
                        }
                    ],
                    "roots": [
                        3
                    ]
                },
                "stanford-collapsed": {
                    "edges": [
                        {
                            "destination": 0,
                            "relation": "det",
                            "source": 1
                        },
                        {
                            "destination": 1,
                            "relation": "nsubj",
                            "source": 3
                        },
                        {
                            "destination": 2,
                            "relation": "cop",
                            "source": 3
                        },
                        {
                            "destination": 18,
                            "relation": "ccomp",
                            "source": 3
                        },
                        {
                            "destination": 7,
                            "relation": "prep_with",
                            "source": 3
                        },
                        {
                            "destination": 5,
                            "relation": "det",
                            "source": 7
                        },
                        {
                            "destination": 6,
                            "relation": "amod",
                            "source": 7
                        },
                        {
                            "destination": 12,
                            "relation": "rcmod",
                            "source": 9
                        },
                        {
                            "destination": 10,
                            "relation": "poss",
                            "source": 11
                        },
                        {
                            "destination": 11,
                            "relation": "nsubj",
                            "source": 12
                        },
                        {
                            "destination": 13,
                            "relation": "dobj",
                            "source": 12
                        },
                        {
                            "destination": 17,
                            "relation": "prep_of",
                            "source": 13
                        },
                        {
                            "destination": 15,
                            "relation": "det",
                            "source": 17
                        },
                        {
                            "destination": 16,
                            "relation": "nn",
                            "source": 17
                        },
                        {
                            "destination": 22,
                            "relation": "dobj",
                            "source": 18
                        },
                        {
                            "destination": 8,
                            "relation": "mark",
                            "source": 18
                        },
                        {
                            "destination": 9,
                            "relation": "nsubj",
                            "source": 18
                        },
                        {
                            "destination": 25,
                            "relation": "prep_from",
                            "source": 18
                        },
                        {
                            "destination": 20,
                            "relation": "advmod",
                            "source": 21
                        },
                        {
                            "destination": 19,
                            "relation": "det",
                            "source": 22
                        },
                        {
                            "destination": 21,
                            "relation": "amod",
                            "source": 22
                        },
                        {
                            "destination": 24,
                            "relation": "amod",
                            "source": 25
                        }
                    ],
                    "roots": [
                        3
                    ]
                }
            },
            "lemmas": [
                "these",
                "datum",
                "be",
                "consistent",
                "with",
                "the",
                "previous",
                "observation",
                "that",
                "patient",
                "whose",
                "cancer",
                "have",
                "retention",
                "of",
                "the",
                "18q21",
                "region",
                "have",
                "a",
                "significantly",
                "higher",
                "benefit",
                "from",
                "5-fluorouracil-based",
                "therapy",
                "."
            ],
            "startOffsets": [
                681,
                687,
                692,
                696,
                707,
                712,
                716,
                725,
                737,
                742,
                751,
                757,
                764,
                768,
                778,
                781,
                785,
                791,
                798,
                802,
                804,
                818,
                825,
                833,
                838,
                859,
                866
            ],
            "tags": [
                "DT",
                "NNS",
                "VBP",
                "JJ",
                "IN",
                "DT",
                "JJ",
                "NN",
                "IN",
                "NNS",
                "WP$",
                "NN",
                "VBD",
                "NN",
                "IN",
                "DT",
                "NN",
                "NN",
                "VBD",
                "DT",
                "RB",
                "JJR",
                "NN",
                "IN",
                "JJ",
                "NN",
                "."
            ],
            "words": [
                "These",
                "data",
                "are",
                "consistent",
                "with",
                "the",
                "previous",
                "observation",
                "that",
                "patients",
                "whose",
                "cancer",
                "had",
                "retention",
                "of",
                "the",
                "18q21",
                "region",
                "had",
                "a",
                "significantly",
                "higher",
                "benefit",
                "from",
                "5-fluorouracil-based",
                "therapy",
                "."
            ]
        },
        {
            "endOffsets": [
                876,
                877,
                883,
                891,
                895,
                903,
                905,
                916,
                919,
                923,
                928,
                934,
                937,
                941,
                950,
                960,
                963,
                969,
                978,
                979,
                987,
                998,
                1004,
                1007,
                1009,
                1020,
                1027,
                1030,
                1041,
                1048,
                1049
            ],
            "entities": [
                "O",
                "O",
                "O",
                "O",
                "O",
                "O",
                "O",
                "O",
                "O",
                "O",
                "O",
                "O",
                "O",
                "O",
                "O",
                "O",
                "O",
                "B-Gene_or_gene_product",
                "I-Gene_or_gene_product",
                "O",
                "O",
                "O",
                "B-Gene_or_gene_product",
                "O",
                "O",
                "O",
                "O",
                "O",
                "B-TissueType",
                "I-TissueType",
                "O"
            ],
            "graphs": {
                "stanford-basic": {
                    "edges": [
                        {
                            "destination": 2,
                            "relation": "det",
                            "source": 3
                        },
                        {
                            "destination": 0,
                            "relation": "advmod",
                            "source": 5
                        },
                        {
                            "destination": 3,
                            "relation": "nsubj",
                            "source": 5
                        },
                        {
                            "destination": 4,
                            "relation": "aux",
                            "source": 5
                        },
                        {
                            "destination": 21,
                            "relation": "vmod",
                            "source": 5
                        },
                        {
                            "destination": 7,
                            "relation": "dobj",
                            "source": 5
                        },
                        {
                            "destination": 8,
                            "relation": "prep",
                            "source": 5
                        },
                        {
                            "destination": 6,
                            "relation": "det",
                            "source": 7
                        },
                        {
                            "destination": 11,
                            "relation": "pobj",
                            "source": 8
                        },
                        {
                            "destination": 9,
                            "relation": "det",
                            "source": 11
                        },
                        {
                            "destination": 10,
                            "relation": "nn",
                            "source": 11
                        },
                        {
                            "destination": 12,
                            "relation": "prep",
                            "source": 11
                        },
                        {
                            "destination": 15,
                            "relation": "pobj",
                            "source": 12
                        },
                        {
                            "destination": 16,
                            "relation": "prep",
                            "source": 15
                        },
                        {
                            "destination": 13,
                            "relation": "det",
                            "source": 15
                        },
                        {
                            "destination": 14,
                            "relation": "amod",
                            "source": 15
                        },
                        {
                            "destination": 18,
                            "relation": "pobj",
                            "source": 16
                        },
                        {
                            "destination": 17,
                            "relation": "nn",
                            "source": 18
                        },
                        {
                            "destination": 20,
                            "relation": "advmod",
                            "source": 21
                        },
                        {
                            "destination": 22,
                            "relation": "dobj",
                            "source": 21
                        },
                        {
                            "destination": 23,
                            "relation": "prep",
                            "source": 21
                        },
                        {
                            "destination": 26,
                            "relation": "pobj",
                            "source": 23
                        },
                        {
                            "destination": 24,
                            "relation": "det",
                            "source": 26
                        },
                        {
                            "destination": 25,
                            "relation": "amod",
                            "source": 26
                        },
                        {
                            "destination": 27,
                            "relation": "prep",
                            "source": 26
                        },
                        {
                            "destination": 29,
                            "relation": "pobj",
                            "source": 27
                        },
                        {
                            "destination": 28,
                            "relation": "amod",
                            "source": 29
                        }
                    ],
                    "roots": [
                        5
                    ]
                },
                "stanford-collapsed": {
                    "edges": [
                        {
                            "destination": 2,
                            "relation": "det",
                            "source": 3
                        },
                        {
                            "destination": 0,
                            "relation": "advmod",
                            "source": 5
                        },
                        {
                            "destination": 3,
                            "relation": "nsubj",
                            "source": 5
                        },
                        {
                            "destination": 4,
                            "relation": "aux",
                            "source": 5
                        },
                        {
                            "destination": 21,
                            "relation": "vmod",
                            "source": 5
                        },
                        {
                            "destination": 7,
                            "relation": "dobj",
                            "source": 5
                        },
                        {
                            "destination": 11,
                            "relation": "prep_at",
                            "source": 5
                        },
                        {
                            "destination": 6,
                            "relation": "det",
                            "source": 7
                        },
                        {
                            "destination": 15,
                            "relation": "prep_of",
                            "source": 11
                        },
                        {
                            "destination": 9,
                            "relation": "det",
                            "source": 11
                        },
                        {
                            "destination": 10,
                            "relation": "nn",
                            "source": 11
                        },
                        {
                            "destination": 18,
                            "relation": "prep_of",
                            "source": 15
                        },
                        {
                            "destination": 13,
                            "relation": "det",
                            "source": 15
                        },
                        {
                            "destination": 14,
                            "relation": "amod",
                            "source": 15
                        },
                        {
                            "destination": 17,
                            "relation": "nn",
                            "source": 18
                        },
                        {
                            "destination": 20,
                            "relation": "advmod",
                            "source": 21
                        },
                        {
                            "destination": 22,
                            "relation": "dobj",
                            "source": 21
                        },
                        {
                            "destination": 26,
                            "relation": "prep_as",
                            "source": 21
                        },
                        {
                            "destination": 24,
                            "relation": "det",
                            "source": 26
                        },
                        {
                            "destination": 25,
                            "relation": "amod",
                            "source": 26
                        },
                        {
                            "destination": 29,
                            "relation": "prep_in",
                            "source": 26
                        },
                        {
                            "destination": 28,
                            "relation": "amod",
                            "source": 29
                        }
                    ],
                    "roots": [
                        5
                    ]
                }
            },
            "lemmas": [
                "moreover",
                ",",
                "these",
                "result",
                "may",
                "provide",
                "a",
                "refinement",
                "at",
                "the",
                "gene",
                "level",
                "of",
                "the",
                "clinical",
                "relevance",
                "of",
                "18q21",
                "deletion",
                ",",
                "thereby",
                "suggest",
                "smad4",
                "as",
                "a",
                "predictive",
                "marker",
                "in",
                "colorectal",
                "cancer",
                "."
            ],
            "startOffsets": [
                868,
                876,
                878,
                884,
                892,
                896,
                904,
                906,
                917,
                920,
                924,
                929,
                935,
                938,
                942,
                951,
                961,
                964,
                970,
                978,
                980,
                988,
                999,
                1005,
                1008,
                1010,
                1021,
                1028,
                1031,
                1042,
                1048
            ],
            "tags": [
                "RB",
                ",",
                "DT",
                "NNS",
                "MD",
                "VB",
                "DT",
                "NN",
                "IN",
                "DT",
                "NN",
                "NN",
                "IN",
                "DT",
                "JJ",
                "NN",
                "IN",
                "NN",
                "NN",
                ",",
                "RB",
                "VBG",
                "NN",
                "IN",
                "DT",
                "JJ",
                "NN",
                "IN",
                "JJ",
                "NN",
                "."
            ],
            "words": [
                "Moreover",
                ",",
                "these",
                "results",
                "may",
                "provide",
                "a",
                "refinement",
                "at",
                "the",
                "gene",
                "level",
                "of",
                "the",
                "clinical",
                "relevance",
                "of",
                "18q21",
                "deletion",
                ",",
                "thereby",
                "suggesting",
                "SMAD4",
                "as",
                "a",
                "predictive",
                "marker",
                "in",
                "colorectal",
                "cancer",
                "."
            ]
        },
        {
            "endOffsets": [
                1054,
                1059,
                1064,
                1073,
                1078,
                1088,
                1091,
                1096,
                1106,
                1109,
                1113,
                1126,
                1133,
                1145,
                1146,
                1150,
                1164,
                1172,
                1183,
                1191,
                1195,
                1198,
                1200,
                1209,
                1216,
                1220,
                1228,
                1231,
                1244,
                1247,
                1256,
                1261,
                1272,
                1279,
                1280
            ],
            "entities": [
                "O",
                "O",
                "O",
                "O",
                "O",
                "O",
                "O",
                "O",
                "O",
                "O",
                "O",
                "B-Family",
                "I-Family",
                "I-Family",
                "O",
                "B-TissueType",
                "B-Gene_or_gene_product",
                "I-Gene_or_gene_product",
                "B-BioProcess",
                "I-BioProcess",
                "O",
                "O",
                "O",
                "O",
                "O",
                "O",
                "O",
                "O",
                "O",
                "O",
                "O",
                "O",
                "B-TissueType",
                "I-TissueType",
                "O"
            ],
            "graphs": {
                "stanford-basic": {
                    "edges": [
                        {
                            "destination": 0,
                            "relation": "det",
                            "source": 1
                        },
                        {
                            "destination": 1,
                            "relation": "nsubj",
                            "source": 3
                        },
                        {
                            "destination": 2,
                            "relation": "advmod",
                            "source": 3
                        },
                        {
                            "destination": 24,
                            "relation": "ccomp",
                            "source": 3
                        },
                        {
                            "destination": 6,
                            "relation": "prep",
                            "source": 5
                        },
                        {
                            "destination": 8,
                            "relation": "pobj",
                            "source": 6
                        },
                        {
                            "destination": 7,
                            "relation": "det",
                            "source": 8
                        },
                        {
                            "destination": 9,
                            "relation": "prep",
                            "source": 8
                        },
                        {
                            "destination": 13,
                            "relation": "pobj",
                            "source": 9
                        },
                        {
                            "destination": 15,
                            "relation": "conj",
                            "source": 13
                        },
                        {
                            "destination": 10,
                            "relation": "det",
                            "source": 13
                        },
                        {
                            "destination": 11,
                            "relation": "amod",
                            "source": 13
                        },
                        {
                            "destination": 12,
                            "relation": "nn",
                            "source": 13
                        },
                        {
                            "destination": 14,
                            "relation": "cc",
                            "source": 13
                        },
                        {
                            "destination": 19,
                            "relation": "dep",
                            "source": 15
                        },
                        {
                            "destination": 16,
                            "relation": "amod",
                            "source": 19
                        },
                        {
                            "destination": 17,
                            "relation": "nn",
                            "source": 19
                        },
                        {
                            "destination": 18,
                            "relation": "nn",
                            "source": 19
                        },
                        {
                            "destination": 4,
                            "relation": "mark",
                            "source": 24
                        },
                        {
                            "destination": 20,
                            "relation": "aux",
                            "source": 24
                        },
                        {
                            "destination": 5,
                            "relation": "nsubj",
                            "source": 24
                        },
                        {
                            "destination": 21,
                            "relation": "cop",
                            "source": 24
                        },
                        {
                            "destination": 22,
                            "relation": "det",
                            "source": 24
                        },
                        {
                            "destination": 23,
                            "relation": "amod",
                            "source": 24
                        },
                        {
                            "destination": 25,
                            "relation": "prep",
                            "source": 24
                        },
                        {
                            "destination": 26,
                            "relation": "pobj",
                            "source": 25
                        },
                        {
                            "destination": 27,
                            "relation": "prep",
                            "source": 26
                        },
                        {
                            "destination": 28,
                            "relation": "pobj",
                            "source": 27
                        },
                        {
                            "destination": 29,
                            "relation": "prep",
                            "source": 28
                        },
                        {
                            "destination": 30,
                            "relation": "pobj",
                            "source": 29
                        },
                        {
                            "destination": 31,
                            "relation": "prep",
                            "source": 30
                        },
                        {
                            "destination": 33,
                            "relation": "pobj",
                            "source": 31
                        },
                        {
                            "destination": 32,
                            "relation": "amod",
                            "source": 33
                        }
                    ],
                    "roots": [
                        3
                    ]
                },
                "stanford-collapsed": {
                    "edges": [
                        {
                            "destination": 0,
                            "relation": "det",
                            "source": 1
                        },
                        {
                            "destination": 1,
                            "relation": "nsubj",
                            "source": 3
                        },
                        {
                            "destination": 2,
                            "relation": "advmod",
                            "source": 3
                        },
                        {
                            "destination": 24,
                            "relation": "ccomp",
                            "source": 3
                        },
                        {
                            "destination": 8,
                            "relation": "prep_of",
                            "source": 5
                        },
                        {
                            "destination": 15,
                            "relation": "prep_of",
                            "source": 8
                        },
                        {
                            "destination": 7,
                            "relation": "det",
                            "source": 8
                        },
                        {
                            "destination": 13,
                            "relation": "prep_of",
                            "source": 8
                        },
                        {
                            "destination": 15,
                            "relation": "conj_and",
                            "source": 13
                        },
                        {
                            "destination": 10,
                            "relation": "det",
                            "source": 13
                        },
                        {
                            "destination": 11,
                            "relation": "amod",
                            "source": 13
                        },
                        {
                            "destination": 12,
                            "relation": "nn",
                            "source": 13
                        },
                        {
                            "destination": 19,
                            "relation": "dep",
                            "source": 15
                        },
                        {
                            "destination": 16,
                            "relation": "amod",
                            "source": 19
                        },
                        {
                            "destination": 17,
                            "relation": "nn",
                            "source": 19
                        },
                        {
                            "destination": 18,
                            "relation": "nn",
                            "source": 19
                        },
                        {
                            "destination": 4,
                            "relation": "mark",
                            "source": 24
                        },
                        {
                            "destination": 20,
                            "relation": "aux",
                            "source": 24
                        },
                        {
                            "destination": 5,
                            "relation": "nsubj",
                            "source": 24
                        },
                        {
                            "destination": 21,
                            "relation": "cop",
                            "source": 24
                        },
                        {
                            "destination": 22,
                            "relation": "det",
                            "source": 24
                        },
                        {
                            "destination": 23,
                            "relation": "amod",
                            "source": 24
                        },
                        {
                            "destination": 26,
                            "relation": "prep_for",
                            "source": 24
                        },
                        {
                            "destination": 28,
                            "relation": "prep_of",
                            "source": 26
                        },
                        {
                            "destination": 30,
                            "relation": "prep_in",
                            "source": 28
                        },
                        {
                            "destination": 33,
                            "relation": "prep_with",
                            "source": 30
                        },
                        {
                            "destination": 32,
                            "relation": "amod",
                            "source": 33
                        }
                    ],
                    "roots": [
                        3
                    ]
                }
            },
            "lemmas": [
                "this",
                "datum",
                "also",
                "indicate",
                "that",
                "integrity",
                "of",
                "this",
                "component",
                "of",
                "the",
                "transform",
                "growth",
                "factor-beta",
                "and",
                "bone",
                "morphogenetic",
                "protein",
                "signalling",
                "pathway",
                "may",
                "be",
                "a",
                "critical",
                "factor",
                "for",
                "benefit",
                "of",
                "chemotherapy",
                "in",
                "patient",
                "with",
                "colorectal",
                "cancer",
                "."
            ],
            "startOffsets": [
                1050,
                1055,
                1060,
                1065,
                1074,
                1079,
                1089,
                1092,
                1097,
                1107,
                1110,
                1114,
                1127,
                1134,
                1145,
                1146,
                1151,
                1165,
                1173,
                1184,
                1192,
                1196,
                1199,
                1201,
                1210,
                1217,
                1221,
                1229,
                1232,
                1245,
                1248,
                1257,
                1262,
                1273,
                1279
            ],
            "tags": [
                "DT",
                "NNS",
                "RB",
                "VBP",
                "IN",
                "NN",
                "IN",
                "DT",
                "NN",
                "IN",
                "DT",
                "VBG",
                "NN",
                "NN",
                "CC",
                "NN",
                "JJ",
                "NN",
                "NN",
                "NN",
                "MD",
                "VB",
                "DT",
                "JJ",
                "NN",
                "IN",
                "NN",
                "IN",
                "NN",
                "IN",
                "NNS",
                "IN",
                "JJ",
                "NN",
                "."
            ],
            "words": [
                "This",
                "data",
                "also",
                "indicate",
                "that",
                "integrity",
                "of",
                "this",
                "component",
                "of",
                "the",
                "transforming",
                "growth",
                "factor-beta",
                "and",
                "bone",
                "morphogenetic",
                "protein",
                "signalling",
                "pathway",
                "may",
                "be",
                "a",
                "critical",
                "factor",
                "for",
                "benefit",
                "of",
                "chemotherapy",
                "in",
                "patients",
                "with",
                "colorectal",
                "cancer",
                "."
            ]
        }
    ],
    "text": "The gene for the transducer of transforming growth factor-beta/bone morphogenetic\nprotein signalling SMAD4, a potential suppressor of colorectal carcinogenesis, is\nlocated at the chromosomal region 18q21. In order to evaluate the clinical\nrelevance of SMAD4 deletion, gene copy alterations were determined by copy dosage\nusing real-time quantitative PCR in 202 colorectal tumour biopsies from a\nprevious randomised study of adjuvant chemotherapy. Patients with normal SMAD4\ndiploidy turned out to have a three-fold higher benefit of 5-fluorouracil-based\nadjuvant chemotherapy with a border line significance (overall survival: 3.23,\nP=0.056; disease-free survival: 2.89, P=0.045). These data are consistent with\nthe previous observation that patients whose cancer had retention of the 18q21\nregion had a significantly higher benefit from 5-fluorouracil-based therapy.\nMoreover, these results may provide a refinement at the gene level of the\nclinical relevance of 18q21 deletion, thereby suggesting SMAD4 as a predictive\nmarker in colorectal cancer. This data also indicate that integrity of this\ncomponent of the transforming growth factor-beta/bone morphogenetic protein\nsignalling pathway may be a critical factor for benefit of chemotherapy in\npatients with colorectal cancer."
}