{
    "id": "1568170",
    "sentences": [
        {
            "endOffsets": [
                3,
                15,
                24,
                27,
                30,
                43,
                48,
                51,
                60,
                64,
                73,
                74
            ],
            "entities": [
                "O",
                "O",
                "O",
                "O",
                "O",
                "O",
                "O",
                "O",
                "O",
                "O",
                "O",
                "O"
            ],
            "graphs": {
                "stanford-basic": {
                    "edges": [
                        {
                            "destination": 0,
                            "relation": "det",
                            "source": 2
                        },
                        {
                            "destination": 1,
                            "relation": "amod",
                            "source": 2
                        },
                        {
                            "destination": 3,
                            "relation": "prep",
                            "source": 2
                        },
                        {
                            "destination": 5,
                            "relation": "pobj",
                            "source": 3
                        },
                        {
                            "destination": 4,
                            "relation": "num",
                            "source": 5
                        },
                        {
                            "destination": 6,
                            "relation": "prep",
                            "source": 5
                        },
                        {
                            "destination": 8,
                            "relation": "pobj",
                            "source": 6
                        },
                        {
                            "destination": 7,
                            "relation": "num",
                            "source": 8
                        },
                        {
                            "destination": 2,
                            "relation": "nsubjpass",
                            "source": 10
                        },
                        {
                            "destination": 9,
                            "relation": "auxpass",
                            "source": 10
                        }
                    ],
                    "roots": [
                        10
                    ]
                },
                "stanford-collapsed": {
                    "edges": [
                        {
                            "destination": 0,
                            "relation": "det",
                            "source": 2
                        },
                        {
                            "destination": 1,
                            "relation": "amod",
                            "source": 2
                        },
                        {
                            "destination": 5,
                            "relation": "prep_in",
                            "source": 2
                        },
                        {
                            "destination": 4,
                            "relation": "num",
                            "source": 5
                        },
                        {
                            "destination": 8,
                            "relation": "prep_from",
                            "source": 5
                        },
                        {
                            "destination": 7,
                            "relation": "num",
                            "source": 8
                        },
                        {
                            "destination": 2,
                            "relation": "nsubjpass",
                            "source": 10
                        },
                        {
                            "destination": 9,
                            "relation": "auxpass",
                            "source": 10
                        }
                    ],
                    "roots": [
                        10
                    ]
                }
            },
            "lemmas": [
                "the",
                "cytogenetic",
                "finding",
                "in",
                "31",
                "liposarcoma",
                "from",
                "26",
                "patient",
                "be",
                "report",
                "."
            ],
            "startOffsets": [
                0,
                4,
                16,
                25,
                28,
                31,
                44,
                49,
                52,
                61,
                65,
                73
            ],
            "tags": [
                "DT",
                "JJ",
                "NNS",
                "IN",
                "CD",
                "NNS",
                "IN",
                "CD",
                "NNS",
                "VBP",
                "VBN",
                "."
            ],
            "words": [
                "The",
                "cytogenetic",
                "findings",
                "in",
                "31",
                "liposarcomas",
                "from",
                "26",
                "patients",
                "are",
                "reported",
                "."
            ]
        },
        {
            "endOffsets": [
                79,
                85,
                92,
                96,
                100,
                105,
                106
            ],
            "entities": [
                "O",
                "O",
                "O",
                "O",
                "O",
                "O",
                "O"
            ],
            "graphs": {
                "stanford-basic": {
                    "edges": [
                        {
                            "destination": 0,
                            "relation": "num",
                            "source": 2
                        },
                        {
                            "destination": 1,
                            "relation": "amod",
                            "source": 2
                        },
                        {
                            "destination": 2,
                            "relation": "nsubj",
                            "source": 5
                        },
                        {
                            "destination": 3,
                            "relation": "aux",
                            "source": 5
                        },
                        {
                            "destination": 4,
                            "relation": "neg",
                            "source": 5
                        }
                    ],
                    "roots": [
                        5
                    ]
                },
                "stanford-collapsed": {
                    "edges": [
                        {
                            "destination": 0,
                            "relation": "num",
                            "source": 2
                        },
                        {
                            "destination": 1,
                            "relation": "amod",
                            "source": 2
                        },
                        {
                            "destination": 2,
                            "relation": "nsubj",
                            "source": 5
                        },
                        {
                            "destination": 3,
                            "relation": "aux",
                            "source": 5
                        },
                        {
                            "destination": 4,
                            "relation": "neg",
                            "source": 5
                        }
                    ],
                    "roots": [
                        5
                    ]
                }
            },
            "lemmas": [
                "four",
                "other",
                "tumor",
                "do",
                "not",
                "grow",
                "."
            ],
            "startOffsets": [
                75,
                80,
                86,
                93,
                97,
                101,
                105
            ],
            "tags": [
                "CD",
                "JJ",
                "NNS",
                "VBD",
                "RB",
                "VB",
                "."
            ],
            "words": [
                "Four",
                "other",
                "tumors",
                "did",
                "not",
                "grow",
                "."
            ]
        },
        {
            "endOffsets": [
                112,
                123,
                129,
                133,
                145,
                148,
                153,
                162,
                163
            ],
            "entities": [
                "O",
                "O",
                "O",
                "O",
                "O",
                "O",
                "O",
                "O",
                "O"
            ],
            "graphs": {
                "stanford-basic": {
                    "edges": [
                        {
                            "destination": 0,
                            "relation": "num",
                            "source": 2
                        },
                        {
                            "destination": 1,
                            "relation": "amod",
                            "source": 2
                        },
                        {
                            "destination": 2,
                            "relation": "nsubjpass",
                            "source": 4
                        },
                        {
                            "destination": 3,
                            "relation": "auxpass",
                            "source": 4
                        },
                        {
                            "destination": 5,
                            "relation": "prep",
                            "source": 4
                        },
                        {
                            "destination": 7,
                            "relation": "pobj",
                            "source": 5
                        },
                        {
                            "destination": 6,
                            "relation": "det",
                            "source": 7
                        }
                    ],
                    "roots": [
                        4
                    ]
                },
                "stanford-collapsed": {
                    "edges": [
                        {
                            "destination": 0,
                            "relation": "num",
                            "source": 2
                        },
                        {
                            "destination": 1,
                            "relation": "amod",
                            "source": 2
                        },
                        {
                            "destination": 2,
                            "relation": "nsubjpass",
                            "source": 4
                        },
                        {
                            "destination": 3,
                            "relation": "auxpass",
                            "source": 4
                        },
                        {
                            "destination": 7,
                            "relation": "prep_in",
                            "source": 4
                        },
                        {
                            "destination": 6,
                            "relation": "det",
                            "source": 7
                        }
                    ],
                    "roots": [
                        4
                    ]
                }
            },
            "lemmas": [
                "three",
                "histologic",
                "type",
                "be",
                "represent",
                "in",
                "this",
                "analysis",
                "."
            ],
            "startOffsets": [
                107,
                113,
                124,
                130,
                134,
                146,
                149,
                154,
                162
            ],
            "tags": [
                "CD",
                "JJ",
                "NNS",
                "VBP",
                "VBN",
                "IN",
                "DT",
                "NN",
                "."
            ],
            "words": [
                "Three",
                "histologic",
                "types",
                "are",
                "represented",
                "in",
                "this",
                "analysis",
                "."
            ]
        },
        {
            "endOffsets": [
                167,
                172,
                187,
                200,
                205,
                219,
                222,
                232,
                245,
                246,
                252,
                259,
                271,
                275,
                280,
                292,
                293,
                297,
                300,
                305,
                311,
                312,
                319,
                327,
                328
            ],
            "entities": [
                "O",
                "O",
                "O",
                "O",
                "O",
                "O",
                "O",
                "O",
                "O",
                "O",
                "O",
                "O",
                "B-Cellular_component",
                "O",
                "O",
                "B-Cellular_component",
                "O",
                "O",
                "O",
                "O",
                "O",
                "O",
                "O",
                "O",
                "O"
            ],
            "graphs": {
                "stanford-basic": {
                    "edges": [
                        {
                            "destination": 0,
                            "relation": "det",
                            "source": 1
                        },
                        {
                            "destination": 2,
                            "relation": "vmod",
                            "source": 1
                        },
                        {
                            "destination": 3,
                            "relation": "dobj",
                            "source": 2
                        },
                        {
                            "destination": 1,
                            "relation": "nsubjpass",
                            "source": 5
                        },
                        {
                            "destination": 4,
                            "relation": "auxpass",
                            "source": 5
                        },
                        {
                            "destination": 6,
                            "relation": "prep",
                            "source": 5
                        },
                        {
                            "destination": 17,
                            "relation": "cc",
                            "source": 6
                        },
                        {
                            "destination": 18,
                            "relation": "conj",
                            "source": 6
                        },
                        {
                            "destination": 8,
                            "relation": "pobj",
                            "source": 6
                        },
                        {
                            "destination": 15,
                            "relation": "conj",
                            "source": 8
                        },
                        {
                            "destination": 7,
                            "relation": "amod",
                            "source": 8
                        },
                        {
                            "destination": 12,
                            "relation": "conj",
                            "source": 8
                        },
                        {
                            "destination": 13,
                            "relation": "cc",
                            "source": 8
                        },
                        {
                            "destination": 10,
                            "relation": "amod",
                            "source": 12
                        },
                        {
                            "destination": 11,
                            "relation": "nn",
                            "source": 12
                        },
                        {
                            "destination": 14,
                            "relation": "nn",
                            "source": 15
                        },
                        {
                            "destination": 20,
                            "relation": "pobj",
                            "source": 18
                        },
                        {
                            "destination": 19,
                            "relation": "det",
                            "source": 20
                        },
                        {
                            "destination": 23,
                            "relation": "appos",
                            "source": 20
                        },
                        {
                            "destination": 22,
                            "relation": "amod",
                            "source": 23
                        }
                    ],
                    "roots": [
                        5
                    ]
                },
                "stanford-collapsed": {
                    "edges": [
                        {
                            "destination": 0,
                            "relation": "det",
                            "source": 1
                        },
                        {
                            "destination": 2,
                            "relation": "vmod",
                            "source": 1
                        },
                        {
                            "destination": 3,
                            "relation": "dobj",
                            "source": 2
                        },
                        {
                            "destination": 15,
                            "relation": "agent",
                            "source": 5
                        },
                        {
                            "destination": 1,
                            "relation": "nsubjpass",
                            "source": 5
                        },
                        {
                            "destination": 4,
                            "relation": "auxpass",
                            "source": 5
                        },
                        {
                            "destination": 5,
                            "relation": "conj_and",
                            "source": 5
                        },
                        {
                            "destination": 8,
                            "relation": "agent",
                            "source": 5
                        },
                        {
                            "destination": 12,
                            "relation": "agent",
                            "source": 5
                        },
                        {
                            "destination": 1,
                            "relation": "nsubjpass",
                            "source": 5
                        },
                        {
                            "destination": 20,
                            "relation": "prep_in",
                            "source": 5
                        },
                        {
                            "destination": 15,
                            "relation": "conj_and",
                            "source": 8
                        },
                        {
                            "destination": 7,
                            "relation": "amod",
                            "source": 8
                        },
                        {
                            "destination": 12,
                            "relation": "conj_and",
                            "source": 8
                        },
                        {
                            "destination": 10,
                            "relation": "amod",
                            "source": 12
                        },
                        {
                            "destination": 11,
                            "relation": "nn",
                            "source": 12
                        },
                        {
                            "destination": 14,
                            "relation": "nn",
                            "source": 15
                        },
                        {
                            "destination": 19,
                            "relation": "det",
                            "source": 20
                        },
                        {
                            "destination": 23,
                            "relation": "appos",
                            "source": 20
                        },
                        {
                            "destination": 22,
                            "relation": "amod",
                            "source": 23
                        }
                    ],
                    "roots": [
                        5
                    ]
                }
            },
            "lemmas": [
                "the",
                "well",
                "differentiate",
                "liposarcoma",
                "be",
                "characterize",
                "by",
                "telomeric",
                "association",
                ",",
                "large",
                "marker",
                "chromosome",
                "and",
                "ring",
                "chromosome",
                ",",
                "and",
                "in",
                "some",
                "case",
                ",",
                "double",
                "minute",
                "."
            ],
            "startOffsets": [
                164,
                168,
                173,
                188,
                201,
                206,
                220,
                223,
                233,
                245,
                247,
                253,
                260,
                272,
                276,
                281,
                292,
                294,
                298,
                301,
                306,
                311,
                313,
                320,
                327
            ],
            "tags": [
                "DT",
                "RB",
                "VBN",
                "NNS",
                "VBD",
                "VBN",
                "IN",
                "JJ",
                "NNS",
                ",",
                "JJ",
                "NN",
                "NNS",
                "CC",
                "NN",
                "NNS",
                ",",
                "CC",
                "IN",
                "DT",
                "NNS",
                ",",
                "JJ",
                "NNS",
                "."
            ],
            "words": [
                "The",
                "well",
                "differentiated",
                "liposarcomas",
                "were",
                "characterized",
                "by",
                "telomeric",
                "associations",
                ",",
                "large",
                "marker",
                "chromosomes",
                "and",
                "ring",
                "chromosomes",
                ",",
                "and",
                "in",
                "some",
                "cases",
                ",",
                "double",
                "minutes",
                "."
            ]
        },
        {
            "endOffsets": [
                332,
                344,
                357,
                367,
                372,
                377,
                384,
                396,
                404,
                409,
                425,
                431,
                435,
                444,
                453,
                454,
                460,
                475,
                476,
                488,
                502,
                503
            ],
            "entities": [
                "O",
                "O",
                "O",
                "O",
                "O",
                "O",
                "O",
                "O",
                "O",
                "O",
                "O",
                "O",
                "O",
                "O",
                "O",
                "O",
                "O",
                "O",
                "O",
                "O",
                "O",
                "O"
            ],
            "graphs": {
                "stanford-basic": {
                    "edges": [
                        {
                            "destination": 0,
                            "relation": "det",
                            "source": 2
                        },
                        {
                            "destination": 1,
                            "relation": "amod",
                            "source": 2
                        },
                        {
                            "destination": 2,
                            "relation": "nsubj",
                            "source": 3
                        },
                        {
                            "destination": 8,
                            "relation": "dobj",
                            "source": 3
                        },
                        {
                            "destination": 4,
                            "relation": "advmod",
                            "source": 5
                        },
                        {
                            "destination": 5,
                            "relation": "amod",
                            "source": 8
                        },
                        {
                            "destination": 6,
                            "relation": "amod",
                            "source": 8
                        },
                        {
                            "destination": 7,
                            "relation": "amod",
                            "source": 8
                        },
                        {
                            "destination": 9,
                            "relation": "prep",
                            "source": 8
                        },
                        {
                            "destination": 12,
                            "relation": "cc",
                            "source": 8
                        },
                        {
                            "destination": 14,
                            "relation": "conj",
                            "source": 8
                        },
                        {
                            "destination": 11,
                            "relation": "pobj",
                            "source": 9
                        },
                        {
                            "destination": 10,
                            "relation": "amod",
                            "source": 11
                        },
                        {
                            "destination": 17,
                            "relation": "amod",
                            "source": 14
                        },
                        {
                            "destination": 20,
                            "relation": "appos",
                            "source": 14
                        },
                        {
                            "destination": 13,
                            "relation": "amod",
                            "source": 14
                        },
                        {
                            "destination": 16,
                            "relation": "advmod",
                            "source": 17
                        },
                        {
                            "destination": 19,
                            "relation": "amod",
                            "source": 20
                        }
                    ],
                    "roots": [
                        3
                    ]
                },
                "stanford-collapsed": {
                    "edges": [
                        {
                            "destination": 0,
                            "relation": "det",
                            "source": 2
                        },
                        {
                            "destination": 1,
                            "relation": "amod",
                            "source": 2
                        },
                        {
                            "destination": 2,
                            "relation": "nsubj",
                            "source": 3
                        },
                        {
                            "destination": 8,
                            "relation": "dobj",
                            "source": 3
                        },
                        {
                            "destination": 14,
                            "relation": "dobj",
                            "source": 3
                        },
                        {
                            "destination": 4,
                            "relation": "advmod",
                            "source": 5
                        },
                        {
                            "destination": 5,
                            "relation": "amod",
                            "source": 8
                        },
                        {
                            "destination": 6,
                            "relation": "amod",
                            "source": 8
                        },
                        {
                            "destination": 7,
                            "relation": "amod",
                            "source": 8
                        },
                        {
                            "destination": 11,
                            "relation": "prep_with",
                            "source": 8
                        },
                        {
                            "destination": 14,
                            "relation": "conj_and",
                            "source": 8
                        },
                        {
                            "destination": 10,
                            "relation": "amod",
                            "source": 11
                        },
                        {
                            "destination": 17,
                            "relation": "amod",
                            "source": 14
                        },
                        {
                            "destination": 20,
                            "relation": "appos",
                            "source": 14
                        },
                        {
                            "destination": 13,
                            "relation": "amod",
                            "source": 14
                        },
                        {
                            "destination": 16,
                            "relation": "advmod",
                            "source": 17
                        },
                        {
                            "destination": 19,
                            "relation": "amod",
                            "source": 20
                        }
                    ],
                    "roots": [
                        3
                    ]
                }
            },
            "lemmas": [
                "the",
                "pleomorphic",
                "liposarcoma",
                "contain",
                "very",
                "high",
                "clonal",
                "chromosomal",
                "number",
                "with",
                "near-tetraploid",
                "mode",
                "and",
                "numerous",
                "variable",
                ",",
                "often",
                "unidentifiable",
                ",",
                "chromosomal",
                "abnormality",
                "."
            ],
            "startOffsets": [
                329,
                333,
                345,
                358,
                368,
                373,
                378,
                385,
                397,
                405,
                410,
                426,
                432,
                436,
                445,
                453,
                455,
                461,
                475,
                477,
                489,
                502
            ],
            "tags": [
                "DT",
                "JJ",
                "NNS",
                "VBD",
                "RB",
                "JJ",
                "JJ",
                "JJ",
                "NNS",
                "IN",
                "JJ",
                "NNS",
                "CC",
                "JJ",
                "NN",
                ",",
                "RB",
                "JJ",
                ",",
                "JJ",
                "NNS",
                "."
            ],
            "words": [
                "The",
                "pleomorphic",
                "liposarcomas",
                "contained",
                "very",
                "high",
                "clonal",
                "chromosomal",
                "numbers",
                "with",
                "near-tetraploid",
                "modes",
                "and",
                "numerous",
                "variable",
                ",",
                "often",
                "unidentifiable",
                ",",
                "chromosomal",
                "abnormalities",
                "."
            ]
        },
        {
            "endOffsets": [
                507,
                514,
                527,
                532,
                546,
                556,
                559,
                561,
                563,
                564,
                566,
                567,
                569,
                570,
                571,
                574,
                575,
                578,
                579,
                582,
                586,
                591,
                603,
                606,
                617,
                625,
                626
            ],
            "entities": [
                "O",
                "O",
                "O",
                "O",
                "O",
                "O",
                "O",
                "O",
                "O",
                "O",
                "O",
                "O",
                "O",
                "O",
                "O",
                "O",
                "O",
                "B-Gene_or_gene_product",
                "O",
                "O",
                "O",
                "O",
                "O",
                "O",
                "O",
                "O",
                "O"
            ],
            "graphs": {
                "stanford-basic": {
                    "edges": [
                        {
                            "destination": 0,
                            "relation": "det",
                            "source": 2
                        },
                        {
                            "destination": 1,
                            "relation": "amod",
                            "source": 2
                        },
                        {
                            "destination": 2,
                            "relation": "nsubjpass",
                            "source": 4
                        },
                        {
                            "destination": 3,
                            "relation": "auxpass",
                            "source": 4
                        },
                        {
                            "destination": 19,
                            "relation": "prep",
                            "source": 4
                        },
                        {
                            "destination": 5,
                            "relation": "advmod",
                            "source": 4
                        },
                        {
                            "destination": 6,
                            "relation": "prep",
                            "source": 4
                        },
                        {
                            "destination": 8,
                            "relation": "pobj",
                            "source": 6
                        },
                        {
                            "destination": 15,
                            "relation": "dep",
                            "source": 8
                        },
                        {
                            "destination": 7,
                            "relation": "det",
                            "source": 8
                        },
                        {
                            "destination": 10,
                            "relation": "dep",
                            "source": 8
                        },
                        {
                            "destination": 12,
                            "relation": "dep",
                            "source": 10
                        },
                        {
                            "destination": 17,
                            "relation": "dep",
                            "source": 15
                        },
                        {
                            "destination": 22,
                            "relation": "pobj",
                            "source": 19
                        },
                        {
                            "destination": 20,
                            "relation": "det",
                            "source": 22
                        },
                        {
                            "destination": 21,
                            "relation": "amod",
                            "source": 22
                        },
                        {
                            "destination": 23,
                            "relation": "cc",
                            "source": 22
                        },
                        {
                            "destination": 25,
                            "relation": "conj",
                            "source": 22
                        },
                        {
                            "destination": 24,
                            "relation": "amod",
                            "source": 25
                        }
                    ],
                    "roots": [
                        4
                    ]
                },
                "stanford-collapsed": {
                    "edges": [
                        {
                            "destination": 0,
                            "relation": "det",
                            "source": 2
                        },
                        {
                            "destination": 1,
                            "relation": "amod",
                            "source": 2
                        },
                        {
                            "destination": 2,
                            "relation": "nsubjpass",
                            "source": 4
                        },
                        {
                            "destination": 3,
                            "relation": "auxpass",
                            "source": 4
                        },
                        {
                            "destination": 5,
                            "relation": "advmod",
                            "source": 4
                        },
                        {
                            "destination": 22,
                            "relation": "prep_as",
                            "source": 4
                        },
                        {
                            "destination": 8,
                            "relation": "agent",
                            "source": 4
                        },
                        {
                            "destination": 25,
                            "relation": "prep_as",
                            "source": 4
                        },
                        {
                            "destination": 15,
                            "relation": "dep",
                            "source": 8
                        },
                        {
                            "destination": 7,
                            "relation": "det",
                            "source": 8
                        },
                        {
                            "destination": 10,
                            "relation": "dep",
                            "source": 8
                        },
                        {
                            "destination": 12,
                            "relation": "dep",
                            "source": 10
                        },
                        {
                            "destination": 17,
                            "relation": "dep",
                            "source": 15
                        },
                        {
                            "destination": 20,
                            "relation": "det",
                            "source": 22
                        },
                        {
                            "destination": 21,
                            "relation": "amod",
                            "source": 22
                        },
                        {
                            "destination": 25,
                            "relation": "conj_or",
                            "source": 22
                        },
                        {
                            "destination": 24,
                            "relation": "amod",
                            "source": 25
                        }
                    ],
                    "roots": [
                        4
                    ]
                }
            },
            "lemmas": [
                "the",
                "myxoid",
                "liposarcoma",
                "be",
                "characterize",
                "primarily",
                "by",
                "a",
                "t",
                "(",
                "12",
                ";",
                "16",
                ")",
                "(",
                "q13",
                ";",
                "p11",
                ")",
                "as",
                "the",
                "sole",
                "abnormality",
                "or",
                "additional",
                "change",
                "."
            ],
            "startOffsets": [
                504,
                508,
                515,
                528,
                533,
                547,
                557,
                560,
                562,
                563,
                564,
                566,
                567,
                569,
                570,
                571,
                574,
                575,
                578,
                580,
                583,
                587,
                592,
                604,
                607,
                618,
                625
            ],
            "tags": [
                "DT",
                "JJ",
                "NNS",
                "VBD",
                "VBN",
                "RB",
                "IN",
                "DT",
                "NN",
                "-LRB-",
                "CD",
                ":",
                "CD",
                "-RRB-",
                "-LRB-",
                "NN",
                ":",
                "NN",
                "-RRB-",
                "IN",
                "DT",
                "JJ",
                "NN",
                "CC",
                "JJ",
                "NNS",
                "."
            ],
            "words": [
                "The",
                "myxoid",
                "liposarcomas",
                "were",
                "characterized",
                "primarily",
                "by",
                "a",
                "t",
                "(",
                "12",
                ";",
                "16",
                ")",
                "(",
                "q13",
                ";",
                "p11",
                ")",
                "as",
                "the",
                "sole",
                "abnormality",
                "or",
                "additional",
                "changes",
                "."
            ]
        },
        {
            "endOffsets": [
                632,
                640,
                649,
                654,
                666,
                675,
                679,
                687,
                690,
                694,
                704,
                705,
                709,
                714,
                718,
                731,
                735,
                745,
                748,
                760,
                761,
                765,
                770,
                774,
                790,
                800,
                811,
                817,
                820,
                832,
                836,
                842,
                850,
                855,
                861,
                867,
                870,
                879,
                880
            ],
            "entities": [
                "O",
                "O",
                "O",
                "O",
                "O",
                "O",
                "O",
                "O",
                "O",
                "O",
                "O",
                "O",
                "O",
                "O",
                "O",
                "O",
                "O",
                "O",
                "O",
                "B-TissueType",
                "O",
                "O",
                "O",
                "O",
                "O",
                "O",
                "O",
                "O",
                "O",
                "B-TissueType",
                "O",
                "O",
                "O",
                "O",
                "O",
                "O",
                "O",
                "O",
                "O"
            ],
            "graphs": {
                "stanford-basic": {
                    "edges": [
                        {
                            "destination": 0,
                            "relation": "det",
                            "source": 1
                        },
                        {
                            "destination": 1,
                            "relation": "nsubj",
                            "source": 2
                        },
                        {
                            "destination": 7,
                            "relation": "ccomp",
                            "source": 2
                        },
                        {
                            "destination": 4,
                            "relation": "amod",
                            "source": 5
                        },
                        {
                            "destination": 3,
                            "relation": "mark",
                            "source": 7
                        },
                        {
                            "destination": 5,
                            "relation": "nsubj",
                            "source": 7
                        },
                        {
                            "destination": 6,
                            "relation": "aux",
                            "source": 7
                        },
                        {
                            "destination": 10,
                            "relation": "dobj",
                            "source": 7
                        },
                        {
                            "destination": 14,
                            "relation": "prep",
                            "source": 7
                        },
                        {
                            "destination": 8,
                            "relation": "det",
                            "source": 10
                        },
                        {
                            "destination": 9,
                            "relation": "amod",
                            "source": 10
                        },
                        {
                            "destination": 12,
                            "relation": "neg",
                            "source": 13
                        },
                        {
                            "destination": 15,
                            "relation": "pcomp",
                            "source": 14
                        },
                        {
                            "destination": 21,
                            "relation": "cc",
                            "source": 14
                        },
                        {
                            "destination": 23,
                            "relation": "conj",
                            "source": 14
                        },
                        {
                            "destination": 13,
                            "relation": "preconj",
                            "source": 14
                        },
                        {
                            "destination": 17,
                            "relation": "dobj",
                            "source": 15
                        },
                        {
                            "destination": 16,
                            "relation": "det",
                            "source": 17
                        },
                        {
                            "destination": 18,
                            "relation": "prep",
                            "source": 17
                        },
                        {
                            "destination": 19,
                            "relation": "pobj",
                            "source": 18
                        },
                        {
                            "destination": 22,
                            "relation": "advmod",
                            "source": 23
                        },
                        {
                            "destination": 24,
                            "relation": "pcomp",
                            "source": 23
                        },
                        {
                            "destination": 33,
                            "relation": "prep",
                            "source": 24
                        },
                        {
                            "destination": 27,
                            "relation": "dobj",
                            "source": 24
                        },
                        {
                            "destination": 25,
                            "relation": "amod",
                            "source": 27
                        },
                        {
                            "destination": 26,
                            "relation": "amod",
                            "source": 27
                        },
                        {
                            "destination": 28,
                            "relation": "prep",
                            "source": 27
                        },
                        {
                            "destination": 29,
                            "relation": "pobj",
                            "source": 28
                        },
                        {
                            "destination": 32,
                            "relation": "conj",
                            "source": 29
                        },
                        {
                            "destination": 30,
                            "relation": "cc",
                            "source": 29
                        },
                        {
                            "destination": 31,
                            "relation": "det",
                            "source": 32
                        },
                        {
                            "destination": 35,
                            "relation": "pobj",
                            "source": 33
                        },
                        {
                            "destination": 34,
                            "relation": "amod",
                            "source": 35
                        },
                        {
                            "destination": 36,
                            "relation": "prep",
                            "source": 35
                        },
                        {
                            "destination": 37,
                            "relation": "pobj",
                            "source": 36
                        }
                    ],
                    "roots": [
                        2
                    ]
                },
                "stanford-collapsed": {
                    "edges": [
                        {
                            "destination": 0,
                            "relation": "det",
                            "source": 1
                        },
                        {
                            "destination": 1,
                            "relation": "nsubj",
                            "source": 2
                        },
                        {
                            "destination": 7,
                            "relation": "ccomp",
                            "source": 2
                        },
                        {
                            "destination": 4,
                            "relation": "amod",
                            "source": 5
                        },
                        {
                            "destination": 15,
                            "relation": "prepc_for",
                            "source": 7
                        },
                        {
                            "destination": 3,
                            "relation": "mark",
                            "source": 7
                        },
                        {
                            "destination": 5,
                            "relation": "nsubj",
                            "source": 7
                        },
                        {
                            "destination": 6,
                            "relation": "aux",
                            "source": 7
                        },
                        {
                            "destination": 22,
                            "relation": "advmod",
                            "source": 7
                        },
                        {
                            "destination": 24,
                            "relation": "prepc_for",
                            "source": 7
                        },
                        {
                            "destination": 10,
                            "relation": "dobj",
                            "source": 7
                        },
                        {
                            "destination": 13,
                            "relation": "preconj",
                            "source": 7
                        },
                        {
                            "destination": 8,
                            "relation": "det",
                            "source": 10
                        },
                        {
                            "destination": 9,
                            "relation": "amod",
                            "source": 10
                        },
                        {
                            "destination": 12,
                            "relation": "neg",
                            "source": 13
                        },
                        {
                            "destination": 17,
                            "relation": "dobj",
                            "source": 15
                        },
                        {
                            "destination": 24,
                            "relation": "conj_but",
                            "source": 15
                        },
                        {
                            "destination": 16,
                            "relation": "det",
                            "source": 17
                        },
                        {
                            "destination": 19,
                            "relation": "prep_of",
                            "source": 17
                        },
                        {
                            "destination": 35,
                            "relation": "prep_from",
                            "source": 24
                        },
                        {
                            "destination": 27,
                            "relation": "dobj",
                            "source": 24
                        },
                        {
                            "destination": 32,
                            "relation": "prep_of",
                            "source": 27
                        },
                        {
                            "destination": 25,
                            "relation": "amod",
                            "source": 27
                        },
                        {
                            "destination": 26,
                            "relation": "amod",
                            "source": 27
                        },
                        {
                            "destination": 29,
                            "relation": "prep_of",
                            "source": 27
                        },
                        {
                            "destination": 32,
                            "relation": "conj_and",
                            "source": 29
                        },
                        {
                            "destination": 31,
                            "relation": "det",
                            "source": 32
                        },
                        {
                            "destination": 34,
                            "relation": "amod",
                            "source": 35
                        },
                        {
                            "destination": 37,
                            "relation": "prep_of",
                            "source": 35
                        }
                    ],
                    "roots": [
                        2
                    ]
                }
            },
            "lemmas": [
                "these",
                "result",
                "indicate",
                "that",
                "cytogenetic",
                "finding",
                "may",
                "provide",
                "a",
                "new",
                "criterion",
                ",",
                "not",
                "only",
                "for",
                "establish",
                "the",
                "diagnosis",
                "of",
                "liposarcoma",
                ",",
                "but",
                "also",
                "for",
                "differentiate",
                "confusing",
                "histologic",
                "type",
                "of",
                "liposarcoma",
                "and",
                "these",
                "lesion",
                "from",
                "other",
                "type",
                "of",
                "sarcoma",
                "."
            ],
            "startOffsets": [
                627,
                633,
                641,
                650,
                655,
                667,
                676,
                680,
                689,
                691,
                695,
                704,
                706,
                710,
                715,
                719,
                732,
                736,
                746,
                749,
                760,
                762,
                766,
                771,
                775,
                791,
                801,
                812,
                818,
                821,
                833,
                837,
                843,
                851,
                856,
                862,
                868,
                871,
                879
            ],
            "tags": [
                "DT",
                "NNS",
                "VBP",
                "IN",
                "JJ",
                "NNS",
                "MD",
                "VB",
                "DT",
                "JJ",
                "NN",
                ",",
                "RB",
                "RB",
                "IN",
                "VBG",
                "DT",
                "NN",
                "IN",
                "NN",
                ",",
                "CC",
                "RB",
                "IN",
                "VBG",
                "JJ",
                "JJ",
                "NNS",
                "IN",
                "NN",
                "CC",
                "DT",
                "NNS",
                "IN",
                "JJ",
                "NNS",
                "IN",
                "NNS",
                "."
            ],
            "words": [
                "These",
                "results",
                "indicate",
                "that",
                "cytogenetic",
                "findings",
                "may",
                "provide",
                "a",
                "new",
                "criterion",
                ",",
                "not",
                "only",
                "for",
                "establishing",
                "the",
                "diagnosis",
                "of",
                "liposarcoma",
                ",",
                "but",
                "also",
                "for",
                "differentiating",
                "confusing",
                "histologic",
                "types",
                "of",
                "liposarcoma",
                "and",
                "these",
                "lesions",
                "from",
                "other",
                "types",
                "of",
                "sarcomas",
                "."
            ]
        }
    ],
    "text": "The cytogenetic findings in 31 liposarcomas from 26 patients are reported. Four\nother tumors did not grow. Three histologic types are represented in this\nanalysis. The well-differentiated liposarcomas were characterized by telomeric\nassociations, large marker chromosomes and ring chromosomes, and in some cases,\ndouble minutes. The pleomorphic liposarcomas contained very high clonal\nchromosomal numbers with near-tetraploid modes and numerous variable, often\nunidentifiable, chromosomal abnormalities. The myxoid liposarcomas were\ncharacterized primarily by a t(12;16)(q13;p11) as the sole abnormality or\nadditional changes. These results indicate that cytogenetic findings may provide \na new criterion, not only for establishing the diagnosis of liposarcoma, but also\nfor differentiating confusing histologic types of liposarcoma and these lesions\nfrom other types of sarcomas."
}