{
    "id": "15930265",
    "sentences": [
        {
            "endOffsets": [
                8,
                9,
                11,
                19,
                28,
                35,
                45,
                46,
                49,
                51,
                58,
                68,
                76,
                80,
                90,
                95,
                103,
                115,
                124,
                126,
                129,
                130,
                131
            ],
            "entities": [
                "B-Simple_chemical",
                "O",
                "O",
                "O",
                "B-Site",
                "O",
                "O",
                "O",
                "O",
                "O",
                "O",
                "O",
                "O",
                "O",
                "O",
                "O",
                "O",
                "O",
                "B-TissueType",
                "O",
                "B-CellLine",
                "O",
                "O"
            ],
            "graphs": {
                "stanford-basic": {
                    "edges": [
                        {
                            "destination": 6,
                            "relation": "appos",
                            "source": 0
                        },
                        {
                            "destination": 2,
                            "relation": "det",
                            "source": 6
                        },
                        {
                            "destination": 3,
                            "relation": "nn",
                            "source": 6
                        },
                        {
                            "destination": 4,
                            "relation": "nn",
                            "source": 6
                        },
                        {
                            "destination": 5,
                            "relation": "nn",
                            "source": 6
                        },
                        {
                            "destination": 10,
                            "relation": "advmod",
                            "source": 11
                        },
                        {
                            "destination": 0,
                            "relation": "nsubj",
                            "source": 12
                        },
                        {
                            "destination": 8,
                            "relation": "cop",
                            "source": 12
                        },
                        {
                            "destination": 9,
                            "relation": "det",
                            "source": 12
                        },
                        {
                            "destination": 11,
                            "relation": "amod",
                            "source": 12
                        },
                        {
                            "destination": 13,
                            "relation": "prep",
                            "source": 12
                        },
                        {
                            "destination": 14,
                            "relation": "pobj",
                            "source": 13
                        },
                        {
                            "destination": 15,
                            "relation": "prep",
                            "source": 14
                        },
                        {
                            "destination": 18,
                            "relation": "pobj",
                            "source": 15
                        },
                        {
                            "destination": 16,
                            "relation": "amod",
                            "source": 18
                        },
                        {
                            "destination": 17,
                            "relation": "amod",
                            "source": 18
                        },
                        {
                            "destination": 20,
                            "relation": "appos",
                            "source": 18
                        }
                    ],
                    "roots": [
                        12
                    ]
                },
                "stanford-collapsed": {
                    "edges": [
                        {
                            "destination": 6,
                            "relation": "appos",
                            "source": 0
                        },
                        {
                            "destination": 2,
                            "relation": "det",
                            "source": 6
                        },
                        {
                            "destination": 3,
                            "relation": "nn",
                            "source": 6
                        },
                        {
                            "destination": 4,
                            "relation": "nn",
                            "source": 6
                        },
                        {
                            "destination": 5,
                            "relation": "nn",
                            "source": 6
                        },
                        {
                            "destination": 10,
                            "relation": "advmod",
                            "source": 11
                        },
                        {
                            "destination": 0,
                            "relation": "nsubj",
                            "source": 12
                        },
                        {
                            "destination": 8,
                            "relation": "cop",
                            "source": 12
                        },
                        {
                            "destination": 9,
                            "relation": "det",
                            "source": 12
                        },
                        {
                            "destination": 11,
                            "relation": "amod",
                            "source": 12
                        },
                        {
                            "destination": 14,
                            "relation": "prep_for",
                            "source": 12
                        },
                        {
                            "destination": 18,
                            "relation": "prep_with",
                            "source": 14
                        },
                        {
                            "destination": 16,
                            "relation": "amod",
                            "source": 18
                        },
                        {
                            "destination": 17,
                            "relation": "amod",
                            "source": 18
                        },
                        {
                            "destination": 20,
                            "relation": "appos",
                            "source": 18
                        }
                    ],
                    "roots": [
                        12
                    ]
                }
            },
            "lemmas": [
                "Imatinib",
                ",",
                "a",
                "Bcr-Abl",
                "tyrosine",
                "kinase",
                "inhibitor",
                ",",
                "be",
                "a",
                "highly",
                "effective",
                "therapy",
                "for",
                "patient",
                "with",
                "chronic",
                "myelogenous",
                "leukemia",
                "(",
                "cml",
                ")",
                "."
            ],
            "startOffsets": [
                0,
                8,
                10,
                12,
                20,
                29,
                36,
                45,
                47,
                50,
                52,
                59,
                69,
                77,
                82,
                91,
                96,
                104,
                116,
                125,
                126,
                129,
                130
            ],
            "tags": [
                "NNP",
                ",",
                "DT",
                "NNP",
                "NN",
                "NN",
                "NN",
                ",",
                "VBZ",
                "DT",
                "RB",
                "JJ",
                "NN",
                "IN",
                "NNS",
                "IN",
                "JJ",
                "JJ",
                "NN",
                "-LRB-",
                "NN",
                "-RRB-",
                "."
            ],
            "words": [
                "Imatinib",
                ",",
                "a",
                "Bcr-Abl",
                "tyrosine",
                "kinase",
                "inhibitor",
                ",",
                "is",
                "a",
                "highly",
                "effective",
                "therapy",
                "for",
                "patients",
                "with",
                "chronic",
                "myelogenous",
                "leukemia",
                "(",
                "CML",
                ")",
                "."
            ]
        },
        {
            "endOffsets": [
                139,
                147,
                157,
                160,
                165,
                173,
                179,
                188,
                189,
                198,
                203,
                208,
                217,
                221,
                225,
                230,
                235,
                245,
                248,
                257,
                262,
                271,
                279,
                280
            ],
            "entities": [
                "O",
                "O",
                "O",
                "O",
                "O",
                "O",
                "O",
                "O",
                "O",
                "O",
                "O",
                "O",
                "O",
                "O",
                "O",
                "O",
                "O",
                "O",
                "O",
                "O",
                "O",
                "O",
                "O",
                "O"
            ],
            "graphs": {
                "stanford-basic": {
                    "edges": [
                        {
                            "destination": 2,
                            "relation": "pobj",
                            "source": 0
                        },
                        {
                            "destination": 1,
                            "relation": "amod",
                            "source": 2
                        },
                        {
                            "destination": 3,
                            "relation": "prep",
                            "source": 2
                        },
                        {
                            "destination": 7,
                            "relation": "pobj",
                            "source": 3
                        },
                        {
                            "destination": 4,
                            "relation": "amod",
                            "source": 7
                        },
                        {
                            "destination": 5,
                            "relation": "amod",
                            "source": 7
                        },
                        {
                            "destination": 6,
                            "relation": "nn",
                            "source": 7
                        },
                        {
                            "destination": 0,
                            "relation": "prep",
                            "source": 12
                        },
                        {
                            "destination": 17,
                            "relation": "conj",
                            "source": 12
                        },
                        {
                            "destination": 9,
                            "relation": "nsubjpass",
                            "source": 12
                        },
                        {
                            "destination": 10,
                            "relation": "aux",
                            "source": 12
                        },
                        {
                            "destination": 11,
                            "relation": "auxpass",
                            "source": 12
                        },
                        {
                            "destination": 13,
                            "relation": "cc",
                            "source": 12
                        },
                        {
                            "destination": 15,
                            "relation": "advmod",
                            "source": 17
                        },
                        {
                            "destination": 16,
                            "relation": "advmod",
                            "source": 17
                        },
                        {
                            "destination": 18,
                            "relation": "prep",
                            "source": 17
                        },
                        {
                            "destination": 14,
                            "relation": "cop",
                            "source": 17
                        },
                        {
                            "destination": 19,
                            "relation": "pobj",
                            "source": 18
                        },
                        {
                            "destination": 20,
                            "relation": "prep",
                            "source": 19
                        },
                        {
                            "destination": 22,
                            "relation": "pobj",
                            "source": 20
                        },
                        {
                            "destination": 21,
                            "relation": "amod",
                            "source": 22
                        }
                    ],
                    "roots": [
                        12
                    ]
                },
                "stanford-collapsed": {
                    "edges": [
                        {
                            "destination": 1,
                            "relation": "amod",
                            "source": 2
                        },
                        {
                            "destination": 7,
                            "relation": "prep_in",
                            "source": 2
                        },
                        {
                            "destination": 4,
                            "relation": "amod",
                            "source": 7
                        },
                        {
                            "destination": 5,
                            "relation": "amod",
                            "source": 7
                        },
                        {
                            "destination": 6,
                            "relation": "nn",
                            "source": 7
                        },
                        {
                            "destination": 17,
                            "relation": "conj_and",
                            "source": 12
                        },
                        {
                            "destination": 2,
                            "relation": "prep_despite",
                            "source": 12
                        },
                        {
                            "destination": 9,
                            "relation": "nsubjpass",
                            "source": 12
                        },
                        {
                            "destination": 10,
                            "relation": "aux",
                            "source": 12
                        },
                        {
                            "destination": 11,
                            "relation": "auxpass",
                            "source": 12
                        },
                        {
                            "destination": 15,
                            "relation": "advmod",
                            "source": 17
                        },
                        {
                            "destination": 16,
                            "relation": "advmod",
                            "source": 17
                        },
                        {
                            "destination": 19,
                            "relation": "prep_in",
                            "source": 17
                        },
                        {
                            "destination": 9,
                            "relation": "nsubj",
                            "source": 17
                        },
                        {
                            "destination": 14,
                            "relation": "cop",
                            "source": 17
                        },
                        {
                            "destination": 22,
                            "relation": "prep_with",
                            "source": 19
                        },
                        {
                            "destination": 21,
                            "relation": "amod",
                            "source": 22
                        }
                    ],
                    "roots": [
                        12
                    ]
                }
            },
            "lemmas": [
                "despite",
                "durable",
                "response",
                "in",
                "most",
                "chronic",
                "phase",
                "patient",
                ",",
                "relapse",
                "have",
                "be",
                "observe",
                "and",
                "be",
                "much",
                "more",
                "prevalent",
                "in",
                "patient",
                "with",
                "advanced",
                "disease",
                "."
            ],
            "startOffsets": [
                132,
                140,
                148,
                158,
                161,
                166,
                174,
                180,
                188,
                190,
                199,
                204,
                209,
                218,
                222,
                226,
                231,
                236,
                246,
                249,
                258,
                263,
                272,
                279
            ],
            "tags": [
                "IN",
                "JJ",
                "NNS",
                "IN",
                "JJS",
                "JJ",
                "NN",
                "NNS",
                ",",
                "NNS",
                "VBP",
                "VBN",
                "VBN",
                "CC",
                "VBP",
                "RB",
                "RBR",
                "JJ",
                "IN",
                "NNS",
                "IN",
                "JJ",
                "NN",
                "."
            ],
            "words": [
                "Despite",
                "durable",
                "responses",
                "in",
                "most",
                "chronic",
                "phase",
                "patients",
                ",",
                "relapses",
                "have",
                "been",
                "observed",
                "and",
                "are",
                "much",
                "more",
                "prevalent",
                "in",
                "patients",
                "with",
                "advanced",
                "disease",
                "."
            ]
        },
        {
            "endOffsets": [
                284,
                289,
                296,
                306,
                309,
                318,
                327,
                338,
                342,
                347,
                354,
                357,
                365,
                372,
                379,
                389,
                394,
                404,
                413,
                425,
                426
            ],
            "entities": [
                "O",
                "O",
                "O",
                "O",
                "O",
                "O",
                "O",
                "O",
                "O",
                "O",
                "O",
                "O",
                "B-Gene_or_gene_product",
                "I-Gene_or_gene_product",
                "I-Gene_or_gene_product",
                "O",
                "O",
                "O",
                "B-Simple_chemical",
                "O",
                "O"
            ],
            "graphs": {
                "stanford-basic": {
                    "edges": [
                        {
                            "destination": 1,
                            "relation": "advmod",
                            "source": 2
                        },
                        {
                            "destination": 0,
                            "relation": "det",
                            "source": 3
                        },
                        {
                            "destination": 2,
                            "relation": "amod",
                            "source": 3
                        },
                        {
                            "destination": 4,
                            "relation": "prep",
                            "source": 3
                        },
                        {
                            "destination": 7,
                            "relation": "pobj",
                            "source": 4
                        },
                        {
                            "destination": 5,
                            "relation": "amod",
                            "source": 7
                        },
                        {
                            "destination": 6,
                            "relation": "amod",
                            "source": 7
                        },
                        {
                            "destination": 16,
                            "relation": "prep",
                            "source": 10
                        },
                        {
                            "destination": 3,
                            "relation": "nsubjpass",
                            "source": 10
                        },
                        {
                            "destination": 8,
                            "relation": "aux",
                            "source": 10
                        },
                        {
                            "destination": 9,
                            "relation": "auxpass",
                            "source": 10
                        },
                        {
                            "destination": 11,
                            "relation": "prep",
                            "source": 10
                        },
                        {
                            "destination": 15,
                            "relation": "pobj",
                            "source": 11
                        },
                        {
                            "destination": 12,
                            "relation": "amod",
                            "source": 15
                        },
                        {
                            "destination": 13,
                            "relation": "nn",
                            "source": 15
                        },
                        {
                            "destination": 14,
                            "relation": "nn",
                            "source": 15
                        },
                        {
                            "destination": 19,
                            "relation": "pobj",
                            "source": 16
                        },
                        {
                            "destination": 17,
                            "relation": "amod",
                            "source": 19
                        },
                        {
                            "destination": 18,
                            "relation": "nn",
                            "source": 19
                        }
                    ],
                    "roots": [
                        10
                    ]
                },
                "stanford-collapsed": {
                    "edges": [
                        {
                            "destination": 1,
                            "relation": "advmod",
                            "source": 2
                        },
                        {
                            "destination": 0,
                            "relation": "det",
                            "source": 3
                        },
                        {
                            "destination": 2,
                            "relation": "amod",
                            "source": 3
                        },
                        {
                            "destination": 7,
                            "relation": "prep_of",
                            "source": 3
                        },
                        {
                            "destination": 5,
                            "relation": "amod",
                            "source": 7
                        },
                        {
                            "destination": 6,
                            "relation": "amod",
                            "source": 7
                        },
                        {
                            "destination": 15,
                            "relation": "prep_to",
                            "source": 10
                        },
                        {
                            "destination": 3,
                            "relation": "nsubjpass",
                            "source": 10
                        },
                        {
                            "destination": 19,
                            "relation": "prep_with",
                            "source": 10
                        },
                        {
                            "destination": 8,
                            "relation": "aux",
                            "source": 10
                        },
                        {
                            "destination": 9,
                            "relation": "auxpass",
                            "source": 10
                        },
                        {
                            "destination": 12,
                            "relation": "amod",
                            "source": 15
                        },
                        {
                            "destination": 13,
                            "relation": "nn",
                            "source": 15
                        },
                        {
                            "destination": 14,
                            "relation": "nn",
                            "source": 15
                        },
                        {
                            "destination": 17,
                            "relation": "amod",
                            "source": 19
                        },
                        {
                            "destination": 18,
                            "relation": "nn",
                            "source": 19
                        }
                    ],
                    "roots": [
                        10
                    ]
                }
            },
            "lemmas": [
                "the",
                "most",
                "common",
                "mechanism",
                "of",
                "acquire",
                "imatinib",
                "resistance",
                "have",
                "be",
                "trace",
                "to",
                "bcr-abl",
                "kinase",
                "domain",
                "mutation",
                "with",
                "decrease",
                "imatinib",
                "sensitivity",
                "."
            ],
            "startOffsets": [
                281,
                285,
                290,
                297,
                307,
                310,
                319,
                328,
                339,
                343,
                348,
                355,
                358,
                366,
                373,
                380,
                390,
                395,
                405,
                414,
                425
            ],
            "tags": [
                "DT",
                "RBS",
                "JJ",
                "NN",
                "IN",
                "VBN",
                "JJ",
                "NN",
                "VBZ",
                "VBN",
                "VBN",
                "TO",
                "JJ",
                "NN",
                "NN",
                "NNS",
                "IN",
                "VBN",
                "NN",
                "NN",
                "."
            ],
            "words": [
                "The",
                "most",
                "common",
                "mechanism",
                "of",
                "acquired",
                "imatinib",
                "resistance",
                "has",
                "been",
                "traced",
                "to",
                "Bcr-Abl",
                "kinase",
                "domain",
                "mutations",
                "with",
                "decreased",
                "imatinib",
                "sensitivity",
                "."
            ]
        },
        {
            "endOffsets": [
                431,
                432,
                442,
                450,
                457,
                468,
                473,
                478,
                487,
                495,
                504,
                514,
                522,
                528,
                531,
                538,
                542,
                551,
                555,
                563,
                566,
                575,
                583,
                584
            ],
            "entities": [
                "O",
                "O",
                "O",
                "O",
                "O",
                "O",
                "O",
                "O",
                "O",
                "O",
                "O",
                "O",
                "O",
                "O",
                "O",
                "O",
                "O",
                "O",
                "O",
                "O",
                "O",
                "B-Simple_chemical",
                "O",
                "O"
            ],
            "graphs": {
                "stanford-basic": {
                    "edges": [
                        {
                            "destination": 2,
                            "relation": "amod",
                            "source": 5
                        },
                        {
                            "destination": 3,
                            "relation": "nn",
                            "source": 5
                        },
                        {
                            "destination": 4,
                            "relation": "nn",
                            "source": 5
                        },
                        {
                            "destination": 7,
                            "relation": "rcmod",
                            "source": 5
                        },
                        {
                            "destination": 6,
                            "relation": "nsubj",
                            "source": 7
                        },
                        {
                            "destination": 8,
                            "relation": "dobj",
                            "source": 7
                        },
                        {
                            "destination": 9,
                            "relation": "prep",
                            "source": 8
                        },
                        {
                            "destination": 12,
                            "relation": "pobj",
                            "source": 9
                        },
                        {
                            "destination": 10,
                            "relation": "amod",
                            "source": 11
                        },
                        {
                            "destination": 11,
                            "relation": "amod",
                            "source": 12
                        },
                        {
                            "destination": 0,
                            "relation": "advmod",
                            "source": 15
                        },
                        {
                            "destination": 16,
                            "relation": "prep",
                            "source": 15
                        },
                        {
                            "destination": 5,
                            "relation": "nsubj",
                            "source": 15
                        },
                        {
                            "destination": 13,
                            "relation": "aux",
                            "source": 15
                        },
                        {
                            "destination": 14,
                            "relation": "cop",
                            "source": 15
                        },
                        {
                            "destination": 17,
                            "relation": "pobj",
                            "source": 16
                        },
                        {
                            "destination": 19,
                            "relation": "rcmod",
                            "source": 17
                        },
                        {
                            "destination": 18,
                            "relation": "dep",
                            "source": 19
                        },
                        {
                            "destination": 20,
                            "relation": "prep",
                            "source": 19
                        },
                        {
                            "destination": 22,
                            "relation": "pobj",
                            "source": 20
                        },
                        {
                            "destination": 21,
                            "relation": "nn",
                            "source": 22
                        }
                    ],
                    "roots": [
                        15
                    ]
                },
                "stanford-collapsed": {
                    "edges": [
                        {
                            "destination": 2,
                            "relation": "amod",
                            "source": 5
                        },
                        {
                            "destination": 3,
                            "relation": "nn",
                            "source": 5
                        },
                        {
                            "destination": 4,
                            "relation": "nn",
                            "source": 5
                        },
                        {
                            "destination": 7,
                            "relation": "rcmod",
                            "source": 5
                        },
                        {
                            "destination": 6,
                            "relation": "nsubj",
                            "source": 7
                        },
                        {
                            "destination": 8,
                            "relation": "dobj",
                            "source": 7
                        },
                        {
                            "destination": 12,
                            "relation": "prep_against",
                            "source": 8
                        },
                        {
                            "destination": 10,
                            "relation": "amod",
                            "source": 11
                        },
                        {
                            "destination": 11,
                            "relation": "amod",
                            "source": 12
                        },
                        {
                            "destination": 0,
                            "relation": "advmod",
                            "source": 15
                        },
                        {
                            "destination": 17,
                            "relation": "prep_for",
                            "source": 15
                        },
                        {
                            "destination": 5,
                            "relation": "nsubj",
                            "source": 15
                        },
                        {
                            "destination": 13,
                            "relation": "aux",
                            "source": 15
                        },
                        {
                            "destination": 14,
                            "relation": "cop",
                            "source": 15
                        },
                        {
                            "destination": 19,
                            "relation": "rcmod",
                            "source": 17
                        },
                        {
                            "destination": 18,
                            "relation": "dep",
                            "source": 19
                        },
                        {
                            "destination": 22,
                            "relation": "prep_on",
                            "source": 19
                        },
                        {
                            "destination": 21,
                            "relation": "nn",
                            "source": 22
                        }
                    ],
                    "roots": [
                        15
                    ]
                }
            },
            "lemmas": [
                "thus",
                ",",
                "alternate",
                "bcr-abl",
                "kinase",
                "inhibitor",
                "that",
                "have",
                "activity",
                "against",
                "imatinib",
                "resistant",
                "mutant",
                "would",
                "be",
                "useful",
                "for",
                "patient",
                "who",
                "relapse",
                "on",
                "imatinib",
                "therapy",
                "."
            ],
            "startOffsets": [
                427,
                431,
                433,
                443,
                451,
                458,
                469,
                474,
                479,
                488,
                496,
                505,
                515,
                523,
                529,
                532,
                539,
                543,
                552,
                556,
                564,
                567,
                576,
                583
            ],
            "tags": [
                "RB",
                ",",
                "JJ",
                "NN",
                "NN",
                "NNS",
                "WDT",
                "VBP",
                "NN",
                "IN",
                "JJ",
                "JJ",
                "NNS",
                "MD",
                "VB",
                "JJ",
                "IN",
                "NNS",
                "WP",
                "NN",
                "IN",
                "NN",
                "NN",
                "."
            ],
            "words": [
                "Thus",
                ",",
                "alternate",
                "Bcr-Abl",
                "kinase",
                "inhibitors",
                "that",
                "have",
                "activity",
                "against",
                "imatinib",
                "resistant",
                "mutants",
                "would",
                "be",
                "useful",
                "for",
                "patients",
                "who",
                "relapse",
                "on",
                "imatinib",
                "therapy",
                "."
            ]
        },
        {
            "endOffsets": [
                588,
                593,
                601,
                612,
                616,
                626,
                632,
                642,
                645,
                654,
                661,
                662,
                666,
                675,
                683,
                684,
                694,
                698,
                708,
                715,
                719,
                723,
                730,
                737,
                742,
                746,
                747,
                750,
                760,
                771,
                772
            ],
            "entities": [
                "O",
                "O",
                "O",
                "O",
                "O",
                "O",
                "O",
                "O",
                "O",
                "O",
                "O",
                "O",
                "O",
                "O",
                "O",
                "O",
                "O",
                "B-Gene_or_gene_product",
                "O",
                "B-Simple_chemical",
                "O",
                "O",
                "O",
                "O",
                "O",
                "B-Family",
                "O",
                "B-Gene_or_gene_product",
                "O",
                "B-Simple_chemical",
                "O"
            ],
            "graphs": {
                "stanford-basic": {
                    "edges": [
                        {
                            "destination": 0,
                            "relation": "num",
                            "source": 3
                        },
                        {
                            "destination": 1,
                            "relation": "amod",
                            "source": 3
                        },
                        {
                            "destination": 2,
                            "relation": "nn",
                            "source": 3
                        },
                        {
                            "destination": 3,
                            "relation": "nsubjpass",
                            "source": 7
                        },
                        {
                            "destination": 4,
                            "relation": "aux",
                            "source": 7
                        },
                        {
                            "destination": 5,
                            "relation": "advmod",
                            "source": 7
                        },
                        {
                            "destination": 6,
                            "relation": "auxpass",
                            "source": 7
                        },
                        {
                            "destination": 8,
                            "relation": "prep",
                            "source": 7
                        },
                        {
                            "destination": 10,
                            "relation": "pobj",
                            "source": 8
                        },
                        {
                            "destination": 19,
                            "relation": "conj",
                            "source": 10
                        },
                        {
                            "destination": 20,
                            "relation": "cc",
                            "source": 10
                        },
                        {
                            "destination": 9,
                            "relation": "amod",
                            "source": 10
                        },
                        {
                            "destination": 25,
                            "relation": "conj",
                            "source": 10
                        },
                        {
                            "destination": 14,
                            "relation": "conj",
                            "source": 10
                        },
                        {
                            "destination": 12,
                            "relation": "det",
                            "source": 14
                        },
                        {
                            "destination": 13,
                            "relation": "amod",
                            "source": 14
                        },
                        {
                            "destination": 16,
                            "relation": "amod",
                            "source": 19
                        },
                        {
                            "destination": 17,
                            "relation": "nn",
                            "source": 19
                        },
                        {
                            "destination": 18,
                            "relation": "nn",
                            "source": 19
                        },
                        {
                            "destination": 22,
                            "relation": "advmod",
                            "source": 23
                        },
                        {
                            "destination": 21,
                            "relation": "det",
                            "source": 25
                        },
                        {
                            "destination": 23,
                            "relation": "amod",
                            "source": 25
                        },
                        {
                            "destination": 24,
                            "relation": "amod",
                            "source": 25
                        },
                        {
                            "destination": 26,
                            "relation": "cc",
                            "source": 25
                        },
                        {
                            "destination": 29,
                            "relation": "conj",
                            "source": 25
                        },
                        {
                            "destination": 27,
                            "relation": "nn",
                            "source": 29
                        },
                        {
                            "destination": 28,
                            "relation": "nn",
                            "source": 29
                        }
                    ],
                    "roots": [
                        7
                    ]
                },
                "stanford-collapsed": {
                    "edges": [
                        {
                            "destination": 0,
                            "relation": "num",
                            "source": 3
                        },
                        {
                            "destination": 1,
                            "relation": "amod",
                            "source": 3
                        },
                        {
                            "destination": 2,
                            "relation": "nn",
                            "source": 3
                        },
                        {
                            "destination": 3,
                            "relation": "nsubjpass",
                            "source": 7
                        },
                        {
                            "destination": 19,
                            "relation": "prep_in",
                            "source": 7
                        },
                        {
                            "destination": 4,
                            "relation": "aux",
                            "source": 7
                        },
                        {
                            "destination": 5,
                            "relation": "advmod",
                            "source": 7
                        },
                        {
                            "destination": 6,
                            "relation": "auxpass",
                            "source": 7
                        },
                        {
                            "destination": 25,
                            "relation": "prep_in",
                            "source": 7
                        },
                        {
                            "destination": 10,
                            "relation": "prep_in",
                            "source": 7
                        },
                        {
                            "destination": 14,
                            "relation": "prep_in",
                            "source": 7
                        },
                        {
                            "destination": 19,
                            "relation": "conj_and",
                            "source": 10
                        },
                        {
                            "destination": 9,
                            "relation": "amod",
                            "source": 10
                        },
                        {
                            "destination": 25,
                            "relation": "conj_and",
                            "source": 10
                        },
                        {
                            "destination": 29,
                            "relation": "conj_and",
                            "source": 10
                        },
                        {
                            "destination": 14,
                            "relation": "conj_and",
                            "source": 10
                        },
                        {
                            "destination": 12,
                            "relation": "det",
                            "source": 14
                        },
                        {
                            "destination": 13,
                            "relation": "amod",
                            "source": 14
                        },
                        {
                            "destination": 16,
                            "relation": "amod",
                            "source": 19
                        },
                        {
                            "destination": 17,
                            "relation": "nn",
                            "source": 19
                        },
                        {
                            "destination": 18,
                            "relation": "nn",
                            "source": 19
                        },
                        {
                            "destination": 22,
                            "relation": "advmod",
                            "source": 23
                        },
                        {
                            "destination": 21,
                            "relation": "det",
                            "source": 25
                        },
                        {
                            "destination": 23,
                            "relation": "amod",
                            "source": 25
                        },
                        {
                            "destination": 24,
                            "relation": "amod",
                            "source": 25
                        },
                        {
                            "destination": 29,
                            "relation": "conj_and",
                            "source": 25
                        },
                        {
                            "destination": 27,
                            "relation": "nn",
                            "source": 29
                        },
                        {
                            "destination": 28,
                            "relation": "nn",
                            "source": 29
                        }
                    ],
                    "roots": [
                        7
                    ]
                }
            },
            "lemmas": [
                "two",
                "such",
                "bcr-abl",
                "inhibitor",
                "be",
                "currently",
                "be",
                "evaluate",
                "in",
                "clinical",
                "trial",
                ":",
                "the",
                "improved",
                "potency",
                ",",
                "selective",
                "abl",
                "inhibitor",
                "amn107",
                "and",
                "the",
                "highly",
                "potent",
                "dual",
                "src",
                "and",
                "abl",
                "inhibitor",
                "bms-354825",
                "."
            ],
            "startOffsets": [
                585,
                589,
                594,
                602,
                613,
                617,
                627,
                633,
                643,
                646,
                655,
                661,
                663,
                667,
                676,
                683,
                685,
                695,
                699,
                709,
                716,
                720,
                724,
                731,
                738,
                743,
                746,
                747,
                751,
                761,
                771
            ],
            "tags": [
                "CD",
                "JJ",
                "NN",
                "NNS",
                "VBP",
                "RB",
                "VBG",
                "VBN",
                "IN",
                "JJ",
                "NNS",
                ":",
                "DT",
                "JJ",
                "NN",
                ",",
                "JJ",
                "NN",
                "NN",
                "NN",
                "CC",
                "DT",
                "RB",
                "JJ",
                "JJ",
                "NN",
                "CC",
                "NN",
                "NN",
                "NN",
                "."
            ],
            "words": [
                "Two",
                "such",
                "Bcr-Abl",
                "inhibitors",
                "are",
                "currently",
                "being",
                "evaluated",
                "in",
                "clinical",
                "trials",
                ":",
                "the",
                "improved",
                "potency",
                ",",
                "selective",
                "Abl",
                "inhibitor",
                "AMN107",
                "and",
                "the",
                "highly",
                "potent",
                "dual",
                "Src",
                "and",
                "Abl",
                "inhibitor",
                "BMS-354825",
                "."
            ]
        },
        {
            "endOffsets": [
                775,
                779,
                788,
                796,
                797,
                800,
                809,
                818,
                819,
                826,
                827,
                831,
                842,
                845,
                854,
                858,
                870,
                877,
                885,
                887,
                893,
                896,
                899,
                906,
                913,
                921,
                934,
                936,
                938,
                939,
                943,
                952,
                961,
                962
            ],
            "entities": [
                "O",
                "O",
                "O",
                "O",
                "O",
                "O",
                "O",
                "B-Simple_chemical",
                "O",
                "B-Simple_chemical",
                "O",
                "O",
                "B-Simple_chemical",
                "O",
                "O",
                "O",
                "O",
                "O",
                "O",
                "O",
                "O",
                "O",
                "O",
                "O",
                "O",
                "O",
                "O",
                "O",
                "O",
                "O",
                "O",
                "O",
                "O",
                "O"
            ],
            "graphs": {
                "stanford-basic": {
                    "edges": [
                        {
                            "destination": 3,
                            "relation": "pobj",
                            "source": 0
                        },
                        {
                            "destination": 1,
                            "relation": "det",
                            "source": 3
                        },
                        {
                            "destination": 2,
                            "relation": "amod",
                            "source": 3
                        },
                        {
                            "destination": 0,
                            "relation": "prep",
                            "source": 6
                        },
                        {
                            "destination": 18,
                            "relation": "prep",
                            "source": 6
                        },
                        {
                            "destination": 5,
                            "relation": "nsubj",
                            "source": 6
                        },
                        {
                            "destination": 7,
                            "relation": "dobj",
                            "source": 6
                        },
                        {
                            "destination": 13,
                            "relation": "prep",
                            "source": 6
                        },
                        {
                            "destination": 9,
                            "relation": "conj",
                            "source": 7
                        },
                        {
                            "destination": 11,
                            "relation": "cc",
                            "source": 7
                        },
                        {
                            "destination": 12,
                            "relation": "conj",
                            "source": 7
                        },
                        {
                            "destination": 17,
                            "relation": "pobj",
                            "source": 13
                        },
                        {
                            "destination": 15,
                            "relation": "cc",
                            "source": 14
                        },
                        {
                            "destination": 16,
                            "relation": "conj",
                            "source": 14
                        },
                        {
                            "destination": 14,
                            "relation": "amod",
                            "source": 17
                        },
                        {
                            "destination": 26,
                            "relation": "pcomp",
                            "source": 18
                        },
                        {
                            "destination": 19,
                            "relation": "det",
                            "source": 20
                        },
                        {
                            "destination": 21,
                            "relation": "prep",
                            "source": 20
                        },
                        {
                            "destination": 25,
                            "relation": "pobj",
                            "source": 21
                        },
                        {
                            "destination": 22,
                            "relation": "num",
                            "source": 25
                        },
                        {
                            "destination": 23,
                            "relation": "nn",
                            "source": 25
                        },
                        {
                            "destination": 24,
                            "relation": "nn",
                            "source": 25
                        },
                        {
                            "destination": 20,
                            "relation": "nsubj",
                            "source": 26
                        },
                        {
                            "destination": 27,
                            "relation": "acomp",
                            "source": 26
                        },
                        {
                            "destination": 29,
                            "relation": "dep",
                            "source": 27
                        },
                        {
                            "destination": 28,
                            "relation": "num",
                            "source": 29
                        },
                        {
                            "destination": 30,
                            "relation": "prep",
                            "source": 29
                        },
                        {
                            "destination": 32,
                            "relation": "pobj",
                            "source": 30
                        },
                        {
                            "destination": 31,
                            "relation": "amod",
                            "source": 32
                        }
                    ],
                    "roots": [
                        6
                    ]
                },
                "stanford-collapsed": {
                    "edges": [
                        {
                            "destination": 31,
                            "relation": "amod",
                            "source": 32
                        },
                        {
                            "destination": 1,
                            "relation": "det",
                            "source": 3
                        },
                        {
                            "destination": 2,
                            "relation": "amod",
                            "source": 3
                        },
                        {
                            "destination": 17,
                            "relation": "prep_in",
                            "source": 6
                        },
                        {
                            "destination": 3,
                            "relation": "prep_in",
                            "source": 6
                        },
                        {
                            "destination": 5,
                            "relation": "nsubj",
                            "source": 6
                        },
                        {
                            "destination": 7,
                            "relation": "dobj",
                            "source": 6
                        },
                        {
                            "destination": 9,
                            "relation": "dobj",
                            "source": 6
                        },
                        {
                            "destination": 26,
                            "relation": "prepc_against",
                            "source": 6
                        },
                        {
                            "destination": 12,
                            "relation": "dobj",
                            "source": 6
                        },
                        {
                            "destination": 9,
                            "relation": "conj_and",
                            "source": 7
                        },
                        {
                            "destination": 12,
                            "relation": "conj_and",
                            "source": 7
                        },
                        {
                            "destination": 16,
                            "relation": "conj_and",
                            "source": 14
                        },
                        {
                            "destination": 16,
                            "relation": "amod",
                            "source": 17
                        },
                        {
                            "destination": 14,
                            "relation": "amod",
                            "source": 17
                        },
                        {
                            "destination": 19,
                            "relation": "det",
                            "source": 20
                        },
                        {
                            "destination": 25,
                            "relation": "prep_of",
                            "source": 20
                        },
                        {
                            "destination": 22,
                            "relation": "num",
                            "source": 25
                        },
                        {
                            "destination": 23,
                            "relation": "nn",
                            "source": 25
                        },
                        {
                            "destination": 24,
                            "relation": "nn",
                            "source": 25
                        },
                        {
                            "destination": 20,
                            "relation": "nsubj",
                            "source": 26
                        },
                        {
                            "destination": 27,
                            "relation": "acomp",
                            "source": 26
                        },
                        {
                            "destination": 29,
                            "relation": "dep",
                            "source": 27
                        },
                        {
                            "destination": 32,
                            "relation": "prep_of",
                            "source": 29
                        },
                        {
                            "destination": 28,
                            "relation": "num",
                            "source": 29
                        }
                    ],
                    "roots": [
                        6
                    ]
                }
            },
            "lemmas": [
                "in",
                "the",
                "current",
                "article",
                ",",
                "we",
                "compare",
                "imatinib",
                ",",
                "amn107",
                ",",
                "and",
                "bms-354825",
                "in",
                "cellular",
                "and",
                "biochemical",
                "assay",
                "against",
                "a",
                "panel",
                "of",
                "16",
                "kinase",
                "domain",
                "mutant",
                "represent",
                ">",
                "90",
                "%",
                "of",
                "clinical",
                "isolate",
                "."
            ],
            "startOffsets": [
                773,
                776,
                781,
                789,
                796,
                798,
                801,
                810,
                818,
                820,
                826,
                828,
                832,
                843,
                846,
                855,
                859,
                871,
                878,
                886,
                888,
                894,
                897,
                900,
                907,
                914,
                922,
                935,
                936,
                938,
                941,
                944,
                953,
                961
            ],
            "tags": [
                "IN",
                "DT",
                "JJ",
                "NN",
                ",",
                "PRP",
                "VBD",
                "NN",
                ",",
                "NN",
                ",",
                "CC",
                "NN",
                "IN",
                "JJ",
                "CC",
                "JJ",
                "NNS",
                "IN",
                "DT",
                "NN",
                "IN",
                "CD",
                "NN",
                "NN",
                "NNS",
                "VBG",
                "JJR",
                "CD",
                "NN",
                "IN",
                "JJ",
                "NNS",
                "."
            ],
            "words": [
                "In",
                "the",
                "current",
                "article",
                ",",
                "we",
                "compared",
                "imatinib",
                ",",
                "AMN107",
                ",",
                "and",
                "BMS-354825",
                "in",
                "cellular",
                "and",
                "biochemical",
                "assays",
                "against",
                "a",
                "panel",
                "of",
                "16",
                "kinase",
                "domain",
                "mutants",
                "representing",
                ">",
                "90",
                "%",
                "of",
                "clinical",
                "isolates",
                "."
            ]
        },
        {
            "endOffsets": [
                965,
                972,
                977,
                984,
                988,
                999,
                1003,
                1011,
                1015,
                1024,
                1029,
                1036,
                1041,
                1050,
                1058,
                1064,
                1075,
                1085,
                1093,
                1097,
                1102,
                1110,
                1123,
                1127,
                1138,
                1142,
                1146,
                1155,
                1165,
                1173,
                1180,
                1181,
                1186,
                1190,
                1200,
                1203,
                1209,
                1210
            ],
            "entities": [
                "O",
                "O",
                "O",
                "B-Simple_chemical",
                "O",
                "B-Simple_chemical",
                "O",
                "O",
                "O",
                "O",
                "O",
                "O",
                "O",
                "B-Simple_chemical",
                "O",
                "O",
                "O",
                "B-Gene_or_gene_product",
                "I-Gene_or_gene_product",
                "O",
                "O",
                "O",
                "O",
                "O",
                "O",
                "O",
                "O",
                "O",
                "O",
                "O",
                "O",
                "O",
                "O",
                "O",
                "O",
                "O",
                "B-Gene_or_gene_product",
                "O"
            ],
            "graphs": {
                "stanford-basic": {
                    "edges": [
                        {
                            "destination": 0,
                            "relation": "nsubj",
                            "source": 1
                        },
                        {
                            "destination": 7,
                            "relation": "ccomp",
                            "source": 1
                        },
                        {
                            "destination": 4,
                            "relation": "cc",
                            "source": 3
                        },
                        {
                            "destination": 5,
                            "relation": "conj",
                            "source": 3
                        },
                        {
                            "destination": 2,
                            "relation": "mark",
                            "source": 7
                        },
                        {
                            "destination": 3,
                            "relation": "nsubj",
                            "source": 7
                        },
                        {
                            "destination": 19,
                            "relation": "cc",
                            "source": 7
                        },
                        {
                            "destination": 6,
                            "relation": "cop",
                            "source": 7
                        },
                        {
                            "destination": 8,
                            "relation": "cc",
                            "source": 7
                        },
                        {
                            "destination": 24,
                            "relation": "conj",
                            "source": 7
                        },
                        {
                            "destination": 11,
                            "relation": "conj",
                            "source": 7
                        },
                        {
                            "destination": 9,
                            "relation": "advmod",
                            "source": 11
                        },
                        {
                            "destination": 10,
                            "relation": "advmod",
                            "source": 11
                        },
                        {
                            "destination": 12,
                            "relation": "prep",
                            "source": 11
                        },
                        {
                            "destination": 13,
                            "relation": "pobj",
                            "source": 12
                        },
                        {
                            "destination": 14,
                            "relation": "prep",
                            "source": 13
                        },
                        {
                            "destination": 15,
                            "relation": "pobj",
                            "source": 14
                        },
                        {
                            "destination": 16,
                            "relation": "vmod",
                            "source": 15
                        },
                        {
                            "destination": 18,
                            "relation": "dobj",
                            "source": 16
                        },
                        {
                            "destination": 17,
                            "relation": "amod",
                            "source": 18
                        },
                        {
                            "destination": 21,
                            "relation": "amod",
                            "source": 22
                        },
                        {
                            "destination": 20,
                            "relation": "mark",
                            "source": 24
                        },
                        {
                            "destination": 22,
                            "relation": "nsubjpass",
                            "source": 24
                        },
                        {
                            "destination": 23,
                            "relation": "auxpass",
                            "source": 24
                        },
                        {
                            "destination": 25,
                            "relation": "prep",
                            "source": 24
                        },
                        {
                            "destination": 29,
                            "relation": "pobj",
                            "source": 25
                        },
                        {
                            "destination": 27,
                            "relation": "amod",
                            "source": 28
                        },
                        {
                            "destination": 26,
                            "relation": "det",
                            "source": 29
                        },
                        {
                            "destination": 28,
                            "relation": "amod",
                            "source": 29
                        },
                        {
                            "destination": 30,
                            "relation": "vmod",
                            "source": 29
                        },
                        {
                            "destination": 32,
                            "relation": "prep",
                            "source": 30
                        },
                        {
                            "destination": 34,
                            "relation": "pobj",
                            "source": 32
                        },
                        {
                            "destination": 33,
                            "relation": "det",
                            "source": 34
                        },
                        {
                            "destination": 35,
                            "relation": "prep",
                            "source": 34
                        },
                        {
                            "destination": 36,
                            "relation": "pobj",
                            "source": 35
                        }
                    ],
                    "roots": [
                        1
                    ]
                },
                "stanford-collapsed": {
                    "edges": [
                        {
                            "destination": 0,
                            "relation": "nsubj",
                            "source": 1
                        },
                        {
                            "destination": 7,
                            "relation": "ccomp",
                            "source": 1
                        },
                        {
                            "destination": 24,
                            "relation": "ccomp",
                            "source": 1
                        },
                        {
                            "destination": 11,
                            "relation": "ccomp",
                            "source": 1
                        },
                        {
                            "destination": 5,
                            "relation": "conj_and",
                            "source": 3
                        },
                        {
                            "destination": 2,
                            "relation": "mark",
                            "source": 7
                        },
                        {
                            "destination": 3,
                            "relation": "nsubj",
                            "source": 7
                        },
                        {
                            "destination": 5,
                            "relation": "nsubj",
                            "source": 7
                        },
                        {
                            "destination": 6,
                            "relation": "cop",
                            "source": 7
                        },
                        {
                            "destination": 24,
                            "relation": "conj_and",
                            "source": 7
                        },
                        {
                            "destination": 11,
                            "relation": "conj_and",
                            "source": 7
                        },
                        {
                            "destination": 3,
                            "relation": "nsubj",
                            "source": 11
                        },
                        {
                            "destination": 9,
                            "relation": "advmod",
                            "source": 11
                        },
                        {
                            "destination": 10,
                            "relation": "advmod",
                            "source": 11
                        },
                        {
                            "destination": 13,
                            "relation": "prep_than",
                            "source": 11
                        },
                        {
                            "destination": 15,
                            "relation": "prep_against",
                            "source": 13
                        },
                        {
                            "destination": 16,
                            "relation": "vmod",
                            "source": 15
                        },
                        {
                            "destination": 18,
                            "relation": "dobj",
                            "source": 16
                        },
                        {
                            "destination": 17,
                            "relation": "amod",
                            "source": 18
                        },
                        {
                            "destination": 21,
                            "relation": "amod",
                            "source": 22
                        },
                        {
                            "destination": 20,
                            "relation": "mark",
                            "source": 24
                        },
                        {
                            "destination": 22,
                            "relation": "nsubjpass",
                            "source": 24
                        },
                        {
                            "destination": 23,
                            "relation": "auxpass",
                            "source": 24
                        },
                        {
                            "destination": 29,
                            "relation": "prep_for",
                            "source": 24
                        },
                        {
                            "destination": 27,
                            "relation": "amod",
                            "source": 28
                        },
                        {
                            "destination": 26,
                            "relation": "det",
                            "source": 29
                        },
                        {
                            "destination": 28,
                            "relation": "amod",
                            "source": 29
                        },
                        {
                            "destination": 30,
                            "relation": "vmod",
                            "source": 29
                        },
                        {
                            "destination": 34,
                            "relation": "prep_with",
                            "source": 30
                        },
                        {
                            "destination": 33,
                            "relation": "det",
                            "source": 34
                        },
                        {
                            "destination": 36,
                            "relation": "prep_of",
                            "source": 34
                        }
                    ],
                    "roots": [
                        1
                    ]
                }
            },
            "lemmas": [
                "we",
                "report",
                "that",
                "amn107",
                "and",
                "bms-354825",
                "be",
                "20-fold",
                "and",
                "325-fold",
                "more",
                "potent",
                "than",
                "imatinib",
                "against",
                "cell",
                "express",
                "wild-type",
                "bcr-abl",
                "and",
                "that",
                "similar",
                "improvement",
                "be",
                "maintain",
                "for",
                "all",
                "imatinib",
                "resistant",
                "mutant",
                "test",
                ",",
                "with",
                "the",
                "exception",
                "of",
                "t315us",
                "."
            ],
            "startOffsets": [
                963,
                966,
                973,
                978,
                985,
                989,
                1000,
                1004,
                1012,
                1016,
                1025,
                1030,
                1037,
                1042,
                1051,
                1059,
                1065,
                1076,
                1086,
                1094,
                1098,
                1103,
                1111,
                1124,
                1128,
                1139,
                1143,
                1147,
                1156,
                1166,
                1174,
                1180,
                1182,
                1187,
                1191,
                1201,
                1204,
                1209
            ],
            "tags": [
                "PRP",
                "VBP",
                "IN",
                "NN",
                "CC",
                "NN",
                "VBP",
                "JJ",
                "CC",
                "RB",
                "RBR",
                "JJ",
                "IN",
                "NN",
                "IN",
                "NNS",
                "VBG",
                "JJ",
                "NN",
                "CC",
                "IN",
                "JJ",
                "NNS",
                "VBP",
                "VBN",
                "IN",
                "DT",
                "JJ",
                "JJ",
                "NNS",
                "VBN",
                ",",
                "IN",
                "DT",
                "NN",
                "IN",
                "NN",
                "."
            ],
            "words": [
                "We",
                "report",
                "that",
                "AMN107",
                "and",
                "BMS-354825",
                "are",
                "20-fold",
                "and",
                "325-fold",
                "more",
                "potent",
                "than",
                "imatinib",
                "against",
                "cells",
                "expressing",
                "wild-type",
                "Bcr-Abl",
                "and",
                "that",
                "similar",
                "improvements",
                "are",
                "maintained",
                "for",
                "all",
                "imatinib",
                "resistant",
                "mutants",
                "tested",
                ",",
                "with",
                "the",
                "exception",
                "of",
                "T315I",
                "."
            ]
        },
        {
            "endOffsets": [
                1215,
                1216,
                1221,
                1232,
                1237,
                1245,
                1249,
                1258,
                1278,
                1282,
                1283
            ],
            "entities": [
                "O",
                "O",
                "O",
                "O",
                "O",
                "O",
                "O",
                "O",
                "O",
                "B-CellLine",
                "O"
            ],
            "graphs": {
                "stanford-basic": {
                    "edges": [
                        {
                            "destination": 2,
                            "relation": "det",
                            "source": 3
                        },
                        {
                            "destination": 0,
                            "relation": "advmod",
                            "source": 4
                        },
                        {
                            "destination": 3,
                            "relation": "nsubj",
                            "source": 4
                        },
                        {
                            "destination": 5,
                            "relation": "dobj",
                            "source": 4
                        },
                        {
                            "destination": 6,
                            "relation": "prep",
                            "source": 4
                        },
                        {
                            "destination": 7,
                            "relation": "pcomp",
                            "source": 6
                        },
                        {
                            "destination": 9,
                            "relation": "dobj",
                            "source": 7
                        },
                        {
                            "destination": 8,
                            "relation": "amod",
                            "source": 9
                        }
                    ],
                    "roots": [
                        4
                    ]
                },
                "stanford-collapsed": {
                    "edges": [
                        {
                            "destination": 2,
                            "relation": "det",
                            "source": 3
                        },
                        {
                            "destination": 0,
                            "relation": "advmod",
                            "source": 4
                        },
                        {
                            "destination": 3,
                            "relation": "nsubj",
                            "source": 4
                        },
                        {
                            "destination": 5,
                            "relation": "dobj",
                            "source": 4
                        },
                        {
                            "destination": 7,
                            "relation": "prepc_for",
                            "source": 4
                        },
                        {
                            "destination": 9,
                            "relation": "dobj",
                            "source": 7
                        },
                        {
                            "destination": 8,
                            "relation": "amod",
                            "source": 9
                        }
                    ],
                    "roots": [
                        4
                    ]
                }
            },
            "lemmas": [
                "thus",
                ",",
                "both",
                "inhibitor",
                "hold",
                "promise",
                "for",
                "treat",
                "imatinib-refractory",
                "cml",
                "."
            ],
            "startOffsets": [
                1211,
                1215,
                1217,
                1222,
                1233,
                1238,
                1246,
                1250,
                1259,
                1279,
                1282
            ],
            "tags": [
                "RB",
                ",",
                "DT",
                "NNS",
                "VBP",
                "NN",
                "IN",
                "VBG",
                "JJ",
                "NN",
                "."
            ],
            "words": [
                "Thus",
                ",",
                "both",
                "inhibitors",
                "hold",
                "promise",
                "for",
                "treating",
                "imatinib-refractory",
                "CML",
                "."
            ]
        }
    ],
    "text": "Imatinib, a Bcr-Abl tyrosine kinase inhibitor, is a highly effective therapy for \npatients with chronic myelogenous leukemia (CML). Despite durable responses in\nmost chronic phase patients, relapses have been observed and are much more\nprevalent in patients with advanced disease. The most common mechanism of\nacquired imatinib resistance has been traced to Bcr-Abl kinase domain mutations\nwith decreased imatinib sensitivity. Thus, alternate Bcr-Abl kinase inhibitors\nthat have activity against imatinib-resistant mutants would be useful for\npatients who relapse on imatinib therapy. Two such Bcr-Abl inhibitors are\ncurrently being evaluated in clinical trials: the improved potency, selective Abl\ninhibitor AMN107 and the highly potent dual Src/Abl inhibitor BMS-354825. In the \ncurrent article, we compared imatinib, AMN107, and BMS-354825 in cellular and\nbiochemical assays against a panel of 16 kinase domain mutants representing >90% \nof clinical isolates. We report that AMN107 and BMS-354825 are 20-fold and\n325-fold more potent than imatinib against cells expressing wild-type Bcr-Abl and\nthat similar improvements are maintained for all imatinib-resistant mutants\ntested, with the exception of T315I. Thus, both inhibitors hold promise for\ntreating imatinib-refractory CML."
}