{
    "id": "16487996",
    "sentences": [
        {
            "endOffsets": [
                10,
                11,
                22,
                34,
                42,
                50,
                52,
                56,
                57,
                60,
                63,
                74,
                82,
                87,
                94,
                104,
                105
            ],
            "entities": [
                "O",
                "O",
                "O",
                "O",
                "O",
                "O",
                "O",
                "O",
                "O",
                "O",
                "O",
                "O",
                "O",
                "O",
                "O",
                "O",
                "O"
            ],
            "graphs": {
                "stanford-basic": {
                    "edges": [
                        {
                            "destination": 12,
                            "relation": "dep",
                            "source": 0
                        },
                        {
                            "destination": 2,
                            "relation": "amod",
                            "source": 5
                        },
                        {
                            "destination": 3,
                            "relation": "amod",
                            "source": 5
                        },
                        {
                            "destination": 4,
                            "relation": "amod",
                            "source": 5
                        },
                        {
                            "destination": 7,
                            "relation": "appos",
                            "source": 5
                        },
                        {
                            "destination": 5,
                            "relation": "nsubj",
                            "source": 12
                        },
                        {
                            "destination": 9,
                            "relation": "cop",
                            "source": 12
                        },
                        {
                            "destination": 10,
                            "relation": "det",
                            "source": 12
                        },
                        {
                            "destination": 11,
                            "relation": "amod",
                            "source": 12
                        },
                        {
                            "destination": 13,
                            "relation": "prep",
                            "source": 12
                        },
                        {
                            "destination": 15,
                            "relation": "pobj",
                            "source": 13
                        },
                        {
                            "destination": 14,
                            "relation": "amod",
                            "source": 15
                        }
                    ],
                    "roots": [
                        0
                    ]
                },
                "stanford-collapsed": {
                    "edges": [
                        {
                            "destination": 14,
                            "relation": "amod",
                            "source": 15
                        },
                        {
                            "destination": 12,
                            "relation": "dep",
                            "source": 0
                        },
                        {
                            "destination": 2,
                            "relation": "amod",
                            "source": 5
                        },
                        {
                            "destination": 3,
                            "relation": "amod",
                            "source": 5
                        },
                        {
                            "destination": 4,
                            "relation": "amod",
                            "source": 5
                        },
                        {
                            "destination": 7,
                            "relation": "appos",
                            "source": 5
                        },
                        {
                            "destination": 15,
                            "relation": "prep_with",
                            "source": 12
                        },
                        {
                            "destination": 5,
                            "relation": "nsubj",
                            "source": 12
                        },
                        {
                            "destination": 9,
                            "relation": "cop",
                            "source": 12
                        },
                        {
                            "destination": 10,
                            "relation": "det",
                            "source": 12
                        },
                        {
                            "destination": 11,
                            "relation": "amod",
                            "source": 12
                        }
                    ],
                    "roots": [
                        0
                    ]
                }
            },
            "lemmas": [
                "background",
                ":",
                "high-grade",
                "endometrial",
                "stromal",
                "sarcoma",
                "(",
                "hge",
                ")",
                "be",
                "a",
                "aggressive",
                "disease",
                "with",
                "dismal",
                "prognosis",
                "."
            ],
            "startOffsets": [
                0,
                10,
                12,
                23,
                35,
                43,
                51,
                52,
                56,
                58,
                61,
                64,
                75,
                83,
                88,
                95,
                104
            ],
            "tags": [
                "NN",
                ":",
                "JJ",
                "JJ",
                "JJ",
                "NN",
                "-LRB-",
                "NN",
                "-RRB-",
                "VBZ",
                "DT",
                "JJ",
                "NN",
                "IN",
                "JJ",
                "NN",
                "."
            ],
            "words": [
                "BACKGROUND",
                ":",
                "High-grade",
                "endometrial",
                "stromal",
                "sarcoma",
                "(",
                "HGES",
                ")",
                "is",
                "an",
                "aggressive",
                "disease",
                "with",
                "dismal",
                "prognosis",
                "."
            ]
        },
        {
            "endOffsets": [
                113,
                116,
                120,
                129,
                139,
                140,
                144,
                157,
                163,
                166,
                173,
                179,
                187,
                188
            ],
            "entities": [
                "O",
                "O",
                "O",
                "O",
                "O",
                "O",
                "O",
                "O",
                "O",
                "O",
                "O",
                "O",
                "O",
                "O"
            ],
            "graphs": {
                "stanford-basic": {
                    "edges": [
                        {
                            "destination": 0,
                            "relation": "nsubj",
                            "source": 4
                        },
                        {
                            "destination": 1,
                            "relation": "cop",
                            "source": 4
                        },
                        {
                            "destination": 2,
                            "relation": "det",
                            "source": 4
                        },
                        {
                            "destination": 3,
                            "relation": "amod",
                            "source": 4
                        },
                        {
                            "destination": 6,
                            "relation": "cc",
                            "source": 4
                        },
                        {
                            "destination": 8,
                            "relation": "conj",
                            "source": 4
                        },
                        {
                            "destination": 7,
                            "relation": "nsubj",
                            "source": 8
                        },
                        {
                            "destination": 10,
                            "relation": "xcomp",
                            "source": 8
                        },
                        {
                            "destination": 9,
                            "relation": "aux",
                            "source": 10
                        },
                        {
                            "destination": 12,
                            "relation": "dobj",
                            "source": 10
                        },
                        {
                            "destination": 11,
                            "relation": "amod",
                            "source": 12
                        }
                    ],
                    "roots": [
                        4
                    ]
                },
                "stanford-collapsed": {
                    "edges": [
                        {
                            "destination": 0,
                            "relation": "nsubj",
                            "source": 4
                        },
                        {
                            "destination": 1,
                            "relation": "cop",
                            "source": 4
                        },
                        {
                            "destination": 2,
                            "relation": "det",
                            "source": 4
                        },
                        {
                            "destination": 3,
                            "relation": "amod",
                            "source": 4
                        },
                        {
                            "destination": 8,
                            "relation": "conj_and",
                            "source": 4
                        },
                        {
                            "destination": 7,
                            "relation": "nsubj",
                            "source": 8
                        },
                        {
                            "destination": 10,
                            "relation": "xcomp",
                            "source": 8
                        },
                        {
                            "destination": 9,
                            "relation": "aux",
                            "source": 10
                        },
                        {
                            "destination": 12,
                            "relation": "dobj",
                            "source": 10
                        },
                        {
                            "destination": 11,
                            "relation": "amod",
                            "source": 12
                        }
                    ],
                    "roots": [
                        4
                    ]
                }
            },
            "lemmas": [
                "surgery",
                "be",
                "the",
                "standard",
                "treatment",
                ",",
                "and",
                "radiotherapy",
                "seem",
                "to",
                "reduce",
                "local",
                "relapse",
                "."
            ],
            "startOffsets": [
                106,
                114,
                117,
                121,
                130,
                139,
                141,
                145,
                158,
                164,
                167,
                174,
                180,
                187
            ],
            "tags": [
                "NN",
                "VBZ",
                "DT",
                "JJ",
                "NN",
                ",",
                "CC",
                "NN",
                "VBZ",
                "TO",
                "VB",
                "JJ",
                "NN",
                "."
            ],
            "words": [
                "Surgery",
                "is",
                "the",
                "standard",
                "treatment",
                ",",
                "and",
                "radiotherapy",
                "seems",
                "to",
                "reduce",
                "local",
                "relapse",
                "."
            ]
        },
        {
            "endOffsets": [
                191,
                197,
                207,
                211,
                218,
                221,
                224,
                231,
                234,
                238,
                243,
                246,
                250,
                261,
                270,
                271
            ],
            "entities": [
                "O",
                "O",
                "O",
                "O",
                "O",
                "O",
                "O",
                "O",
                "O",
                "O",
                "O",
                "O",
                "O",
                "O",
                "O",
                "O"
            ],
            "graphs": {
                "stanford-basic": {
                    "edges": [
                        {
                            "destination": 0,
                            "relation": "neg",
                            "source": 2
                        },
                        {
                            "destination": 1,
                            "relation": "amod",
                            "source": 2
                        },
                        {
                            "destination": 2,
                            "relation": "nsubj",
                            "source": 4
                        },
                        {
                            "destination": 3,
                            "relation": "aux",
                            "source": 4
                        },
                        {
                            "destination": 7,
                            "relation": "xcomp",
                            "source": 4
                        },
                        {
                            "destination": 5,
                            "relation": "aux",
                            "source": 7
                        },
                        {
                            "destination": 6,
                            "relation": "cop",
                            "source": 7
                        },
                        {
                            "destination": 8,
                            "relation": "prep",
                            "source": 7
                        },
                        {
                            "destination": 10,
                            "relation": "pobj",
                            "source": 8
                        },
                        {
                            "destination": 9,
                            "relation": "det",
                            "source": 10
                        },
                        {
                            "destination": 11,
                            "relation": "prep",
                            "source": 10
                        },
                        {
                            "destination": 14,
                            "relation": "pobj",
                            "source": 11
                        },
                        {
                            "destination": 12,
                            "relation": "amod",
                            "source": 14
                        },
                        {
                            "destination": 13,
                            "relation": "amod",
                            "source": 14
                        }
                    ],
                    "roots": [
                        4
                    ]
                },
                "stanford-collapsed": {
                    "edges": [
                        {
                            "destination": 0,
                            "relation": "neg",
                            "source": 2
                        },
                        {
                            "destination": 1,
                            "relation": "amod",
                            "source": 2
                        },
                        {
                            "destination": 2,
                            "relation": "nsubj",
                            "source": 4
                        },
                        {
                            "destination": 3,
                            "relation": "aux",
                            "source": 4
                        },
                        {
                            "destination": 7,
                            "relation": "xcomp",
                            "source": 4
                        },
                        {
                            "destination": 5,
                            "relation": "aux",
                            "source": 7
                        },
                        {
                            "destination": 6,
                            "relation": "cop",
                            "source": 7
                        },
                        {
                            "destination": 10,
                            "relation": "prep_in",
                            "source": 7
                        },
                        {
                            "destination": 9,
                            "relation": "det",
                            "source": 10
                        },
                        {
                            "destination": 14,
                            "relation": "prep_of",
                            "source": 10
                        },
                        {
                            "destination": 12,
                            "relation": "amod",
                            "source": 14
                        },
                        {
                            "destination": 13,
                            "relation": "amod",
                            "source": 14
                        }
                    ],
                    "roots": [
                        4
                    ]
                }
            },
            "lemmas": [
                "no",
                "other",
                "treatment",
                "have",
                "prove",
                "to",
                "be",
                "useful",
                "in",
                "the",
                "case",
                "of",
                "non",
                "resectable",
                "disease",
                "."
            ],
            "startOffsets": [
                189,
                192,
                198,
                208,
                212,
                219,
                222,
                225,
                232,
                235,
                239,
                244,
                247,
                251,
                262,
                270
            ],
            "tags": [
                "DT",
                "JJ",
                "NN",
                "VBZ",
                "VBN",
                "TO",
                "VB",
                "JJ",
                "IN",
                "DT",
                "NN",
                "IN",
                "JJ",
                "JJ",
                "NNS",
                "."
            ],
            "words": [
                "No",
                "other",
                "treatment",
                "has",
                "proved",
                "to",
                "be",
                "useful",
                "in",
                "the",
                "case",
                "of",
                "non",
                "resectable",
                "diseases",
                "."
            ]
        },
        {
            "endOffsets": [
                276,
                277,
                279,
                291,
                297,
                307,
                312,
                313,
                318,
                327,
                336,
                340,
                346,
                348,
                353,
                354,
                358,
                364,
                374,
                378,
                394,
                399,
                411,
                417,
                430,
                431,
                435,
                443,
                448,
                457,
                466,
                467
            ],
            "entities": [
                "O",
                "O",
                "O",
                "O",
                "B-Species",
                "O",
                "O",
                "O",
                "O",
                "O",
                "O",
                "O",
                "B-Gene_or_gene_product",
                "O",
                "B-Gene_or_gene_product",
                "O",
                "O",
                "O",
                "O",
                "O",
                "O",
                "O",
                "O",
                "O",
                "O",
                "O",
                "O",
                "O",
                "O",
                "B-Simple_chemical",
                "I-Simple_chemical",
                "O"
            ],
            "graphs": {
                "stanford-basic": {
                    "edges": [
                        {
                            "destination": 4,
                            "relation": "dep",
                            "source": 0
                        },
                        {
                            "destination": 2,
                            "relation": "det",
                            "source": 4
                        },
                        {
                            "destination": 3,
                            "relation": "amod",
                            "source": 4
                        },
                        {
                            "destination": 5,
                            "relation": "vmod",
                            "source": 4
                        },
                        {
                            "destination": 6,
                            "relation": "dobj",
                            "source": 5
                        },
                        {
                            "destination": 8,
                            "relation": "prep",
                            "source": 5
                        },
                        {
                            "destination": 22,
                            "relation": "pcomp",
                            "source": 8
                        },
                        {
                            "destination": 9,
                            "relation": "amod",
                            "source": 10
                        },
                        {
                            "destination": 11,
                            "relation": "prep",
                            "source": 10
                        },
                        {
                            "destination": 12,
                            "relation": "pobj",
                            "source": 11
                        },
                        {
                            "destination": 16,
                            "relation": "cc",
                            "source": 12
                        },
                        {
                            "destination": 21,
                            "relation": "conj",
                            "source": 12
                        },
                        {
                            "destination": 14,
                            "relation": "appos",
                            "source": 12
                        },
                        {
                            "destination": 19,
                            "relation": "cc",
                            "source": 18
                        },
                        {
                            "destination": 20,
                            "relation": "conj",
                            "source": 18
                        },
                        {
                            "destination": 17,
                            "relation": "amod",
                            "source": 21
                        },
                        {
                            "destination": 18,
                            "relation": "amod",
                            "source": 21
                        },
                        {
                            "destination": 23,
                            "relation": "prep",
                            "source": 22
                        },
                        {
                            "destination": 10,
                            "relation": "nsubj",
                            "source": 22
                        },
                        {
                            "destination": 24,
                            "relation": "pobj",
                            "source": 23
                        },
                        {
                            "destination": 0,
                            "relation": "nsubjpass",
                            "source": 27
                        },
                        {
                            "destination": 26,
                            "relation": "auxpass",
                            "source": 27
                        },
                        {
                            "destination": 28,
                            "relation": "prep",
                            "source": 27
                        },
                        {
                            "destination": 30,
                            "relation": "pobj",
                            "source": 28
                        },
                        {
                            "destination": 29,
                            "relation": "nn",
                            "source": 30
                        }
                    ],
                    "roots": [
                        27
                    ]
                },
                "stanford-collapsed": {
                    "edges": [
                        {
                            "destination": 4,
                            "relation": "dep",
                            "source": 0
                        },
                        {
                            "destination": 2,
                            "relation": "det",
                            "source": 4
                        },
                        {
                            "destination": 3,
                            "relation": "amod",
                            "source": 4
                        },
                        {
                            "destination": 5,
                            "relation": "vmod",
                            "source": 4
                        },
                        {
                            "destination": 6,
                            "relation": "dobj",
                            "source": 5
                        },
                        {
                            "destination": 22,
                            "relation": "prepc_with",
                            "source": 5
                        },
                        {
                            "destination": 21,
                            "relation": "prep_for",
                            "source": 10
                        },
                        {
                            "destination": 9,
                            "relation": "amod",
                            "source": 10
                        },
                        {
                            "destination": 12,
                            "relation": "prep_for",
                            "source": 10
                        },
                        {
                            "destination": 21,
                            "relation": "conj_and",
                            "source": 12
                        },
                        {
                            "destination": 14,
                            "relation": "appos",
                            "source": 12
                        },
                        {
                            "destination": 20,
                            "relation": "conj_and",
                            "source": 18
                        },
                        {
                            "destination": 17,
                            "relation": "amod",
                            "source": 21
                        },
                        {
                            "destination": 18,
                            "relation": "amod",
                            "source": 21
                        },
                        {
                            "destination": 20,
                            "relation": "amod",
                            "source": 21
                        },
                        {
                            "destination": 24,
                            "relation": "prep_after",
                            "source": 22
                        },
                        {
                            "destination": 10,
                            "relation": "nsubj",
                            "source": 22
                        },
                        {
                            "destination": 0,
                            "relation": "nsubjpass",
                            "source": 27
                        },
                        {
                            "destination": 26,
                            "relation": "auxpass",
                            "source": 27
                        },
                        {
                            "destination": 30,
                            "relation": "prep_with",
                            "source": 27
                        },
                        {
                            "destination": 29,
                            "relation": "nn",
                            "source": 30
                        }
                    ],
                    "roots": [
                        27
                    ]
                }
            },
            "lemmas": [
                "case",
                ":",
                "a",
                "41-year-old",
                "woman",
                "suffer",
                "hge",
                ",",
                "with",
                "positive",
                "staining",
                "for",
                "cd117",
                "(",
                "c-kit",
                ")",
                "and",
                "large",
                "abdominal",
                "and",
                "retroperitoneal",
                "mass",
                "progress",
                "after",
                "chemotherapy",
                ",",
                "be",
                "treat",
                "with",
                "Imatinib",
                "Mesylate",
                "."
            ],
            "startOffsets": [
                272,
                276,
                278,
                280,
                292,
                298,
                308,
                312,
                314,
                319,
                328,
                337,
                341,
                347,
                348,
                353,
                355,
                359,
                365,
                375,
                379,
                395,
                400,
                412,
                418,
                430,
                432,
                436,
                444,
                449,
                458,
                466
            ],
            "tags": [
                "NN",
                ":",
                "DT",
                "JJ",
                "NN",
                "VBG",
                "NNS",
                ",",
                "IN",
                "JJ",
                "NN",
                "IN",
                "NN",
                "-LRB-",
                "NN",
                "-RRB-",
                "CC",
                "JJ",
                "JJ",
                "CC",
                "JJ",
                "NN",
                "VBG",
                "IN",
                "NN",
                ",",
                "VBD",
                "VBN",
                "IN",
                "NNP",
                "NNP",
                "."
            ],
            "words": [
                "CASE",
                ":",
                "A",
                "41-year-old",
                "woman",
                "suffering",
                "HGES",
                ",",
                "with",
                "positive",
                "staining",
                "for",
                "CD117",
                "(",
                "c-kit",
                ")",
                "and",
                "large",
                "abdominal",
                "and",
                "retroperitoneal",
                "mass",
                "progressing",
                "after",
                "chemotherapy",
                ",",
                "was",
                "treated",
                "with",
                "Imatinib",
                "Mesylate",
                "."
            ]
        },
        {
            "endOffsets": [
                473,
                475,
                482,
                483,
                493,
                502,
                506,
                517,
                521,
                529,
                537,
                547,
                548
            ],
            "entities": [
                "O",
                "O",
                "O",
                "O",
                "O",
                "O",
                "O",
                "O",
                "O",
                "O",
                "O",
                "O",
                "O"
            ],
            "graphs": {
                "stanford-basic": {
                    "edges": [
                        {
                            "destination": 2,
                            "relation": "pobj",
                            "source": 0
                        },
                        {
                            "destination": 1,
                            "relation": "num",
                            "source": 2
                        },
                        {
                            "destination": 4,
                            "relation": "amod",
                            "source": 5
                        },
                        {
                            "destination": 0,
                            "relation": "prep",
                            "source": 7
                        },
                        {
                            "destination": 5,
                            "relation": "nsubjpass",
                            "source": 7
                        },
                        {
                            "destination": 6,
                            "relation": "auxpass",
                            "source": 7
                        },
                        {
                            "destination": 8,
                            "relation": "cc",
                            "source": 7
                        },
                        {
                            "destination": 10,
                            "relation": "conj",
                            "source": 7
                        },
                        {
                            "destination": 9,
                            "relation": "amod",
                            "source": 10
                        },
                        {
                            "destination": 11,
                            "relation": "vmod",
                            "source": 10
                        }
                    ],
                    "roots": [
                        7
                    ]
                },
                "stanford-collapsed": {
                    "edges": [
                        {
                            "destination": 1,
                            "relation": "num",
                            "source": 2
                        },
                        {
                            "destination": 4,
                            "relation": "amod",
                            "source": 5
                        },
                        {
                            "destination": 2,
                            "relation": "prep_after",
                            "source": 7
                        },
                        {
                            "destination": 5,
                            "relation": "nsubjpass",
                            "source": 7
                        },
                        {
                            "destination": 6,
                            "relation": "auxpass",
                            "source": 7
                        },
                        {
                            "destination": 10,
                            "relation": "conj_and",
                            "source": 7
                        },
                        {
                            "destination": 9,
                            "relation": "amod",
                            "source": 10
                        },
                        {
                            "destination": 11,
                            "relation": "vmod",
                            "source": 10
                        }
                    ],
                    "roots": [
                        7
                    ]
                }
            },
            "lemmas": [
                "after",
                "3",
                "month",
                ",",
                "objective",
                "response",
                "be",
                "document",
                "and",
                "radical",
                "surgery",
                "perform",
                "."
            ],
            "startOffsets": [
                468,
                474,
                476,
                482,
                484,
                494,
                503,
                507,
                518,
                522,
                530,
                538,
                547
            ],
            "tags": [
                "IN",
                "CD",
                "NNS",
                ",",
                "JJ",
                "NN",
                "VBD",
                "VBN",
                "CC",
                "JJ",
                "NN",
                "VBN",
                "."
            ],
            "words": [
                "After",
                "3",
                "months",
                ",",
                "objective",
                "response",
                "was",
                "documented",
                "and",
                "radical",
                "surgery",
                "performed",
                "."
            ]
        },
        {
            "endOffsets": [
                552,
                558,
                564,
                573,
                586,
                587,
                591,
                594,
                604,
                609,
                612,
                616,
                624,
                625
            ],
            "entities": [
                "O",
                "O",
                "O",
                "O",
                "O",
                "O",
                "O",
                "O",
                "O",
                "O",
                "O",
                "O",
                "O",
                "O"
            ],
            "graphs": {
                "stanford-basic": {
                    "edges": [
                        {
                            "destination": 0,
                            "relation": "num",
                            "source": 1
                        },
                        {
                            "destination": 1,
                            "relation": "npadvmod",
                            "source": 2
                        },
                        {
                            "destination": 4,
                            "relation": "pobj",
                            "source": 2
                        },
                        {
                            "destination": 3,
                            "relation": "amod",
                            "source": 4
                        },
                        {
                            "destination": 2,
                            "relation": "prep",
                            "source": 9
                        },
                        {
                            "destination": 6,
                            "relation": "nsubj",
                            "source": 9
                        },
                        {
                            "destination": 7,
                            "relation": "cop",
                            "source": 9
                        },
                        {
                            "destination": 8,
                            "relation": "advmod",
                            "source": 9
                        },
                        {
                            "destination": 10,
                            "relation": "prep",
                            "source": 9
                        },
                        {
                            "destination": 12,
                            "relation": "pobj",
                            "source": 10
                        },
                        {
                            "destination": 11,
                            "relation": "det",
                            "source": 12
                        }
                    ],
                    "roots": [
                        9
                    ]
                },
                "stanford-collapsed": {
                    "edges": [
                        {
                            "destination": 0,
                            "relation": "num",
                            "source": 1
                        },
                        {
                            "destination": 3,
                            "relation": "amod",
                            "source": 4
                        },
                        {
                            "destination": 1,
                            "relation": "npadvmod",
                            "source": 9
                        },
                        {
                            "destination": 4,
                            "relation": "prep_after",
                            "source": 9
                        },
                        {
                            "destination": 6,
                            "relation": "nsubj",
                            "source": 9
                        },
                        {
                            "destination": 7,
                            "relation": "cop",
                            "source": 9
                        },
                        {
                            "destination": 8,
                            "relation": "advmod",
                            "source": 9
                        },
                        {
                            "destination": 12,
                            "relation": "prep_of",
                            "source": 9
                        },
                        {
                            "destination": 11,
                            "relation": "det",
                            "source": 12
                        }
                    ],
                    "roots": [
                        9
                    ]
                }
            },
            "lemmas": [
                "two",
                "year",
                "after",
                "surgical",
                "intervention",
                ",",
                "she",
                "be",
                "currently",
                "free",
                "of",
                "the",
                "disease",
                "."
            ],
            "startOffsets": [
                549,
                553,
                559,
                565,
                574,
                586,
                588,
                592,
                595,
                605,
                610,
                613,
                617,
                624
            ],
            "tags": [
                "CD",
                "NNS",
                "IN",
                "JJ",
                "NN",
                ",",
                "PRP",
                "VBZ",
                "RB",
                "JJ",
                "IN",
                "DT",
                "NN",
                "."
            ],
            "words": [
                "Two",
                "years",
                "after",
                "surgical",
                "intervention",
                ",",
                "she",
                "is",
                "currently",
                "free",
                "of",
                "the",
                "disease",
                "."
            ]
        },
        {
            "endOffsets": [
                636,
                637,
                641,
                650,
                655,
                660,
                669,
                676,
                679,
                687,
                700,
                703,
                705,
                712,
                719,
                722,
                728,
                729
            ],
            "entities": [
                "O",
                "O",
                "O",
                "O",
                "O",
                "O",
                "B-Simple_chemical",
                "O",
                "O",
                "O",
                "O",
                "O",
                "O",
                "O",
                "O",
                "O",
                "O",
                "O"
            ],
            "graphs": {
                "stanford-basic": {
                    "edges": [
                        {
                            "destination": 3,
                            "relation": "dep",
                            "source": 0
                        },
                        {
                            "destination": 2,
                            "relation": "det",
                            "source": 3
                        },
                        {
                            "destination": 4,
                            "relation": "vmod",
                            "source": 3
                        },
                        {
                            "destination": 5,
                            "relation": "prep",
                            "source": 4
                        },
                        {
                            "destination": 6,
                            "relation": "pobj",
                            "source": 5
                        },
                        {
                            "destination": 0,
                            "relation": "nsubjpass",
                            "source": 10
                        },
                        {
                            "destination": 7,
                            "relation": "aux",
                            "source": 10
                        },
                        {
                            "destination": 8,
                            "relation": "auxpass",
                            "source": 10
                        },
                        {
                            "destination": 9,
                            "relation": "advmod",
                            "source": 10
                        },
                        {
                            "destination": 11,
                            "relation": "prep",
                            "source": 10
                        },
                        {
                            "destination": 14,
                            "relation": "pobj",
                            "source": 11
                        },
                        {
                            "destination": 15,
                            "relation": "prep",
                            "source": 14
                        },
                        {
                            "destination": 12,
                            "relation": "det",
                            "source": 14
                        },
                        {
                            "destination": 13,
                            "relation": "amod",
                            "source": 14
                        },
                        {
                            "destination": 16,
                            "relation": "pobj",
                            "source": 15
                        }
                    ],
                    "roots": [
                        10
                    ]
                },
                "stanford-collapsed": {
                    "edges": [
                        {
                            "destination": 3,
                            "relation": "dep",
                            "source": 0
                        },
                        {
                            "destination": 2,
                            "relation": "det",
                            "source": 3
                        },
                        {
                            "destination": 4,
                            "relation": "vmod",
                            "source": 3
                        },
                        {
                            "destination": 6,
                            "relation": "prep_with",
                            "source": 4
                        },
                        {
                            "destination": 0,
                            "relation": "nsubjpass",
                            "source": 10
                        },
                        {
                            "destination": 7,
                            "relation": "aux",
                            "source": 10
                        },
                        {
                            "destination": 8,
                            "relation": "auxpass",
                            "source": 10
                        },
                        {
                            "destination": 9,
                            "relation": "advmod",
                            "source": 10
                        },
                        {
                            "destination": 14,
                            "relation": "prep_in",
                            "source": 10
                        },
                        {
                            "destination": 16,
                            "relation": "prep_of",
                            "source": 14
                        },
                        {
                            "destination": 12,
                            "relation": "det",
                            "source": 14
                        },
                        {
                            "destination": 13,
                            "relation": "amod",
                            "source": 14
                        }
                    ],
                    "roots": [
                        10
                    ]
                }
            },
            "lemmas": [
                "conclusion",
                ":",
                "the",
                "response",
                "see",
                "with",
                "imatinib",
                "should",
                "be",
                "further",
                "investigate",
                "in",
                "a",
                "larger",
                "number",
                "of",
                "case",
                "."
            ],
            "startOffsets": [
                626,
                636,
                638,
                642,
                651,
                656,
                661,
                670,
                677,
                680,
                688,
                701,
                704,
                706,
                713,
                720,
                723,
                728
            ],
            "tags": [
                "NN",
                ":",
                "DT",
                "NN",
                "VBN",
                "IN",
                "NN",
                "MD",
                "VB",
                "RB",
                "VBN",
                "IN",
                "DT",
                "JJR",
                "NN",
                "IN",
                "NNS",
                "."
            ],
            "words": [
                "CONCLUSION",
                ":",
                "The",
                "response",
                "seen",
                "with",
                "Imatinib",
                "should",
                "be",
                "further",
                "investigated",
                "in",
                "a",
                "larger",
                "number",
                "of",
                "cases",
                "."
            ]
        }
    ],
    "text": "BACKGROUND: High-grade endometrial stromal sarcoma (HGES) is an aggressive\ndisease with dismal prognosis. Surgery is the standard treatment, and\nradiotherapy seems to reduce local relapse. No other treatment has proved to be\nuseful in the case of non-resectable diseases.\nCASE: A 41-year-old woman suffering HGES, with positive staining for CD117\n(c-kit) and large abdominal and retroperitoneal mass progressing after\nchemotherapy, was treated with Imatinib Mesylate. After 3 months, objective\nresponse was documented and radical surgery performed. Two years after surgical\nintervention, she is currently free of the disease.\nCONCLUSION: The response seen with Imatinib should be further investigated in a\nlarger number of cases."
}