{
    "id": "16709929",
    "sentences": [
        {
            "endOffsets": [
                5,
                10,
                19,
                22,
                24,
                33,
                43,
                50,
                53,
                66,
                71,
                73,
                75,
                76,
                77,
                89,
                96,
                99,
                107,
                111,
                118,
                121,
                132,
                135,
                140,
                148,
                149
            ],
            "entities": [
                "O",
                "B-Gene_or_gene_product",
                "O",
                "O",
                "O",
                "O",
                "O",
                "O",
                "O",
                "O",
                "O",
                "O",
                "B-Simple_chemical",
                "O",
                "O",
                "O",
                "O",
                "O",
                "O",
                "O",
                "O",
                "O",
                "O",
                "O",
                "O",
                "O",
                "O"
            ],
            "graphs": {
                "stanford-basic": {
                    "edges": [
                        {
                            "destination": 0,
                            "relation": "nn",
                            "source": 2
                        },
                        {
                            "destination": 1,
                            "relation": "nn",
                            "source": 2
                        },
                        {
                            "destination": 16,
                            "relation": "amod",
                            "source": 7
                        },
                        {
                            "destination": 2,
                            "relation": "nsubj",
                            "source": 7
                        },
                        {
                            "destination": 18,
                            "relation": "vmod",
                            "source": 7
                        },
                        {
                            "destination": 3,
                            "relation": "cop",
                            "source": 7
                        },
                        {
                            "destination": 4,
                            "relation": "det",
                            "source": 7
                        },
                        {
                            "destination": 5,
                            "relation": "amod",
                            "source": 7
                        },
                        {
                            "destination": 6,
                            "relation": "amod",
                            "source": 7
                        },
                        {
                            "destination": 8,
                            "relation": "prep",
                            "source": 7
                        },
                        {
                            "destination": 10,
                            "relation": "pobj",
                            "source": 8
                        },
                        {
                            "destination": 9,
                            "relation": "nn",
                            "source": 10
                        },
                        {
                            "destination": 12,
                            "relation": "appos",
                            "source": 10
                        },
                        {
                            "destination": 15,
                            "relation": "advmod",
                            "source": 16
                        },
                        {
                            "destination": 17,
                            "relation": "aux",
                            "source": 18
                        },
                        {
                            "destination": 20,
                            "relation": "dobj",
                            "source": 18
                        },
                        {
                            "destination": 19,
                            "relation": "det",
                            "source": 20
                        },
                        {
                            "destination": 21,
                            "relation": "prep",
                            "source": 20
                        },
                        {
                            "destination": 22,
                            "relation": "pobj",
                            "source": 21
                        },
                        {
                            "destination": 23,
                            "relation": "prep",
                            "source": 22
                        },
                        {
                            "destination": 25,
                            "relation": "pobj",
                            "source": 23
                        },
                        {
                            "destination": 24,
                            "relation": "det",
                            "source": 25
                        }
                    ],
                    "roots": [
                        7
                    ]
                },
                "stanford-collapsed": {
                    "edges": [
                        {
                            "destination": 0,
                            "relation": "nn",
                            "source": 2
                        },
                        {
                            "destination": 1,
                            "relation": "nn",
                            "source": 2
                        },
                        {
                            "destination": 16,
                            "relation": "amod",
                            "source": 7
                        },
                        {
                            "destination": 2,
                            "relation": "nsubj",
                            "source": 7
                        },
                        {
                            "destination": 18,
                            "relation": "vmod",
                            "source": 7
                        },
                        {
                            "destination": 3,
                            "relation": "cop",
                            "source": 7
                        },
                        {
                            "destination": 4,
                            "relation": "det",
                            "source": 7
                        },
                        {
                            "destination": 5,
                            "relation": "amod",
                            "source": 7
                        },
                        {
                            "destination": 6,
                            "relation": "amod",
                            "source": 7
                        },
                        {
                            "destination": 10,
                            "relation": "prep_of",
                            "source": 7
                        },
                        {
                            "destination": 9,
                            "relation": "nn",
                            "source": 10
                        },
                        {
                            "destination": 12,
                            "relation": "appos",
                            "source": 10
                        },
                        {
                            "destination": 15,
                            "relation": "advmod",
                            "source": 16
                        },
                        {
                            "destination": 17,
                            "relation": "aux",
                            "source": 18
                        },
                        {
                            "destination": 20,
                            "relation": "dobj",
                            "source": 18
                        },
                        {
                            "destination": 19,
                            "relation": "det",
                            "source": 20
                        },
                        {
                            "destination": 22,
                            "relation": "prep_of",
                            "source": 20
                        },
                        {
                            "destination": 25,
                            "relation": "prep_in",
                            "source": 22
                        },
                        {
                            "destination": 24,
                            "relation": "det",
                            "source": 25
                        }
                    ],
                    "roots": [
                        7
                    ]
                }
            },
            "lemmas": [
                "v617f",
                "jak2",
                "mutation",
                "be",
                "a",
                "reliable",
                "molecular",
                "marker",
                "of",
                "polycythemia",
                "vera",
                "(",
                "pv",
                ")",
                ",",
                "potentially",
                "useful",
                "to",
                "monitor",
                "the",
                "effect",
                "of",
                "treatment",
                "in",
                "this",
                "disease",
                "."
            ],
            "startOffsets": [
                0,
                6,
                11,
                20,
                23,
                25,
                34,
                44,
                51,
                54,
                67,
                72,
                73,
                75,
                76,
                78,
                90,
                97,
                100,
                108,
                112,
                119,
                122,
                133,
                136,
                141,
                148
            ],
            "tags": [
                "NN",
                "NN",
                "NN",
                "VBZ",
                "DT",
                "JJ",
                "JJ",
                "NN",
                "IN",
                "NN",
                "NN",
                "-LRB-",
                "NN",
                "-RRB-",
                ",",
                "RB",
                "JJ",
                "TO",
                "VB",
                "DT",
                "NN",
                "IN",
                "NNS",
                "IN",
                "DT",
                "NN",
                "."
            ],
            "words": [
                "V617F",
                "JAK2",
                "mutation",
                "is",
                "a",
                "reliable",
                "molecular",
                "marker",
                "of",
                "polycythemia",
                "vera",
                "(",
                "PV",
                ")",
                ",",
                "potentially",
                "useful",
                "to",
                "monitor",
                "the",
                "effect",
                "of",
                "treatments",
                "in",
                "this",
                "disease",
                "."
            ]
        },
        {
            "endOffsets": [
                152,
                154,
                160,
                162,
                168,
                171,
                181,
                183,
                186,
                187,
                200,
                203,
                206,
                207,
                210,
                220,
                232,
                243,
                256,
                267,
                270,
                274,
                285,
                288,
                296,
                301,
                308,
                310,
                311,
                316,
                317,
                320,
                330,
                341,
                347,
                356,
                358,
                361,
                362,
                363
            ],
            "entities": [
                "O",
                "O",
                "O",
                "O",
                "O",
                "O",
                "O",
                "O",
                "O",
                "O",
                "O",
                "O",
                "B-Simple_chemical",
                "O",
                "O",
                "O",
                "O",
                "O",
                "O",
                "O",
                "O",
                "O",
                "O",
                "O",
                "O",
                "B-Gene_or_gene_product",
                "O",
                "O",
                "B-Gene_or_gene_product",
                "I-Gene_or_gene_product",
                "O",
                "O",
                "O",
                "O",
                "O",
                "O",
                "O",
                "O",
                "O",
                "O"
            ],
            "graphs": {
                "stanford-basic": {
                    "edges": [
                        {
                            "destination": 2,
                            "relation": "pobj",
                            "source": 0
                        },
                        {
                            "destination": 1,
                            "relation": "det",
                            "source": 2
                        },
                        {
                            "destination": 6,
                            "relation": "vmod",
                            "source": 2
                        },
                        {
                            "destination": 3,
                            "relation": "num",
                            "source": 4
                        },
                        {
                            "destination": 4,
                            "relation": "npadvmod",
                            "source": 5
                        },
                        {
                            "destination": 5,
                            "relation": "advmod",
                            "source": 6
                        },
                        {
                            "destination": 8,
                            "relation": "dep",
                            "source": 6
                        },
                        {
                            "destination": 11,
                            "relation": "prep",
                            "source": 6
                        },
                        {
                            "destination": 10,
                            "relation": "npadvmod",
                            "source": 11
                        },
                        {
                            "destination": 12,
                            "relation": "pobj",
                            "source": 11
                        },
                        {
                            "destination": 0,
                            "relation": "prep",
                            "source": 15
                        },
                        {
                            "destination": 19,
                            "relation": "dobj",
                            "source": 15
                        },
                        {
                            "destination": 14,
                            "relation": "nsubj",
                            "source": 15
                        },
                        {
                            "destination": 16,
                            "relation": "amod",
                            "source": 19
                        },
                        {
                            "destination": 17,
                            "relation": "amod",
                            "source": 19
                        },
                        {
                            "destination": 18,
                            "relation": "amod",
                            "source": 19
                        },
                        {
                            "destination": 20,
                            "relation": "prep",
                            "source": 19
                        },
                        {
                            "destination": 22,
                            "relation": "pobj",
                            "source": 20
                        },
                        {
                            "destination": 21,
                            "relation": "det",
                            "source": 22
                        },
                        {
                            "destination": 23,
                            "relation": "prep",
                            "source": 22
                        },
                        {
                            "destination": 26,
                            "relation": "pobj",
                            "source": 23
                        },
                        {
                            "destination": 31,
                            "relation": "prep",
                            "source": 26
                        },
                        {
                            "destination": 24,
                            "relation": "amod",
                            "source": 26
                        },
                        {
                            "destination": 25,
                            "relation": "nn",
                            "source": 26
                        },
                        {
                            "destination": 29,
                            "relation": "appos",
                            "source": 26
                        },
                        {
                            "destination": 28,
                            "relation": "nn",
                            "source": 29
                        },
                        {
                            "destination": 35,
                            "relation": "pobj",
                            "source": 31
                        },
                        {
                            "destination": 32,
                            "relation": "amod",
                            "source": 35
                        },
                        {
                            "destination": 33,
                            "relation": "nn",
                            "source": 35
                        },
                        {
                            "destination": 34,
                            "relation": "nn",
                            "source": 35
                        },
                        {
                            "destination": 37,
                            "relation": "appos",
                            "source": 35
                        }
                    ],
                    "roots": [
                        15
                    ]
                },
                "stanford-collapsed": {
                    "edges": [
                        {
                            "destination": 1,
                            "relation": "det",
                            "source": 2
                        },
                        {
                            "destination": 6,
                            "relation": "vmod",
                            "source": 2
                        },
                        {
                            "destination": 3,
                            "relation": "num",
                            "source": 4
                        },
                        {
                            "destination": 4,
                            "relation": "npadvmod",
                            "source": 5
                        },
                        {
                            "destination": 5,
                            "relation": "advmod",
                            "source": 6
                        },
                        {
                            "destination": 8,
                            "relation": "dep",
                            "source": 6
                        },
                        {
                            "destination": 10,
                            "relation": "npadvmod",
                            "source": 6
                        },
                        {
                            "destination": 12,
                            "relation": "prep_in",
                            "source": 6
                        },
                        {
                            "destination": 2,
                            "relation": "prep_in",
                            "source": 15
                        },
                        {
                            "destination": 19,
                            "relation": "dobj",
                            "source": 15
                        },
                        {
                            "destination": 14,
                            "relation": "nsubj",
                            "source": 15
                        },
                        {
                            "destination": 16,
                            "relation": "amod",
                            "source": 19
                        },
                        {
                            "destination": 17,
                            "relation": "amod",
                            "source": 19
                        },
                        {
                            "destination": 18,
                            "relation": "amod",
                            "source": 19
                        },
                        {
                            "destination": 22,
                            "relation": "prep_of",
                            "source": 19
                        },
                        {
                            "destination": 21,
                            "relation": "det",
                            "source": 22
                        },
                        {
                            "destination": 26,
                            "relation": "prep_of",
                            "source": 22
                        },
                        {
                            "destination": 35,
                            "relation": "prep_by",
                            "source": 26
                        },
                        {
                            "destination": 24,
                            "relation": "amod",
                            "source": 26
                        },
                        {
                            "destination": 25,
                            "relation": "nn",
                            "source": 26
                        },
                        {
                            "destination": 29,
                            "relation": "appos",
                            "source": 26
                        },
                        {
                            "destination": 28,
                            "relation": "nn",
                            "source": 29
                        },
                        {
                            "destination": 32,
                            "relation": "amod",
                            "source": 35
                        },
                        {
                            "destination": 33,
                            "relation": "nn",
                            "source": 35
                        },
                        {
                            "destination": 34,
                            "relation": "nn",
                            "source": 35
                        },
                        {
                            "destination": 37,
                            "relation": "appos",
                            "source": 35
                        }
                    ],
                    "roots": [
                        15
                    ]
                }
            },
            "lemmas": [
                "in",
                "a",
                "phase",
                "2",
                "study",
                "of",
                "pegylate",
                "(",
                "peg",
                ")",
                "ifn-alpha-2a",
                "in",
                "pv",
                ",",
                "we",
                "perform",
                "prospective",
                "sequential",
                "quantitative",
                "evaluation",
                "of",
                "the",
                "percentage",
                "of",
                "mutate",
                "jak2",
                "allele",
                "(",
                "%",
                "v617f",
                ")",
                "by",
                "real-time",
                "polymerase",
                "chain",
                "reaction",
                "(",
                "pcr",
                ")",
                "."
            ],
            "startOffsets": [
                150,
                153,
                155,
                161,
                163,
                169,
                172,
                182,
                183,
                186,
                188,
                201,
                204,
                206,
                208,
                211,
                221,
                233,
                244,
                257,
                268,
                271,
                275,
                286,
                289,
                297,
                302,
                309,
                310,
                311,
                316,
                318,
                321,
                331,
                342,
                348,
                357,
                358,
                361,
                362
            ],
            "tags": [
                "IN",
                "DT",
                "NN",
                "CD",
                "NN",
                "IN",
                "VBN",
                "-LRB-",
                "VB",
                "-RRB-",
                "NN",
                "IN",
                "NN",
                ",",
                "PRP",
                "VBD",
                "JJ",
                "JJ",
                "JJ",
                "NN",
                "IN",
                "DT",
                "NN",
                "IN",
                "VBN",
                "NN",
                "NN",
                "-LRB-",
                "NN",
                "NN",
                "-RRB-",
                "IN",
                "JJ",
                "NN",
                "NN",
                "NN",
                "-LRB-",
                "NN",
                "-RRB-",
                "."
            ],
            "words": [
                "In",
                "a",
                "phase",
                "2",
                "study",
                "of",
                "pegylated",
                "(",
                "peg",
                ")",
                "IFN-alpha-2a",
                "in",
                "PV",
                ",",
                "we",
                "performed",
                "prospective",
                "sequential",
                "quantitative",
                "evaluation",
                "of",
                "the",
                "percentage",
                "of",
                "mutated",
                "JAK2",
                "allele",
                "(",
                "%",
                "V617F",
                ")",
                "by",
                "real-time",
                "polymerase",
                "chain",
                "reaction",
                "(",
                "PCR",
                ")",
                "."
            ]
        },
        {
            "endOffsets": [
                367,
                369,
                374,
                384,
                387,
                390,
                392,
                394,
                395,
                396,
                399,
                402,
                410,
                419,
                420,
                425,
                427,
                432,
                435,
                438,
                439,
                442,
                444,
                449,
                452,
                455,
                456,
                458,
                462,
                471,
                475,
                478,
                479,
                480,
                482,
                484,
                489,
                490,
                491,
                495,
                498,
                507,
                511,
                513,
                521,
                525,
                534,
                535
            ],
            "entities": [
                "O",
                "B-Gene_or_gene_product",
                "I-Gene_or_gene_product",
                "O",
                "O",
                "O",
                "O",
                "O",
                "O",
                "O",
                "O",
                "O",
                "O",
                "O",
                "O",
                "O",
                "O",
                "O",
                "O",
                "O",
                "O",
                "O",
                "O",
                "O",
                "O",
                "O",
                "O",
                "O",
                "O",
                "O",
                "O",
                "O",
                "O",
                "O",
                "O",
                "O",
                "O",
                "O",
                "O",
                "O",
                "O",
                "O",
                "O",
                "O",
                "O",
                "O",
                "O",
                "O"
            ],
            "graphs": {
                "stanford-basic": {
                    "edges": [
                        {
                            "destination": 0,
                            "relation": "num",
                            "source": 1
                        },
                        {
                            "destination": 3,
                            "relation": "rcmod",
                            "source": 1
                        },
                        {
                            "destination": 15,
                            "relation": "prep",
                            "source": 3
                        },
                        {
                            "destination": 2,
                            "relation": "nsubj",
                            "source": 3
                        },
                        {
                            "destination": 4,
                            "relation": "prep",
                            "source": 3
                        },
                        {
                            "destination": 21,
                            "relation": "prep",
                            "source": 3
                        },
                        {
                            "destination": 5,
                            "relation": "pobj",
                            "source": 4
                        },
                        {
                            "destination": 8,
                            "relation": "appos",
                            "source": 5
                        },
                        {
                            "destination": 10,
                            "relation": "prep",
                            "source": 5
                        },
                        {
                            "destination": 7,
                            "relation": "num",
                            "source": 8
                        },
                        {
                            "destination": 13,
                            "relation": "pobj",
                            "source": 10
                        },
                        {
                            "destination": 11,
                            "relation": "num",
                            "source": 13
                        },
                        {
                            "destination": 12,
                            "relation": "amod",
                            "source": 13
                        },
                        {
                            "destination": 17,
                            "relation": "pobj",
                            "source": 15
                        },
                        {
                            "destination": 16,
                            "relation": "det",
                            "source": 17
                        },
                        {
                            "destination": 18,
                            "relation": "prep",
                            "source": 17
                        },
                        {
                            "destination": 20,
                            "relation": "pobj",
                            "source": 18
                        },
                        {
                            "destination": 19,
                            "relation": "num",
                            "source": 20
                        },
                        {
                            "destination": 23,
                            "relation": "pobj",
                            "source": 21
                        },
                        {
                            "destination": 22,
                            "relation": "det",
                            "source": 23
                        },
                        {
                            "destination": 24,
                            "relation": "prep",
                            "source": 23
                        },
                        {
                            "destination": 26,
                            "relation": "pobj",
                            "source": 24
                        },
                        {
                            "destination": 39,
                            "relation": "cc",
                            "source": 26
                        },
                        {
                            "destination": 25,
                            "relation": "num",
                            "source": 26
                        },
                        {
                            "destination": 41,
                            "relation": "conj",
                            "source": 26
                        },
                        {
                            "destination": 29,
                            "relation": "dep",
                            "source": 26
                        },
                        {
                            "destination": 34,
                            "relation": "dep",
                            "source": 29
                        },
                        {
                            "destination": 36,
                            "relation": "dep",
                            "source": 29
                        },
                        {
                            "destination": 28,
                            "relation": "amod",
                            "source": 29
                        },
                        {
                            "destination": 30,
                            "relation": "prep",
                            "source": 29
                        },
                        {
                            "destination": 32,
                            "relation": "pobj",
                            "source": 30
                        },
                        {
                            "destination": 31,
                            "relation": "num",
                            "source": 32
                        },
                        {
                            "destination": 35,
                            "relation": "dep",
                            "source": 34
                        },
                        {
                            "destination": 40,
                            "relation": "neg",
                            "source": 41
                        },
                        {
                            "destination": 42,
                            "relation": "prep",
                            "source": 41
                        },
                        {
                            "destination": 44,
                            "relation": "pobj",
                            "source": 42
                        },
                        {
                            "destination": 43,
                            "relation": "det",
                            "source": 44
                        },
                        {
                            "destination": 1,
                            "relation": "nsubjpass",
                            "source": 46
                        },
                        {
                            "destination": 45,
                            "relation": "auxpass",
                            "source": 46
                        }
                    ],
                    "roots": [
                        46
                    ]
                },
                "stanford-collapsed": {
                    "edges": [
                        {
                            "destination": 0,
                            "relation": "num",
                            "source": 1
                        },
                        {
                            "destination": 3,
                            "relation": "rcmod",
                            "source": 1
                        },
                        {
                            "destination": 17,
                            "relation": "prep_from",
                            "source": 3
                        },
                        {
                            "destination": 2,
                            "relation": "nsubj",
                            "source": 3
                        },
                        {
                            "destination": 5,
                            "relation": "prep_in",
                            "source": 3
                        },
                        {
                            "destination": 23,
                            "relation": "prep_to",
                            "source": 3
                        },
                        {
                            "destination": 8,
                            "relation": "appos",
                            "source": 5
                        },
                        {
                            "destination": 13,
                            "relation": "prep_of",
                            "source": 5
                        },
                        {
                            "destination": 7,
                            "relation": "num",
                            "source": 8
                        },
                        {
                            "destination": 11,
                            "relation": "num",
                            "source": 13
                        },
                        {
                            "destination": 12,
                            "relation": "amod",
                            "source": 13
                        },
                        {
                            "destination": 16,
                            "relation": "det",
                            "source": 17
                        },
                        {
                            "destination": 20,
                            "relation": "prep_of",
                            "source": 17
                        },
                        {
                            "destination": 19,
                            "relation": "num",
                            "source": 20
                        },
                        {
                            "destination": 22,
                            "relation": "det",
                            "source": 23
                        },
                        {
                            "destination": 41,
                            "relation": "prep_of",
                            "source": 23
                        },
                        {
                            "destination": 26,
                            "relation": "prep_of",
                            "source": 23
                        },
                        {
                            "destination": 25,
                            "relation": "num",
                            "source": 26
                        },
                        {
                            "destination": 41,
                            "relation": "conj_and",
                            "source": 26
                        },
                        {
                            "destination": 29,
                            "relation": "dep",
                            "source": 26
                        },
                        {
                            "destination": 32,
                            "relation": "prep_of",
                            "source": 29
                        },
                        {
                            "destination": 34,
                            "relation": "dep",
                            "source": 29
                        },
                        {
                            "destination": 36,
                            "relation": "dep",
                            "source": 29
                        },
                        {
                            "destination": 28,
                            "relation": "amod",
                            "source": 29
                        },
                        {
                            "destination": 31,
                            "relation": "num",
                            "source": 32
                        },
                        {
                            "destination": 35,
                            "relation": "dep",
                            "source": 34
                        },
                        {
                            "destination": 40,
                            "relation": "neg",
                            "source": 41
                        },
                        {
                            "destination": 44,
                            "relation": "prep_for",
                            "source": 41
                        },
                        {
                            "destination": 43,
                            "relation": "det",
                            "source": 44
                        },
                        {
                            "destination": 1,
                            "relation": "nsubjpass",
                            "source": 46
                        },
                        {
                            "destination": 45,
                            "relation": "auxpass",
                            "source": 46
                        }
                    ],
                    "roots": [
                        46
                    ]
                }
            },
            "lemmas": [
                "the",
                "%",
                "v617f",
                "decrease",
                "in",
                "24",
                "(",
                "89",
                "%",
                ")",
                "of",
                "27",
                "treated",
                "patient",
                ",",
                "from",
                "a",
                "mean",
                "of",
                "49",
                "%",
                "to",
                "a",
                "mean",
                "of",
                "27",
                "%",
                "(",
                "mean",
                "decrease",
                "of",
                "44",
                "%",
                ";",
                "p",
                "<",
                ".001",
                ")",
                ",",
                "and",
                "no",
                "evidence",
                "for",
                "a",
                "plateau",
                "be",
                "observe",
                "."
            ],
            "startOffsets": [
                364,
                368,
                369,
                375,
                385,
                388,
                391,
                392,
                394,
                395,
                397,
                400,
                403,
                411,
                419,
                421,
                426,
                428,
                433,
                436,
                438,
                440,
                443,
                445,
                450,
                453,
                455,
                457,
                458,
                463,
                473,
                476,
                478,
                479,
                481,
                483,
                485,
                489,
                490,
                492,
                496,
                499,
                508,
                512,
                514,
                522,
                526,
                534
            ],
            "tags": [
                "DT",
                "NN",
                "NN",
                "VBD",
                "IN",
                "CD",
                "-LRB-",
                "CD",
                "NN",
                "-RRB-",
                "IN",
                "CD",
                "JJ",
                "NNS",
                ",",
                "IN",
                "DT",
                "NN",
                "IN",
                "CD",
                "NN",
                "TO",
                "DT",
                "NN",
                "IN",
                "CD",
                "NN",
                "-LRB-",
                "JJ",
                "NN",
                "IN",
                "CD",
                "NN",
                ":",
                "NN",
                "JJR",
                "CD",
                "-RRB-",
                ",",
                "CC",
                "DT",
                "NN",
                "IN",
                "DT",
                "NN",
                "VBD",
                "VBN",
                "."
            ],
            "words": [
                "The",
                "%",
                "V617F",
                "decreased",
                "in",
                "24",
                "(",
                "89",
                "%",
                ")",
                "of",
                "27",
                "treated",
                "patients",
                ",",
                "from",
                "a",
                "mean",
                "of",
                "49",
                "%",
                "to",
                "a",
                "mean",
                "of",
                "27",
                "%",
                "(",
                "mean",
                "decrease",
                "of",
                "44",
                "%",
                ";",
                "P",
                "<",
                ".001",
                ")",
                ",",
                "and",
                "no",
                "evidence",
                "for",
                "a",
                "plateau",
                "was",
                "observed",
                "."
            ]
        },
        {
            "endOffsets": [
                538,
                542,
                550,
                551,
                558,
                563,
                567,
                570,
                577,
                588,
                594,
                597,
                604,
                605
            ],
            "entities": [
                "O",
                "O",
                "B-Species",
                "O",
                "O",
                "B-Gene_or_gene_product",
                "O",
                "O",
                "O",
                "O",
                "O",
                "O",
                "O",
                "O"
            ],
            "graphs": {
                "stanford-basic": {
                    "edges": [
                        {
                            "destination": 2,
                            "relation": "pobj",
                            "source": 0
                        },
                        {
                            "destination": 1,
                            "relation": "num",
                            "source": 2
                        },
                        {
                            "destination": 4,
                            "relation": "nn",
                            "source": 5
                        },
                        {
                            "destination": 7,
                            "relation": "neg",
                            "source": 8
                        },
                        {
                            "destination": 0,
                            "relation": "prep",
                            "source": 9
                        },
                        {
                            "destination": 5,
                            "relation": "nsubj",
                            "source": 9
                        },
                        {
                            "destination": 6,
                            "relation": "cop",
                            "source": 9
                        },
                        {
                            "destination": 8,
                            "relation": "advmod",
                            "source": 9
                        },
                        {
                            "destination": 10,
                            "relation": "prep",
                            "source": 9
                        },
                        {
                            "destination": 12,
                            "relation": "pobj",
                            "source": 10
                        },
                        {
                            "destination": 11,
                            "relation": "num",
                            "source": 12
                        }
                    ],
                    "roots": [
                        9
                    ]
                },
                "stanford-collapsed": {
                    "edges": [
                        {
                            "destination": 1,
                            "relation": "num",
                            "source": 2
                        },
                        {
                            "destination": 4,
                            "relation": "nn",
                            "source": 5
                        },
                        {
                            "destination": 7,
                            "relation": "neg",
                            "source": 8
                        },
                        {
                            "destination": 2,
                            "relation": "prep_in",
                            "source": 9
                        },
                        {
                            "destination": 5,
                            "relation": "nsubj",
                            "source": 9
                        },
                        {
                            "destination": 6,
                            "relation": "cop",
                            "source": 9
                        },
                        {
                            "destination": 8,
                            "relation": "advmod",
                            "source": 9
                        },
                        {
                            "destination": 12,
                            "relation": "prep_after",
                            "source": 9
                        },
                        {
                            "destination": 11,
                            "relation": "num",
                            "source": 12
                        }
                    ],
                    "roots": [
                        9
                    ]
                }
            },
            "lemmas": [
                "in",
                "one",
                "patient",
                ",",
                "mutant",
                "jak2",
                "be",
                "no",
                "longer",
                "detectable",
                "after",
                "12",
                "month",
                "."
            ],
            "startOffsets": [
                536,
                539,
                543,
                550,
                552,
                559,
                564,
                568,
                571,
                578,
                589,
                595,
                598,
                604
            ],
            "tags": [
                "IN",
                "CD",
                "NN",
                ",",
                "NN",
                "NN",
                "VBD",
                "RB",
                "RB",
                "JJ",
                "IN",
                "CD",
                "NNS",
                "."
            ],
            "words": [
                "In",
                "one",
                "patient",
                ",",
                "mutant",
                "JAK2",
                "was",
                "no",
                "longer",
                "detectable",
                "after",
                "12",
                "months",
                "."
            ]
        },
        {
            "endOffsets": [
                608,
                610,
                619,
                630,
                634,
                638,
                647,
                648,
                661,
                664,
                667,
                668,
                671,
                681,
                688,
                692,
                701,
                708,
                718,
                719
            ],
            "entities": [
                "O",
                "O",
                "O",
                "O",
                "O",
                "O",
                "O",
                "O",
                "O",
                "O",
                "O",
                "O",
                "O",
                "O",
                "O",
                "O",
                "O",
                "O",
                "O",
                "O"
            ],
            "graphs": {
                "stanford-basic": {
                    "edges": [
                        {
                            "destination": 2,
                            "relation": "pobj",
                            "source": 0
                        },
                        {
                            "destination": 1,
                            "relation": "num",
                            "source": 2
                        },
                        {
                            "destination": 3,
                            "relation": "amod",
                            "source": 2
                        },
                        {
                            "destination": 4,
                            "relation": "prep",
                            "source": 3
                        },
                        {
                            "destination": 6,
                            "relation": "pobj",
                            "source": 4
                        },
                        {
                            "destination": 5,
                            "relation": "det",
                            "source": 6
                        },
                        {
                            "destination": 9,
                            "relation": "prep",
                            "source": 8
                        },
                        {
                            "destination": 11,
                            "relation": "pobj",
                            "source": 9
                        },
                        {
                            "destination": 10,
                            "relation": "num",
                            "source": 11
                        },
                        {
                            "destination": 12,
                            "relation": "prep",
                            "source": 11
                        },
                        {
                            "destination": 14,
                            "relation": "pobj",
                            "source": 12
                        },
                        {
                            "destination": 13,
                            "relation": "amod",
                            "source": 14
                        },
                        {
                            "destination": 15,
                            "relation": "auxpass",
                            "source": 16
                        },
                        {
                            "destination": 0,
                            "relation": "prep",
                            "source": 16
                        },
                        {
                            "destination": 17,
                            "relation": "prep",
                            "source": 16
                        },
                        {
                            "destination": 8,
                            "relation": "nsubjpass",
                            "source": 16
                        },
                        {
                            "destination": 18,
                            "relation": "pobj",
                            "source": 17
                        }
                    ],
                    "roots": [
                        16
                    ]
                },
                "stanford-collapsed": {
                    "edges": [
                        {
                            "destination": 1,
                            "relation": "num",
                            "source": 2
                        },
                        {
                            "destination": 3,
                            "relation": "amod",
                            "source": 2
                        },
                        {
                            "destination": 6,
                            "relation": "prep_for",
                            "source": 3
                        },
                        {
                            "destination": 5,
                            "relation": "det",
                            "source": 6
                        },
                        {
                            "destination": 11,
                            "relation": "prep_of",
                            "source": 8
                        },
                        {
                            "destination": 10,
                            "relation": "num",
                            "source": 11
                        },
                        {
                            "destination": 14,
                            "relation": "prep_of",
                            "source": 11
                        },
                        {
                            "destination": 13,
                            "relation": "amod",
                            "source": 14
                        },
                        {
                            "destination": 15,
                            "relation": "auxpass",
                            "source": 16
                        },
                        {
                            "destination": 2,
                            "relation": "prep_in",
                            "source": 16
                        },
                        {
                            "destination": 18,
                            "relation": "prep_during",
                            "source": 16
                        },
                        {
                            "destination": 8,
                            "relation": "nsubjpass",
                            "source": 16
                        }
                    ],
                    "roots": [
                        16
                    ]
                }
            },
            "lemmas": [
                "in",
                "3",
                "patient",
                "homozygous",
                "for",
                "the",
                "mutation",
                ",",
                "reappearance",
                "of",
                "50",
                "%",
                "of",
                "wild-type",
                "allele",
                "be",
                "observe",
                "during",
                "treatment",
                "."
            ],
            "startOffsets": [
                606,
                609,
                611,
                620,
                631,
                635,
                639,
                647,
                649,
                662,
                665,
                667,
                669,
                672,
                682,
                689,
                693,
                702,
                709,
                718
            ],
            "tags": [
                "IN",
                "CD",
                "NNS",
                "JJ",
                "IN",
                "DT",
                "NN",
                ",",
                "NN",
                "IN",
                "CD",
                "NN",
                "IN",
                "JJ",
                "NN",
                "VBD",
                "VBN",
                "IN",
                "NN",
                "."
            ],
            "words": [
                "In",
                "3",
                "patients",
                "homozygous",
                "for",
                "the",
                "mutation",
                ",",
                "reappearance",
                "of",
                "50",
                "%",
                "of",
                "wild-type",
                "allele",
                "was",
                "observed",
                "during",
                "treatment",
                "."
            ]
        },
        {
            "endOffsets": [
                723,
                731,
                736,
                739,
                747,
                751,
                762,
                767,
                777,
                792,
                800,
                804,
                814,
                820,
                823,
                826,
                830,
                835,
                840,
                842,
                847,
                858,
                865,
                867,
                880,
                887,
                891,
                899,
                903,
                909,
                914,
                917,
                925,
                933,
                942,
                950,
                953,
                956,
                957
            ],
            "entities": [
                "O",
                "O",
                "O",
                "O",
                "O",
                "O",
                "O",
                "O",
                "B-Gene_or_gene_product",
                "O",
                "O",
                "O",
                "O",
                "O",
                "O",
                "B-Simple_chemical",
                "O",
                "O",
                "O",
                "O",
                "O",
                "O",
                "O",
                "O",
                "O",
                "O",
                "O",
                "O",
                "O",
                "O",
                "O",
                "O",
                "O",
                "O",
                "O",
                "O",
                "O",
                "B-Simple_chemical",
                "O"
            ],
            "graphs": {
                "stanford-basic": {
                    "edges": [
                        {
                            "destination": 0,
                            "relation": "det",
                            "source": 1
                        },
                        {
                            "destination": 1,
                            "relation": "nsubj",
                            "source": 2
                        },
                        {
                            "destination": 4,
                            "relation": "xcomp",
                            "source": 2
                        },
                        {
                            "destination": 3,
                            "relation": "aux",
                            "source": 4
                        },
                        {
                            "destination": 6,
                            "relation": "dobj",
                            "source": 4
                        },
                        {
                            "destination": 10,
                            "relation": "ccomp",
                            "source": 4
                        },
                        {
                            "destination": 5,
                            "relation": "det",
                            "source": 6
                        },
                        {
                            "destination": 16,
                            "relation": "cc",
                            "source": 10
                        },
                        {
                            "destination": 17,
                            "relation": "conj",
                            "source": 10
                        },
                        {
                            "destination": 7,
                            "relation": "mark",
                            "source": 10
                        },
                        {
                            "destination": 8,
                            "relation": "nsubj",
                            "source": 10
                        },
                        {
                            "destination": 9,
                            "relation": "advmod",
                            "source": 10
                        },
                        {
                            "destination": 13,
                            "relation": "dobj",
                            "source": 10
                        },
                        {
                            "destination": 11,
                            "relation": "det",
                            "source": 13
                        },
                        {
                            "destination": 12,
                            "relation": "amod",
                            "source": 13
                        },
                        {
                            "destination": 14,
                            "relation": "prep",
                            "source": 13
                        },
                        {
                            "destination": 15,
                            "relation": "pobj",
                            "source": 14
                        },
                        {
                            "destination": 27,
                            "relation": "ccomp",
                            "source": 17
                        },
                        {
                            "destination": 19,
                            "relation": "nn",
                            "source": 21
                        },
                        {
                            "destination": 20,
                            "relation": "nn",
                            "source": 21
                        },
                        {
                            "destination": 22,
                            "relation": "vmod",
                            "source": 21
                        },
                        {
                            "destination": 25,
                            "relation": "dobj",
                            "source": 22
                        },
                        {
                            "destination": 23,
                            "relation": "det",
                            "source": 25
                        },
                        {
                            "destination": 24,
                            "relation": "amod",
                            "source": 25
                        },
                        {
                            "destination": 32,
                            "relation": "vmod",
                            "source": 27
                        },
                        {
                            "destination": 18,
                            "relation": "mark",
                            "source": 27
                        },
                        {
                            "destination": 21,
                            "relation": "nsubj",
                            "source": 27
                        },
                        {
                            "destination": 26,
                            "relation": "aux",
                            "source": 27
                        },
                        {
                            "destination": 30,
                            "relation": "dobj",
                            "source": 27
                        },
                        {
                            "destination": 28,
                            "relation": "det",
                            "source": 30
                        },
                        {
                            "destination": 29,
                            "relation": "amod",
                            "source": 30
                        },
                        {
                            "destination": 31,
                            "relation": "aux",
                            "source": 32
                        },
                        {
                            "destination": 35,
                            "relation": "dobj",
                            "source": 32
                        },
                        {
                            "destination": 36,
                            "relation": "prep",
                            "source": 32
                        },
                        {
                            "destination": 33,
                            "relation": "amod",
                            "source": 35
                        },
                        {
                            "destination": 34,
                            "relation": "amod",
                            "source": 35
                        },
                        {
                            "destination": 37,
                            "relation": "pobj",
                            "source": 36
                        }
                    ],
                    "roots": [
                        2
                    ]
                },
                "stanford-collapsed": {
                    "edges": [
                        {
                            "destination": 0,
                            "relation": "det",
                            "source": 1
                        },
                        {
                            "destination": 1,
                            "relation": "nsubj",
                            "source": 2
                        },
                        {
                            "destination": 4,
                            "relation": "xcomp",
                            "source": 2
                        },
                        {
                            "destination": 17,
                            "relation": "ccomp",
                            "source": 4
                        },
                        {
                            "destination": 3,
                            "relation": "aux",
                            "source": 4
                        },
                        {
                            "destination": 6,
                            "relation": "dobj",
                            "source": 4
                        },
                        {
                            "destination": 10,
                            "relation": "ccomp",
                            "source": 4
                        },
                        {
                            "destination": 5,
                            "relation": "det",
                            "source": 6
                        },
                        {
                            "destination": 17,
                            "relation": "conj_and",
                            "source": 10
                        },
                        {
                            "destination": 7,
                            "relation": "mark",
                            "source": 10
                        },
                        {
                            "destination": 8,
                            "relation": "nsubj",
                            "source": 10
                        },
                        {
                            "destination": 9,
                            "relation": "advmod",
                            "source": 10
                        },
                        {
                            "destination": 13,
                            "relation": "dobj",
                            "source": 10
                        },
                        {
                            "destination": 15,
                            "relation": "prep_in",
                            "source": 13
                        },
                        {
                            "destination": 11,
                            "relation": "det",
                            "source": 13
                        },
                        {
                            "destination": 12,
                            "relation": "amod",
                            "source": 13
                        },
                        {
                            "destination": 8,
                            "relation": "nsubj",
                            "source": 17
                        },
                        {
                            "destination": 27,
                            "relation": "ccomp",
                            "source": 17
                        },
                        {
                            "destination": 19,
                            "relation": "nn",
                            "source": 21
                        },
                        {
                            "destination": 20,
                            "relation": "nn",
                            "source": 21
                        },
                        {
                            "destination": 22,
                            "relation": "vmod",
                            "source": 21
                        },
                        {
                            "destination": 25,
                            "relation": "dobj",
                            "source": 22
                        },
                        {
                            "destination": 23,
                            "relation": "det",
                            "source": 25
                        },
                        {
                            "destination": 24,
                            "relation": "amod",
                            "source": 25
                        },
                        {
                            "destination": 32,
                            "relation": "vmod",
                            "source": 27
                        },
                        {
                            "destination": 18,
                            "relation": "mark",
                            "source": 27
                        },
                        {
                            "destination": 21,
                            "relation": "nsubj",
                            "source": 27
                        },
                        {
                            "destination": 26,
                            "relation": "aux",
                            "source": 27
                        },
                        {
                            "destination": 30,
                            "relation": "dobj",
                            "source": 27
                        },
                        {
                            "destination": 28,
                            "relation": "det",
                            "source": 30
                        },
                        {
                            "destination": 29,
                            "relation": "amod",
                            "source": 30
                        },
                        {
                            "destination": 31,
                            "relation": "aux",
                            "source": 32
                        },
                        {
                            "destination": 35,
                            "relation": "dobj",
                            "source": 32
                        },
                        {
                            "destination": 37,
                            "relation": "prep_in",
                            "source": 32
                        },
                        {
                            "destination": 33,
                            "relation": "amod",
                            "source": 35
                        },
                        {
                            "destination": 34,
                            "relation": "amod",
                            "source": 35
                        }
                    ],
                    "roots": [
                        2
                    ]
                }
            },
            "lemmas": [
                "the",
                "result",
                "seem",
                "to",
                "confirm",
                "the",
                "hypothesis",
                "that",
                "ifn-alpha",
                "preferentially",
                "target",
                "the",
                "malignant",
                "clone",
                "in",
                "pv",
                "and",
                "show",
                "that",
                "%",
                "v617f",
                "assessment",
                "use",
                "a",
                "quantitative",
                "method",
                "may",
                "provide",
                "the",
                "first",
                "tool",
                "to",
                "monitor",
                "minimal",
                "residual",
                "disease",
                "in",
                "pv",
                "."
            ],
            "startOffsets": [
                720,
                724,
                732,
                737,
                740,
                748,
                752,
                763,
                768,
                778,
                793,
                801,
                805,
                815,
                821,
                824,
                827,
                831,
                836,
                841,
                842,
                848,
                860,
                866,
                868,
                881,
                888,
                892,
                900,
                904,
                910,
                915,
                918,
                926,
                934,
                943,
                951,
                954,
                956
            ],
            "tags": [
                "DT",
                "NNS",
                "VBP",
                "TO",
                "VB",
                "DT",
                "NN",
                "IN",
                "NN",
                "RB",
                "VBZ",
                "DT",
                "JJ",
                "NN",
                "IN",
                "NN",
                "CC",
                "VBP",
                "IN",
                "NN",
                "NN",
                "NN",
                "VBG",
                "DT",
                "JJ",
                "NN",
                "MD",
                "VB",
                "DT",
                "JJ",
                "NN",
                "TO",
                "VB",
                "JJ",
                "JJ",
                "NN",
                "IN",
                "NN",
                "."
            ],
            "words": [
                "The",
                "results",
                "seem",
                "to",
                "confirm",
                "the",
                "hypothesis",
                "that",
                "IFN-alpha",
                "preferentially",
                "targets",
                "the",
                "malignant",
                "clone",
                "in",
                "PV",
                "and",
                "show",
                "that",
                "%",
                "V617F",
                "assessment",
                "using",
                "a",
                "quantitative",
                "method",
                "may",
                "provide",
                "the",
                "first",
                "tool",
                "to",
                "monitor",
                "minimal",
                "residual",
                "disease",
                "in",
                "PV",
                "."
            ]
        },
        {
            "endOffsets": [
                962,
                968,
                972,
                983,
                986,
                1009,
                1012,
                1017,
                1025,
                1026
            ],
            "entities": [
                "O",
                "O",
                "O",
                "O",
                "O",
                "O",
                "O",
                "O",
                "O",
                "O"
            ],
            "graphs": {
                "stanford-basic": {
                    "edges": [
                        {
                            "destination": 0,
                            "relation": "det",
                            "source": 1
                        },
                        {
                            "destination": 1,
                            "relation": "nsubjpass",
                            "source": 3
                        },
                        {
                            "destination": 2,
                            "relation": "auxpass",
                            "source": 3
                        },
                        {
                            "destination": 4,
                            "relation": "prep",
                            "source": 3
                        },
                        {
                            "destination": 6,
                            "relation": "prep",
                            "source": 3
                        },
                        {
                            "destination": 5,
                            "relation": "pobj",
                            "source": 4
                        },
                        {
                            "destination": 7,
                            "relation": "pobj",
                            "source": 6
                        },
                        {
                            "destination": 8,
                            "relation": "num",
                            "source": 7
                        }
                    ],
                    "roots": [
                        3
                    ]
                },
                "stanford-collapsed": {
                    "edges": [
                        {
                            "destination": 0,
                            "relation": "det",
                            "source": 1
                        },
                        {
                            "destination": 1,
                            "relation": "nsubjpass",
                            "source": 3
                        },
                        {
                            "destination": 2,
                            "relation": "auxpass",
                            "source": 3
                        },
                        {
                            "destination": 5,
                            "relation": "prep_at",
                            "source": 3
                        },
                        {
                            "destination": 7,
                            "relation": "prep_as",
                            "source": 3
                        },
                        {
                            "destination": 8,
                            "relation": "num",
                            "source": 7
                        }
                    ],
                    "roots": [
                        3
                    ]
                }
            },
            "lemmas": [
                "this",
                "trial",
                "be",
                "register",
                "at",
                "www.clinicaltrials.gov",
                "as",
                "#nct",
                "00241241",
                "."
            ],
            "startOffsets": [
                958,
                963,
                969,
                973,
                984,
                987,
                1010,
                1013,
                1017,
                1025
            ],
            "tags": [
                "DT",
                "NN",
                "VBD",
                "VBN",
                "IN",
                "NN",
                "IN",
                "NN",
                "CD",
                "."
            ],
            "words": [
                "This",
                "trial",
                "was",
                "registered",
                "at",
                "www.clinicaltrials.gov",
                "as",
                "#NCT",
                "00241241",
                "."
            ]
        }
    ],
    "text": "V617F JAK2 mutation is a reliable molecular marker of polycythemia vera (PV),\npotentially useful to monitor the effect of treatments in this disease. In a\nphase 2 study of pegylated (peg) IFN-alpha-2a in PV, we performed prospective\nsequential quantitative evaluation of the percentage of mutated JAK2 allele\n(%V617F) by real-time polymerase chain reaction (PCR). The %V617F decreased in 24\n(89%) of 27 treated patients, from a mean of 49% to a mean of 27% (mean decrease \nof 44%; P < .001), and no evidence for a plateau was observed. In one patient,\nmutant JAK2 was no longer detectable after 12 months. In 3 patients homozygous\nfor the mutation, reappearance of 50% of wild-type allele was observed during\ntreatment. The results seem to confirm the hypothesis that IFN-alpha\npreferentially targets the malignant clone in PV and show that %V617F assessment \nusing a quantitative method may provide the first tool to monitor minimal\nresidual disease in PV. This trial was registered at www.clinicaltrials.gov as\n#NCT00241241."
}