{
    "id": "16960151",
    "sentences": [
        {
            "endOffsets": [
                6,
                12,
                20,
                25,
                29,
                38,
                46,
                53,
                60,
                69,
                74,
                76,
                82,
                83,
                86,
                92,
                94,
                100,
                101,
                106,
                109,
                119,
                124,
                127,
                131,
                144,
                147,
                164,
                172,
                191,
                201,
                203,
                208,
                209,
                210
            ],
            "entities": [
                "O",
                "O",
                "O",
                "O",
                "O",
                "B-Gene_or_gene_product",
                "I-Gene_or_gene_product",
                "I-Gene_or_gene_product",
                "I-Gene_or_gene_product",
                "I-Gene_or_gene_product",
                "I-Gene_or_gene_product",
                "O",
                "B-Gene_or_gene_product",
                "O",
                "O",
                "B-Simple_chemical",
                "O",
                "B-Gene_or_gene_product",
                "O",
                "O",
                "O",
                "O",
                "O",
                "O",
                "O",
                "O",
                "O",
                "O",
                "O",
                "O",
                "O",
                "O",
                "O",
                "O",
                "O"
            ],
            "graphs": {
                "stanford-basic": {
                    "edges": [
                        {
                            "destination": 0,
                            "relation": "nn",
                            "source": 1
                        },
                        {
                            "destination": 17,
                            "relation": "appos",
                            "source": 1
                        },
                        {
                            "destination": 2,
                            "relation": "dep",
                            "source": 1
                        },
                        {
                            "destination": 15,
                            "relation": "conj",
                            "source": 2
                        },
                        {
                            "destination": 3,
                            "relation": "prep",
                            "source": 2
                        },
                        {
                            "destination": 14,
                            "relation": "cc",
                            "source": 2
                        },
                        {
                            "destination": 5,
                            "relation": "pobj",
                            "source": 3
                        },
                        {
                            "destination": 4,
                            "relation": "det",
                            "source": 5
                        },
                        {
                            "destination": 6,
                            "relation": "vmod",
                            "source": 5
                        },
                        {
                            "destination": 10,
                            "relation": "dobj",
                            "source": 6
                        },
                        {
                            "destination": 7,
                            "relation": "nn",
                            "source": 10
                        },
                        {
                            "destination": 8,
                            "relation": "nn",
                            "source": 10
                        },
                        {
                            "destination": 9,
                            "relation": "nn",
                            "source": 10
                        },
                        {
                            "destination": 12,
                            "relation": "appos",
                            "source": 10
                        },
                        {
                            "destination": 1,
                            "relation": "nsubj",
                            "source": 19
                        },
                        {
                            "destination": 22,
                            "relation": "dobj",
                            "source": 19
                        },
                        {
                            "destination": 20,
                            "relation": "det",
                            "source": 22
                        },
                        {
                            "destination": 21,
                            "relation": "amod",
                            "source": 22
                        },
                        {
                            "destination": 23,
                            "relation": "prep",
                            "source": 22
                        },
                        {
                            "destination": 25,
                            "relation": "pobj",
                            "source": 23
                        },
                        {
                            "destination": 24,
                            "relation": "det",
                            "source": 25
                        },
                        {
                            "destination": 26,
                            "relation": "prep",
                            "source": 25
                        },
                        {
                            "destination": 30,
                            "relation": "pobj",
                            "source": 26
                        },
                        {
                            "destination": 32,
                            "relation": "appos",
                            "source": 30
                        },
                        {
                            "destination": 27,
                            "relation": "amod",
                            "source": 30
                        },
                        {
                            "destination": 28,
                            "relation": "amod",
                            "source": 30
                        },
                        {
                            "destination": 29,
                            "relation": "amod",
                            "source": 30
                        }
                    ],
                    "roots": [
                        19
                    ]
                },
                "stanford-collapsed": {
                    "edges": [
                        {
                            "destination": 15,
                            "relation": "dep",
                            "source": 1
                        },
                        {
                            "destination": 0,
                            "relation": "nn",
                            "source": 1
                        },
                        {
                            "destination": 17,
                            "relation": "appos",
                            "source": 1
                        },
                        {
                            "destination": 2,
                            "relation": "dep",
                            "source": 1
                        },
                        {
                            "destination": 15,
                            "relation": "conj_or",
                            "source": 2
                        },
                        {
                            "destination": 5,
                            "relation": "prep_from",
                            "source": 2
                        },
                        {
                            "destination": 4,
                            "relation": "det",
                            "source": 5
                        },
                        {
                            "destination": 6,
                            "relation": "vmod",
                            "source": 5
                        },
                        {
                            "destination": 10,
                            "relation": "dobj",
                            "source": 6
                        },
                        {
                            "destination": 7,
                            "relation": "nn",
                            "source": 10
                        },
                        {
                            "destination": 8,
                            "relation": "nn",
                            "source": 10
                        },
                        {
                            "destination": 9,
                            "relation": "nn",
                            "source": 10
                        },
                        {
                            "destination": 12,
                            "relation": "appos",
                            "source": 10
                        },
                        {
                            "destination": 1,
                            "relation": "nsubj",
                            "source": 19
                        },
                        {
                            "destination": 22,
                            "relation": "dobj",
                            "source": 19
                        },
                        {
                            "destination": 20,
                            "relation": "det",
                            "source": 22
                        },
                        {
                            "destination": 21,
                            "relation": "amod",
                            "source": 22
                        },
                        {
                            "destination": 25,
                            "relation": "prep_in",
                            "source": 22
                        },
                        {
                            "destination": 24,
                            "relation": "det",
                            "source": 25
                        },
                        {
                            "destination": 30,
                            "relation": "prep_of",
                            "source": 25
                        },
                        {
                            "destination": 32,
                            "relation": "appos",
                            "source": 30
                        },
                        {
                            "destination": 27,
                            "relation": "amod",
                            "source": 30
                        },
                        {
                            "destination": 28,
                            "relation": "amod",
                            "source": 30
                        },
                        {
                            "destination": 29,
                            "relation": "amod",
                            "source": 30
                        }
                    ],
                    "roots": [
                        19
                    ]
                }
            },
            "lemmas": [
                "fusion",
                "gene",
                "derive",
                "from",
                "the",
                "platelet",
                "derive",
                "growth",
                "factor",
                "receptor",
                "beta",
                "(",
                "pdgfrb",
                ")",
                "or",
                "alpha",
                "(",
                "pdgfra",
                ")",
                "play",
                "a",
                "important",
                "role",
                "in",
                "the",
                "pathogenesis",
                "of",
                "bcr-abl-negative",
                "chronic",
                "myeloproliferative",
                "disorder",
                "(",
                "cmpd",
                ")",
                "."
            ],
            "startOffsets": [
                0,
                7,
                13,
                21,
                26,
                30,
                39,
                47,
                54,
                61,
                70,
                75,
                76,
                82,
                84,
                87,
                93,
                94,
                100,
                102,
                107,
                110,
                120,
                125,
                128,
                132,
                145,
                148,
                165,
                173,
                192,
                202,
                203,
                208,
                209
            ],
            "tags": [
                "NN",
                "NNS",
                "VBN",
                "IN",
                "DT",
                "NN",
                "VBN",
                "NN",
                "NN",
                "NN",
                "NN",
                "-LRB-",
                "NN",
                "-RRB-",
                "CC",
                "NN",
                "-LRB-",
                "NN",
                "-RRB-",
                "VBP",
                "DT",
                "JJ",
                "NN",
                "IN",
                "DT",
                "NN",
                "IN",
                "JJ",
                "JJ",
                "JJ",
                "NNS",
                "-LRB-",
                "NNS",
                "-RRB-",
                "."
            ],
            "words": [
                "Fusion",
                "genes",
                "derived",
                "from",
                "the",
                "platelet",
                "derived",
                "growth",
                "factor",
                "receptor",
                "beta",
                "(",
                "PDGFRB",
                ")",
                "or",
                "alpha",
                "(",
                "PDGFRA",
                ")",
                "play",
                "an",
                "important",
                "role",
                "in",
                "the",
                "pathogenesis",
                "of",
                "BCR-ABL-negative",
                "chronic",
                "myeloproliferative",
                "disorders",
                "(",
                "CMPDs",
                ")",
                "."
            ]
        },
        {
            "endOffsets": [
                216,
                223,
                229,
                236,
                251,
                261,
                270,
                279,
                287,
                292,
                296,
                299,
                309,
                312,
                321,
                322
            ],
            "entities": [
                "O",
                "O",
                "O",
                "O",
                "O",
                "O",
                "O",
                "B-Site",
                "O",
                "O",
                "O",
                "O",
                "O",
                "O",
                "B-Simple_chemical",
                "O"
            ],
            "graphs": {
                "stanford-basic": {
                    "edges": [
                        {
                            "destination": 0,
                            "relation": "det",
                            "source": 2
                        },
                        {
                            "destination": 1,
                            "relation": "nn",
                            "source": 2
                        },
                        {
                            "destination": 2,
                            "relation": "nsubj",
                            "source": 3
                        },
                        {
                            "destination": 4,
                            "relation": "advmod",
                            "source": 3
                        },
                        {
                            "destination": 8,
                            "relation": "dobj",
                            "source": 3
                        },
                        {
                            "destination": 5,
                            "relation": "amod",
                            "source": 8
                        },
                        {
                            "destination": 6,
                            "relation": "nn",
                            "source": 8
                        },
                        {
                            "destination": 7,
                            "relation": "nn",
                            "source": 8
                        },
                        {
                            "destination": 12,
                            "relation": "rcmod",
                            "source": 8
                        },
                        {
                            "destination": 9,
                            "relation": "nsubjpass",
                            "source": 12
                        },
                        {
                            "destination": 10,
                            "relation": "aux",
                            "source": 12
                        },
                        {
                            "destination": 11,
                            "relation": "auxpass",
                            "source": 12
                        },
                        {
                            "destination": 13,
                            "relation": "prep",
                            "source": 12
                        },
                        {
                            "destination": 14,
                            "relation": "pobj",
                            "source": 13
                        }
                    ],
                    "roots": [
                        3
                    ]
                },
                "stanford-collapsed": {
                    "edges": [
                        {
                            "destination": 0,
                            "relation": "det",
                            "source": 2
                        },
                        {
                            "destination": 1,
                            "relation": "nn",
                            "source": 2
                        },
                        {
                            "destination": 2,
                            "relation": "nsubj",
                            "source": 3
                        },
                        {
                            "destination": 4,
                            "relation": "advmod",
                            "source": 3
                        },
                        {
                            "destination": 8,
                            "relation": "dobj",
                            "source": 3
                        },
                        {
                            "destination": 5,
                            "relation": "amod",
                            "source": 8
                        },
                        {
                            "destination": 6,
                            "relation": "nn",
                            "source": 8
                        },
                        {
                            "destination": 7,
                            "relation": "nn",
                            "source": 8
                        },
                        {
                            "destination": 12,
                            "relation": "rcmod",
                            "source": 8
                        },
                        {
                            "destination": 9,
                            "relation": "nsubjpass",
                            "source": 12
                        },
                        {
                            "destination": 10,
                            "relation": "aux",
                            "source": 12
                        },
                        {
                            "destination": 11,
                            "relation": "auxpass",
                            "source": 12
                        },
                        {
                            "destination": 14,
                            "relation": "agent",
                            "source": 12
                        }
                    ],
                    "roots": [
                        3
                    ]
                }
            },
            "lemmas": [
                "these",
                "fusion",
                "gene",
                "encode",
                "constitutively",
                "activate",
                "receptor",
                "tyrosine",
                "kinase",
                "that",
                "can",
                "be",
                "inhibit",
                "by",
                "imatinib",
                "."
            ],
            "startOffsets": [
                211,
                217,
                224,
                230,
                237,
                252,
                262,
                271,
                280,
                288,
                293,
                297,
                300,
                310,
                313,
                321
            ],
            "tags": [
                "DT",
                "NN",
                "NNS",
                "VBP",
                "RB",
                "VBN",
                "NN",
                "NN",
                "NNS",
                "WDT",
                "MD",
                "VB",
                "VBN",
                "IN",
                "NN",
                "."
            ],
            "words": [
                "These",
                "fusion",
                "genes",
                "encode",
                "constitutively",
                "activated",
                "receptor",
                "tyrosine",
                "kinases",
                "that",
                "can",
                "be",
                "inhibited",
                "by",
                "imatinib",
                "."
            ]
        },
        {
            "endOffsets": [
                329,
                338,
                343,
                360,
                366,
                370,
                381,
                396,
                406,
                413,
                422,
                431,
                435,
                437,
                444,
                447,
                450,
                457,
                459,
                464,
                465,
                472,
                479,
                480,
                481
            ],
            "entities": [
                "O",
                "O",
                "O",
                "O",
                "O",
                "O",
                "O",
                "O",
                "O",
                "B-Gene_or_gene_product",
                "O",
                "B-Simple_chemical",
                "O",
                "O",
                "O",
                "O",
                "O",
                "O",
                "O",
                "O",
                "O",
                "O",
                "O",
                "O",
                "O"
            ],
            "graphs": {
                "stanford-basic": {
                    "edges": [
                        {
                            "destination": 0,
                            "relation": "num",
                            "source": 1
                        },
                        {
                            "destination": 2,
                            "relation": "prep",
                            "source": 1
                        },
                        {
                            "destination": 4,
                            "relation": "pobj",
                            "source": 2
                        },
                        {
                            "destination": 3,
                            "relation": "amod",
                            "source": 4
                        },
                        {
                            "destination": 5,
                            "relation": "cc",
                            "source": 4
                        },
                        {
                            "destination": 7,
                            "relation": "conj",
                            "source": 4
                        },
                        {
                            "destination": 6,
                            "relation": "amod",
                            "source": 7
                        },
                        {
                            "destination": 8,
                            "relation": "prep",
                            "source": 7
                        },
                        {
                            "destination": 9,
                            "relation": "pobj",
                            "source": 8
                        },
                        {
                            "destination": 1,
                            "relation": "nsubj",
                            "source": 10
                        },
                        {
                            "destination": 11,
                            "relation": "dobj",
                            "source": 10
                        },
                        {
                            "destination": 12,
                            "relation": "prep",
                            "source": 10
                        },
                        {
                            "destination": 14,
                            "relation": "pobj",
                            "source": 12
                        },
                        {
                            "destination": 15,
                            "relation": "prep",
                            "source": 14
                        },
                        {
                            "destination": 13,
                            "relation": "det",
                            "source": 14
                        },
                        {
                            "destination": 17,
                            "relation": "pobj",
                            "source": 15
                        },
                        {
                            "destination": 16,
                            "relation": "num",
                            "source": 17
                        },
                        {
                            "destination": 19,
                            "relation": "appos",
                            "source": 17
                        },
                        {
                            "destination": 22,
                            "relation": "dep",
                            "source": 19
                        },
                        {
                            "destination": 21,
                            "relation": "num",
                            "source": 22
                        }
                    ],
                    "roots": [
                        10
                    ]
                },
                "stanford-collapsed": {
                    "edges": [
                        {
                            "destination": 0,
                            "relation": "num",
                            "source": 1
                        },
                        {
                            "destination": 4,
                            "relation": "prep_with",
                            "source": 1
                        },
                        {
                            "destination": 7,
                            "relation": "prep_with",
                            "source": 1
                        },
                        {
                            "destination": 3,
                            "relation": "amod",
                            "source": 4
                        },
                        {
                            "destination": 7,
                            "relation": "conj_and",
                            "source": 4
                        },
                        {
                            "destination": 6,
                            "relation": "amod",
                            "source": 7
                        },
                        {
                            "destination": 9,
                            "relation": "prep_involving",
                            "source": 7
                        },
                        {
                            "destination": 1,
                            "relation": "nsubj",
                            "source": 10
                        },
                        {
                            "destination": 11,
                            "relation": "dobj",
                            "source": 10
                        },
                        {
                            "destination": 14,
                            "relation": "prep_for",
                            "source": 10
                        },
                        {
                            "destination": 17,
                            "relation": "prep_of",
                            "source": 14
                        },
                        {
                            "destination": 13,
                            "relation": "det",
                            "source": 14
                        },
                        {
                            "destination": 16,
                            "relation": "num",
                            "source": 17
                        },
                        {
                            "destination": 19,
                            "relation": "appos",
                            "source": 17
                        },
                        {
                            "destination": 22,
                            "relation": "dep",
                            "source": 19
                        },
                        {
                            "destination": 21,
                            "relation": "num",
                            "source": 22
                        }
                    ],
                    "roots": [
                        10
                    ]
                }
            },
            "lemmas": [
                "twelve",
                "patient",
                "with",
                "bcr-abl-negative",
                "cmpd",
                "and",
                "reciprocal",
                "translocation",
                "involve",
                "PDGFRB",
                "receive",
                "imatinib",
                "for",
                "a",
                "median",
                "of",
                "47",
                "month",
                "(",
                "range",
                ",",
                "0.1-60",
                "month",
                ")",
                "."
            ],
            "startOffsets": [
                323,
                330,
                339,
                344,
                361,
                367,
                371,
                382,
                397,
                407,
                414,
                423,
                432,
                436,
                438,
                445,
                448,
                451,
                458,
                459,
                464,
                466,
                473,
                479,
                480
            ],
            "tags": [
                "CD",
                "NNS",
                "IN",
                "JJ",
                "NNS",
                "CC",
                "JJ",
                "NNS",
                "VBG",
                "NNP",
                "VBD",
                "NN",
                "IN",
                "DT",
                "NN",
                "IN",
                "CD",
                "NNS",
                "-LRB-",
                "NN",
                ",",
                "CD",
                "NNS",
                "-RRB-",
                "."
            ],
            "words": [
                "Twelve",
                "patients",
                "with",
                "BCR-ABL-negative",
                "CMPDs",
                "and",
                "reciprocal",
                "translocations",
                "involving",
                "PDGFRB",
                "received",
                "imatinib",
                "for",
                "a",
                "median",
                "of",
                "47",
                "months",
                "(",
                "range",
                ",",
                "0.1-60",
                "months",
                ")",
                "."
            ]
        },
        {
            "endOffsets": [
                488,
                492,
                499,
                509,
                514,
                528,
                531,
                548,
                553,
                560,
                564,
                578,
                581,
                594,
                595,
                598,
                602,
                611,
                622,
                625,
                637,
                651,
                655,
                664,
                667,
                681,
                684,
                691,
                703,
                706,
                715,
                718,
                726,
                751,
                757,
                766,
                768,
                774,
                775,
                776
            ],
            "entities": [
                "O",
                "O",
                "O",
                "O",
                "O",
                "O",
                "O",
                "O",
                "O",
                "O",
                "O",
                "O",
                "O",
                "O",
                "O",
                "O",
                "O",
                "O",
                "O",
                "O",
                "O",
                "O",
                "O",
                "O",
                "O",
                "O",
                "O",
                "O",
                "O",
                "O",
                "O",
                "O",
                "B-Gene_or_gene_product",
                "I-Gene_or_gene_product",
                "O",
                "O",
                "O",
                "B-Gene_or_gene_product",
                "O",
                "O"
            ],
            "graphs": {
                "stanford-basic": {
                    "edges": [
                        {
                            "destination": 0,
                            "relation": "nsubj",
                            "source": 1
                        },
                        {
                            "destination": 16,
                            "relation": "parataxis",
                            "source": 1
                        },
                        {
                            "destination": 3,
                            "relation": "dobj",
                            "source": 1
                        },
                        {
                            "destination": 2,
                            "relation": "amod",
                            "source": 3
                        },
                        {
                            "destination": 4,
                            "relation": "prep",
                            "source": 3
                        },
                        {
                            "destination": 5,
                            "relation": "pobj",
                            "source": 4
                        },
                        {
                            "destination": 6,
                            "relation": "prep",
                            "source": 5
                        },
                        {
                            "destination": 10,
                            "relation": "cc",
                            "source": 5
                        },
                        {
                            "destination": 11,
                            "relation": "conj",
                            "source": 5
                        },
                        {
                            "destination": 9,
                            "relation": "pobj",
                            "source": 6
                        },
                        {
                            "destination": 7,
                            "relation": "amod",
                            "source": 9
                        },
                        {
                            "destination": 8,
                            "relation": "nn",
                            "source": 9
                        },
                        {
                            "destination": 12,
                            "relation": "prep",
                            "source": 11
                        },
                        {
                            "destination": 13,
                            "relation": "pobj",
                            "source": 12
                        },
                        {
                            "destination": 15,
                            "relation": "nsubj",
                            "source": 16
                        },
                        {
                            "destination": 18,
                            "relation": "dobj",
                            "source": 16
                        },
                        {
                            "destination": 22,
                            "relation": "cc",
                            "source": 16
                        },
                        {
                            "destination": 23,
                            "relation": "conj",
                            "source": 16
                        },
                        {
                            "destination": 24,
                            "relation": "cc",
                            "source": 16
                        },
                        {
                            "destination": 25,
                            "relation": "conj",
                            "source": 16
                        },
                        {
                            "destination": 17,
                            "relation": "amod",
                            "source": 18
                        },
                        {
                            "destination": 19,
                            "relation": "prep",
                            "source": 18
                        },
                        {
                            "destination": 21,
                            "relation": "pobj",
                            "source": 19
                        },
                        {
                            "destination": 20,
                            "relation": "amod",
                            "source": 21
                        },
                        {
                            "destination": 26,
                            "relation": "prep",
                            "source": 25
                        },
                        {
                            "destination": 30,
                            "relation": "advcl",
                            "source": 25
                        },
                        {
                            "destination": 28,
                            "relation": "pobj",
                            "source": 26
                        },
                        {
                            "destination": 27,
                            "relation": "nn",
                            "source": 28
                        },
                        {
                            "destination": 31,
                            "relation": "prep",
                            "source": 30
                        },
                        {
                            "destination": 29,
                            "relation": "mark",
                            "source": 30
                        },
                        {
                            "destination": 35,
                            "relation": "pobj",
                            "source": 31
                        },
                        {
                            "destination": 32,
                            "relation": "amod",
                            "source": 35
                        },
                        {
                            "destination": 33,
                            "relation": "nn",
                            "source": 35
                        },
                        {
                            "destination": 34,
                            "relation": "nn",
                            "source": 35
                        },
                        {
                            "destination": 37,
                            "relation": "appos",
                            "source": 35
                        }
                    ],
                    "roots": [
                        1
                    ]
                },
                "stanford-collapsed": {
                    "edges": [
                        {
                            "destination": 0,
                            "relation": "nsubj",
                            "source": 1
                        },
                        {
                            "destination": 16,
                            "relation": "parataxis",
                            "source": 1
                        },
                        {
                            "destination": 3,
                            "relation": "dobj",
                            "source": 1
                        },
                        {
                            "destination": 23,
                            "relation": "parataxis",
                            "source": 1
                        },
                        {
                            "destination": 25,
                            "relation": "parataxis",
                            "source": 1
                        },
                        {
                            "destination": 2,
                            "relation": "amod",
                            "source": 3
                        },
                        {
                            "destination": 5,
                            "relation": "prep_with",
                            "source": 3
                        },
                        {
                            "destination": 11,
                            "relation": "prep_with",
                            "source": 3
                        },
                        {
                            "destination": 9,
                            "relation": "prep_of",
                            "source": 5
                        },
                        {
                            "destination": 11,
                            "relation": "conj_and",
                            "source": 5
                        },
                        {
                            "destination": 7,
                            "relation": "amod",
                            "source": 9
                        },
                        {
                            "destination": 8,
                            "relation": "nn",
                            "source": 9
                        },
                        {
                            "destination": 13,
                            "relation": "prep_of",
                            "source": 11
                        },
                        {
                            "destination": 15,
                            "relation": "nsubj",
                            "source": 16
                        },
                        {
                            "destination": 18,
                            "relation": "dobj",
                            "source": 16
                        },
                        {
                            "destination": 23,
                            "relation": "conj_and",
                            "source": 16
                        },
                        {
                            "destination": 25,
                            "relation": "conj_or",
                            "source": 16
                        },
                        {
                            "destination": 17,
                            "relation": "amod",
                            "source": 18
                        },
                        {
                            "destination": 21,
                            "relation": "prep_of",
                            "source": 18
                        },
                        {
                            "destination": 20,
                            "relation": "amod",
                            "source": 21
                        },
                        {
                            "destination": 15,
                            "relation": "nsubj",
                            "source": 23
                        },
                        {
                            "destination": 28,
                            "relation": "prep_of",
                            "source": 25
                        },
                        {
                            "destination": 30,
                            "relation": "advcl",
                            "source": 25
                        },
                        {
                            "destination": 27,
                            "relation": "nn",
                            "source": 28
                        },
                        {
                            "destination": 35,
                            "relation": "prep_by",
                            "source": 30
                        },
                        {
                            "destination": 29,
                            "relation": "mark",
                            "source": 30
                        },
                        {
                            "destination": 32,
                            "relation": "amod",
                            "source": 35
                        },
                        {
                            "destination": 33,
                            "relation": "nn",
                            "source": 35
                        },
                        {
                            "destination": 34,
                            "relation": "nn",
                            "source": 35
                        },
                        {
                            "destination": 37,
                            "relation": "appos",
                            "source": 35
                        }
                    ],
                    "roots": [
                        1
                    ]
                }
            },
            "lemmas": [
                "eleven",
                "have",
                "prompt",
                "response",
                "with",
                "normalization",
                "of",
                "peripheral-blood",
                "cell",
                "count",
                "and",
                "disappearance",
                "of",
                "eosinophilia",
                ";",
                "10",
                "have",
                "complete",
                "resolution",
                "of",
                "cytogenetic",
                "abnormality",
                "and",
                "decrease",
                "or",
                "disappearance",
                "of",
                "fusion",
                "transcript",
                "as",
                "measure",
                "by",
                "reverse",
                "transcriptase-polymerase",
                "chain",
                "reaction",
                "(",
                "rt-pcr",
                ")",
                "."
            ],
            "startOffsets": [
                482,
                489,
                493,
                500,
                510,
                515,
                529,
                532,
                549,
                554,
                561,
                565,
                579,
                582,
                594,
                596,
                599,
                603,
                612,
                623,
                626,
                638,
                652,
                656,
                665,
                668,
                682,
                685,
                692,
                704,
                707,
                716,
                719,
                727,
                752,
                758,
                767,
                768,
                774,
                775
            ],
            "tags": [
                "CD",
                "VBD",
                "JJ",
                "NNS",
                "IN",
                "NN",
                "IN",
                "JJ",
                "NN",
                "NNS",
                "CC",
                "NN",
                "IN",
                "NN",
                ":",
                "CD",
                "VBD",
                "JJ",
                "NN",
                "IN",
                "JJ",
                "NNS",
                "CC",
                "VB",
                "CC",
                "NN",
                "IN",
                "NN",
                "NNS",
                "IN",
                "VBN",
                "IN",
                "JJ",
                "NN",
                "NN",
                "NN",
                "-LRB-",
                "NN",
                "-RRB-",
                "."
            ],
            "words": [
                "Eleven",
                "had",
                "prompt",
                "responses",
                "with",
                "normalization",
                "of",
                "peripheral-blood",
                "cell",
                "counts",
                "and",
                "disappearance",
                "of",
                "eosinophilia",
                ";",
                "10",
                "had",
                "complete",
                "resolution",
                "of",
                "cytogenetic",
                "abnormalities",
                "and",
                "decrease",
                "or",
                "disappearance",
                "of",
                "fusion",
                "transcripts",
                "as",
                "measured",
                "by",
                "reverse",
                "transcriptase-polymerase",
                "chain",
                "reaction",
                "(",
                "RT-PCR",
                ")",
                "."
            ]
        },
        {
            "endOffsets": [
                784,
                789,
                796,
                801,
                803,
                811,
                820,
                831,
                841,
                844,
                848,
                859,
                860,
                867,
                877,
                882,
                892,
                895,
                897,
                901,
                909,
                912,
                914,
                915
            ],
            "entities": [
                "O",
                "O",
                "O",
                "O",
                "O",
                "O",
                "O",
                "O",
                "O",
                "O",
                "O",
                "O",
                "O",
                "O",
                "O",
                "O",
                "O",
                "O",
                "O",
                "O",
                "O",
                "O",
                "O",
                "O"
            ],
            "graphs": {
                "stanford-basic": {
                    "edges": [
                        {
                            "destination": 0,
                            "relation": "nsubjpass",
                            "source": 2
                        },
                        {
                            "destination": 16,
                            "relation": "parataxis",
                            "source": 2
                        },
                        {
                            "destination": 1,
                            "relation": "auxpass",
                            "source": 2
                        },
                        {
                            "destination": 3,
                            "relation": "prep",
                            "source": 2
                        },
                        {
                            "destination": 6,
                            "relation": "pobj",
                            "source": 3
                        },
                        {
                            "destination": 4,
                            "relation": "num",
                            "source": 6
                        },
                        {
                            "destination": 5,
                            "relation": "amod",
                            "source": 6
                        },
                        {
                            "destination": 8,
                            "relation": "vmod",
                            "source": 6
                        },
                        {
                            "destination": 7,
                            "relation": "advmod",
                            "source": 8
                        },
                        {
                            "destination": 9,
                            "relation": "prep",
                            "source": 8
                        },
                        {
                            "destination": 11,
                            "relation": "pobj",
                            "source": 9
                        },
                        {
                            "destination": 10,
                            "relation": "det",
                            "source": 11
                        },
                        {
                            "destination": 13,
                            "relation": "amod",
                            "source": 14
                        },
                        {
                            "destination": 15,
                            "relation": "auxpass",
                            "source": 16
                        },
                        {
                            "destination": 17,
                            "relation": "prep",
                            "source": 16
                        },
                        {
                            "destination": 19,
                            "relation": "cc",
                            "source": 16
                        },
                        {
                            "destination": 20,
                            "relation": "conj",
                            "source": 16
                        },
                        {
                            "destination": 14,
                            "relation": "nsubjpass",
                            "source": 16
                        },
                        {
                            "destination": 18,
                            "relation": "pobj",
                            "source": 17
                        },
                        {
                            "destination": 21,
                            "relation": "prep",
                            "source": 20
                        },
                        {
                            "destination": 22,
                            "relation": "pobj",
                            "source": 21
                        }
                    ],
                    "roots": [
                        2
                    ]
                },
                "stanford-collapsed": {
                    "edges": [
                        {
                            "destination": 0,
                            "relation": "nsubjpass",
                            "source": 2
                        },
                        {
                            "destination": 16,
                            "relation": "parataxis",
                            "source": 2
                        },
                        {
                            "destination": 1,
                            "relation": "auxpass",
                            "source": 2
                        },
                        {
                            "destination": 20,
                            "relation": "parataxis",
                            "source": 2
                        },
                        {
                            "destination": 6,
                            "relation": "prep_from",
                            "source": 2
                        },
                        {
                            "destination": 4,
                            "relation": "num",
                            "source": 6
                        },
                        {
                            "destination": 5,
                            "relation": "amod",
                            "source": 6
                        },
                        {
                            "destination": 8,
                            "relation": "vmod",
                            "source": 6
                        },
                        {
                            "destination": 7,
                            "relation": "advmod",
                            "source": 8
                        },
                        {
                            "destination": 11,
                            "relation": "prep_in",
                            "source": 8
                        },
                        {
                            "destination": 10,
                            "relation": "det",
                            "source": 11
                        },
                        {
                            "destination": 13,
                            "relation": "amod",
                            "source": 14
                        },
                        {
                            "destination": 15,
                            "relation": "auxpass",
                            "source": 16
                        },
                        {
                            "destination": 18,
                            "relation": "prep_in",
                            "source": 16
                        },
                        {
                            "destination": 20,
                            "relation": "conj_and",
                            "source": 16
                        },
                        {
                            "destination": 14,
                            "relation": "nsubjpass",
                            "source": 16
                        },
                        {
                            "destination": 22,
                            "relation": "prep_in",
                            "source": 20
                        },
                        {
                            "destination": 14,
                            "relation": "nsubj",
                            "source": 20
                        }
                    ],
                    "roots": [
                        2
                    ]
                }
            },
            "lemmas": [
                "update",
                "be",
                "seek",
                "from",
                "8",
                "further",
                "patient",
                "previously",
                "describe",
                "in",
                "the",
                "literature",
                ";",
                "prompt",
                "response",
                "be",
                "describe",
                "in",
                "7",
                "and",
                "persist",
                "in",
                "6",
                "."
            ],
            "startOffsets": [
                777,
                785,
                790,
                797,
                802,
                804,
                812,
                821,
                832,
                842,
                845,
                849,
                859,
                861,
                868,
                878,
                883,
                893,
                896,
                898,
                902,
                910,
                913,
                914
            ],
            "tags": [
                "NNS",
                "VBD",
                "VBN",
                "IN",
                "CD",
                "JJ",
                "NNS",
                "RB",
                "VBN",
                "IN",
                "DT",
                "NN",
                ":",
                "JJ",
                "NNS",
                "VBD",
                "VBN",
                "IN",
                "CD",
                "CC",
                "VB",
                "IN",
                "CD",
                "."
            ],
            "words": [
                "Updates",
                "were",
                "sought",
                "from",
                "8",
                "further",
                "patients",
                "previously",
                "described",
                "in",
                "the",
                "literature",
                ";",
                "prompt",
                "responses",
                "were",
                "described",
                "in",
                "7",
                "and",
                "persist",
                "in",
                "6",
                "."
            ]
        },
        {
            "endOffsets": [
                919,
                924,
                929,
                935,
                943,
                955,
                959,
                971,
                981,
                985,
                994,
                999,
                1008,
                1011,
                1021,
                1026,
                1033,
                1040,
                1049,
                1050,
                1067,
                1073,
                1074
            ],
            "entities": [
                "O",
                "O",
                "O",
                "O",
                "O",
                "O",
                "O",
                "O",
                "O",
                "O",
                "O",
                "O",
                "B-Simple_chemical",
                "O",
                "O",
                "O",
                "B-Gene_or_gene_product",
                "O",
                "O",
                "O",
                "O",
                "O",
                "O"
            ],
            "graphs": {
                "stanford-basic": {
                    "edges": [
                        {
                            "destination": 0,
                            "relation": "poss",
                            "source": 1
                        },
                        {
                            "destination": 1,
                            "relation": "nsubj",
                            "source": 2
                        },
                        {
                            "destination": 10,
                            "relation": "ccomp",
                            "source": 2
                        },
                        {
                            "destination": 4,
                            "relation": "amod",
                            "source": 5
                        },
                        {
                            "destination": 6,
                            "relation": "cc",
                            "source": 5
                        },
                        {
                            "destination": 8,
                            "relation": "conj",
                            "source": 5
                        },
                        {
                            "destination": 7,
                            "relation": "amod",
                            "source": 8
                        },
                        {
                            "destination": 15,
                            "relation": "prep",
                            "source": 10
                        },
                        {
                            "destination": 3,
                            "relation": "mark",
                            "source": 10
                        },
                        {
                            "destination": 5,
                            "relation": "nsubjpass",
                            "source": 10
                        },
                        {
                            "destination": 9,
                            "relation": "auxpass",
                            "source": 10
                        },
                        {
                            "destination": 11,
                            "relation": "prep",
                            "source": 10
                        },
                        {
                            "destination": 12,
                            "relation": "pobj",
                            "source": 11
                        },
                        {
                            "destination": 13,
                            "relation": "prep",
                            "source": 12
                        },
                        {
                            "destination": 14,
                            "relation": "pobj",
                            "source": 13
                        },
                        {
                            "destination": 17,
                            "relation": "pobj",
                            "source": 15
                        },
                        {
                            "destination": 16,
                            "relation": "nn",
                            "source": 17
                        },
                        {
                            "destination": 21,
                            "relation": "dep",
                            "source": 17
                        },
                        {
                            "destination": 18,
                            "relation": "amod",
                            "source": 21
                        },
                        {
                            "destination": 20,
                            "relation": "amod",
                            "source": 21
                        }
                    ],
                    "roots": [
                        2
                    ]
                },
                "stanford-collapsed": {
                    "edges": [
                        {
                            "destination": 0,
                            "relation": "poss",
                            "source": 1
                        },
                        {
                            "destination": 1,
                            "relation": "nsubj",
                            "source": 2
                        },
                        {
                            "destination": 10,
                            "relation": "ccomp",
                            "source": 2
                        },
                        {
                            "destination": 4,
                            "relation": "amod",
                            "source": 5
                        },
                        {
                            "destination": 8,
                            "relation": "conj_and",
                            "source": 5
                        },
                        {
                            "destination": 7,
                            "relation": "amod",
                            "source": 8
                        },
                        {
                            "destination": 17,
                            "relation": "prep_with",
                            "source": 10
                        },
                        {
                            "destination": 3,
                            "relation": "mark",
                            "source": 10
                        },
                        {
                            "destination": 5,
                            "relation": "nsubjpass",
                            "source": 10
                        },
                        {
                            "destination": 8,
                            "relation": "nsubjpass",
                            "source": 10
                        },
                        {
                            "destination": 9,
                            "relation": "auxpass",
                            "source": 10
                        },
                        {
                            "destination": 12,
                            "relation": "prep_with",
                            "source": 10
                        },
                        {
                            "destination": 14,
                            "relation": "prep_in",
                            "source": 12
                        },
                        {
                            "destination": 16,
                            "relation": "nn",
                            "source": 17
                        },
                        {
                            "destination": 21,
                            "relation": "dep",
                            "source": 17
                        },
                        {
                            "destination": 18,
                            "relation": "amod",
                            "source": 21
                        },
                        {
                            "destination": 20,
                            "relation": "amod",
                            "source": 21
                        }
                    ],
                    "roots": [
                        2
                    ]
                }
            },
            "lemmas": [
                "we",
                "datum",
                "show",
                "that",
                "durable",
                "hematologic",
                "and",
                "cytogenetic",
                "response",
                "be",
                "achieve",
                "with",
                "imatinib",
                "in",
                "patient",
                "with",
                "pdgfrb",
                "fusion",
                "positive",
                ",",
                "bcr-abl-negative",
                "cmpd",
                "."
            ],
            "startOffsets": [
                916,
                920,
                925,
                931,
                936,
                944,
                956,
                960,
                972,
                982,
                986,
                995,
                1000,
                1009,
                1013,
                1022,
                1027,
                1034,
                1041,
                1049,
                1051,
                1068,
                1073
            ],
            "tags": [
                "PRP$",
                "NNS",
                "VBP",
                "IN",
                "JJ",
                "JJ",
                "CC",
                "JJ",
                "NNS",
                "VBP",
                "VBN",
                "IN",
                "NN",
                "IN",
                "NNS",
                "IN",
                "NN",
                "NN",
                "JJ",
                ",",
                "JJ",
                "NNS",
                "."
            ],
            "words": [
                "Our",
                "data",
                "show",
                "that",
                "durable",
                "hematologic",
                "and",
                "cytogenetic",
                "responses",
                "are",
                "achieved",
                "with",
                "imatinib",
                "in",
                "patients",
                "with",
                "PDGFRB",
                "fusion",
                "positive",
                ",",
                "BCR-ABL-negative",
                "CMPDs",
                "."
            ]
        }
    ],
    "text": "Fusion genes derived from the platelet-derived growth factor receptor beta\n(PDGFRB) or alpha (PDGFRA) play an important role in the pathogenesis of\nBCR-ABL-negative chronic myeloproliferative disorders (CMPDs). These fusion genes\nencode constitutively activated receptor tyrosine kinases that can be inhibited\nby imatinib. Twelve patients with BCR-ABL-negative CMPDs and reciprocal\ntranslocations involving PDGFRB received imatinib for a median of 47 months\n(range, 0.1-60 months). Eleven had prompt responses with normalization of\nperipheral-blood cell counts and disappearance of eosinophilia; 10 had complete\nresolution of cytogenetic abnormalities and decrease or disappearance of fusion\ntranscripts as measured by reverse transcriptase-polymerase chain reaction\n(RT-PCR). Updates were sought from 8 further patients previously described in the\nliterature; prompt responses were described in 7 and persist in 6. Our data show \nthat durable hematologic and cytogenetic responses are achieved with imatinib in \npatients with PDGFRB fusion-positive, BCR-ABL-negative CMPDs."
}