{
    "id": "17671205",
    "sentences": [
        {
            "endOffsets": [
                8,
                19,
                22,
                31,
                34,
                37,
                47,
                50,
                55,
                66,
                75,
                84,
                87,
                96,
                105,
                106,
                116,
                126,
                131,
                148,
                154,
                155
            ],
            "entities": [
                "B-BioProcess",
                "I-BioProcess",
                "O",
                "O",
                "O",
                "O",
                "O",
                "O",
                "O",
                "O",
                "O",
                "O",
                "O",
                "O",
                "O",
                "O",
                "O",
                "O",
                "O",
                "O",
                "O",
                "O"
            ],
            "graphs": {
                "stanford-basic": {
                    "edges": [
                        {
                            "destination": 0,
                            "relation": "amod",
                            "source": 1
                        },
                        {
                            "destination": 1,
                            "relation": "nsubj",
                            "source": 3
                        },
                        {
                            "destination": 2,
                            "relation": "aux",
                            "source": 3
                        },
                        {
                            "destination": 4,
                            "relation": "prep",
                            "source": 3
                        },
                        {
                            "destination": 6,
                            "relation": "pobj",
                            "source": 4
                        },
                        {
                            "destination": 16,
                            "relation": "prep",
                            "source": 6
                        },
                        {
                            "destination": 5,
                            "relation": "det",
                            "source": 6
                        },
                        {
                            "destination": 11,
                            "relation": "vmod",
                            "source": 6
                        },
                        {
                            "destination": 7,
                            "relation": "nn",
                            "source": 10
                        },
                        {
                            "destination": 8,
                            "relation": "dep",
                            "source": 10
                        },
                        {
                            "destination": 9,
                            "relation": "amod",
                            "source": 10
                        },
                        {
                            "destination": 10,
                            "relation": "advmod",
                            "source": 11
                        },
                        {
                            "destination": 12,
                            "relation": "prep",
                            "source": 11
                        },
                        {
                            "destination": 14,
                            "relation": "pobj",
                            "source": 12
                        },
                        {
                            "destination": 13,
                            "relation": "amod",
                            "source": 14
                        },
                        {
                            "destination": 20,
                            "relation": "pobj",
                            "source": 16
                        },
                        {
                            "destination": 17,
                            "relation": "advmod",
                            "source": 18
                        },
                        {
                            "destination": 18,
                            "relation": "amod",
                            "source": 20
                        },
                        {
                            "destination": 19,
                            "relation": "amod",
                            "source": 20
                        }
                    ],
                    "roots": [
                        3
                    ]
                },
                "stanford-collapsed": {
                    "edges": [
                        {
                            "destination": 0,
                            "relation": "amod",
                            "source": 1
                        },
                        {
                            "destination": 1,
                            "relation": "nsubj",
                            "source": 3
                        },
                        {
                            "destination": 2,
                            "relation": "aux",
                            "source": 3
                        },
                        {
                            "destination": 6,
                            "relation": "prep_as",
                            "source": 3
                        },
                        {
                            "destination": 20,
                            "relation": "prep_including",
                            "source": 6
                        },
                        {
                            "destination": 5,
                            "relation": "det",
                            "source": 6
                        },
                        {
                            "destination": 11,
                            "relation": "vmod",
                            "source": 6
                        },
                        {
                            "destination": 7,
                            "relation": "nn",
                            "source": 10
                        },
                        {
                            "destination": 8,
                            "relation": "dep",
                            "source": 10
                        },
                        {
                            "destination": 9,
                            "relation": "amod",
                            "source": 10
                        },
                        {
                            "destination": 10,
                            "relation": "advmod",
                            "source": 11
                        },
                        {
                            "destination": 14,
                            "relation": "agent",
                            "source": 11
                        },
                        {
                            "destination": 13,
                            "relation": "amod",
                            "source": 14
                        },
                        {
                            "destination": 17,
                            "relation": "advmod",
                            "source": 18
                        },
                        {
                            "destination": 18,
                            "relation": "amod",
                            "source": 20
                        },
                        {
                            "destination": 19,
                            "relation": "amod",
                            "source": 20
                        }
                    ],
                    "roots": [
                        3
                    ]
                }
            },
            "lemmas": [
                "cellular",
                "senescence",
                "be",
                "emerge",
                "as",
                "a",
                "important",
                "in",
                "vivo",
                "anticancer",
                "response",
                "elicit",
                "by",
                "multiple",
                "stress",
                ",",
                "include",
                "currently",
                "use",
                "chemotherapeutic",
                "drug",
                "."
            ],
            "startOffsets": [
                0,
                9,
                20,
                23,
                32,
                35,
                38,
                48,
                51,
                56,
                67,
                76,
                85,
                88,
                97,
                105,
                107,
                117,
                127,
                132,
                149,
                154
            ],
            "tags": [
                "JJ",
                "NN",
                "VBZ",
                "VBG",
                "IN",
                "DT",
                "JJ",
                "FW",
                "FW",
                "JJ",
                "NN",
                "VBN",
                "IN",
                "JJ",
                "NNS",
                ",",
                "VBG",
                "RB",
                "VBN",
                "JJ",
                "NNS",
                "."
            ],
            "words": [
                "Cellular",
                "senescence",
                "is",
                "emerging",
                "as",
                "an",
                "important",
                "in",
                "vivo",
                "anticancer",
                "response",
                "elicited",
                "by",
                "multiple",
                "stresses",
                ",",
                "including",
                "currently",
                "used",
                "chemotherapeutic",
                "drugs",
                "."
            ]
        },
        {
            "endOffsets": [
                165,
                168,
                170,
                179,
                190,
                205,
                216,
                219,
                223,
                227,
                241,
                249,
                256,
                263,
                272,
                274,
                278,
                279,
                284,
                292,
                297,
                303,
                310,
                314,
                324,
                327,
                334,
                340,
                345,
                356,
                360,
                361
            ],
            "entities": [
                "O",
                "O",
                "O",
                "O",
                "O",
                "O",
                "O",
                "O",
                "O",
                "B-Gene_or_gene_product",
                "O",
                "O",
                "O",
                "O",
                "O",
                "O",
                "B-Gene_or_gene_product",
                "O",
                "O",
                "O",
                "B-BioProcess",
                "I-BioProcess",
                "O",
                "O",
                "B-BioProcess",
                "O",
                "O",
                "O",
                "O",
                "O",
                "B-Gene_or_gene_product",
                "O"
            ],
            "graphs": {
                "stanford-basic": {
                    "edges": [
                        {
                            "destination": 3,
                            "relation": "advmod",
                            "source": 4
                        },
                        {
                            "destination": 0,
                            "relation": "nsubj",
                            "source": 6
                        },
                        {
                            "destination": 1,
                            "relation": "cop",
                            "source": 6
                        },
                        {
                            "destination": 2,
                            "relation": "det",
                            "source": 6
                        },
                        {
                            "destination": 4,
                            "relation": "amod",
                            "source": 6
                        },
                        {
                            "destination": 5,
                            "relation": "amod",
                            "source": 6
                        },
                        {
                            "destination": 7,
                            "relation": "prep",
                            "source": 6
                        },
                        {
                            "destination": 9,
                            "relation": "pobj",
                            "source": 7
                        },
                        {
                            "destination": 8,
                            "relation": "det",
                            "source": 9
                        },
                        {
                            "destination": 13,
                            "relation": "rcmod",
                            "source": 9
                        },
                        {
                            "destination": 10,
                            "relation": "amod",
                            "source": 11
                        },
                        {
                            "destination": 12,
                            "relation": "amod",
                            "source": 11
                        },
                        {
                            "destination": 16,
                            "relation": "dobj",
                            "source": 13
                        },
                        {
                            "destination": 11,
                            "relation": "nsubj",
                            "source": 13
                        },
                        {
                            "destination": 28,
                            "relation": "prep",
                            "source": 13
                        },
                        {
                            "destination": 19,
                            "relation": "rcmod",
                            "source": 16
                        },
                        {
                            "destination": 14,
                            "relation": "amod",
                            "source": 16
                        },
                        {
                            "destination": 18,
                            "relation": "nsubj",
                            "source": 19
                        },
                        {
                            "destination": 22,
                            "relation": "dobj",
                            "source": 19
                        },
                        {
                            "destination": 20,
                            "relation": "nn",
                            "source": 22
                        },
                        {
                            "destination": 21,
                            "relation": "nn",
                            "source": 22
                        },
                        {
                            "destination": 23,
                            "relation": "cc",
                            "source": 22
                        },
                        {
                            "destination": 24,
                            "relation": "conj",
                            "source": 22
                        },
                        {
                            "destination": 25,
                            "relation": "prep",
                            "source": 24
                        },
                        {
                            "destination": 27,
                            "relation": "pobj",
                            "source": 25
                        },
                        {
                            "destination": 26,
                            "relation": "nn",
                            "source": 27
                        },
                        {
                            "destination": 30,
                            "relation": "pobj",
                            "source": 28
                        },
                        {
                            "destination": 29,
                            "relation": "amod",
                            "source": 30
                        }
                    ],
                    "roots": [
                        6
                    ]
                },
                "stanford-collapsed": {
                    "edges": [
                        {
                            "destination": 3,
                            "relation": "advmod",
                            "source": 4
                        },
                        {
                            "destination": 0,
                            "relation": "nsubj",
                            "source": 6
                        },
                        {
                            "destination": 1,
                            "relation": "cop",
                            "source": 6
                        },
                        {
                            "destination": 2,
                            "relation": "det",
                            "source": 6
                        },
                        {
                            "destination": 4,
                            "relation": "amod",
                            "source": 6
                        },
                        {
                            "destination": 5,
                            "relation": "amod",
                            "source": 6
                        },
                        {
                            "destination": 9,
                            "relation": "prep_of",
                            "source": 6
                        },
                        {
                            "destination": 8,
                            "relation": "det",
                            "source": 9
                        },
                        {
                            "destination": 13,
                            "relation": "rcmod",
                            "source": 9
                        },
                        {
                            "destination": 10,
                            "relation": "amod",
                            "source": 11
                        },
                        {
                            "destination": 12,
                            "relation": "amod",
                            "source": 11
                        },
                        {
                            "destination": 16,
                            "relation": "dobj",
                            "source": 13
                        },
                        {
                            "destination": 11,
                            "relation": "nsubj",
                            "source": 13
                        },
                        {
                            "destination": 30,
                            "relation": "prep_with",
                            "source": 13
                        },
                        {
                            "destination": 19,
                            "relation": "rcmod",
                            "source": 16
                        },
                        {
                            "destination": 14,
                            "relation": "amod",
                            "source": 16
                        },
                        {
                            "destination": 18,
                            "relation": "nsubj",
                            "source": 19
                        },
                        {
                            "destination": 22,
                            "relation": "dobj",
                            "source": 19
                        },
                        {
                            "destination": 24,
                            "relation": "dobj",
                            "source": 19
                        },
                        {
                            "destination": 20,
                            "relation": "nn",
                            "source": 22
                        },
                        {
                            "destination": 21,
                            "relation": "nn",
                            "source": 22
                        },
                        {
                            "destination": 24,
                            "relation": "conj_and",
                            "source": 22
                        },
                        {
                            "destination": 27,
                            "relation": "prep_in",
                            "source": 24
                        },
                        {
                            "destination": 26,
                            "relation": "nn",
                            "source": 27
                        },
                        {
                            "destination": 29,
                            "relation": "amod",
                            "source": 30
                        }
                    ],
                    "roots": [
                        6
                    ]
                }
            },
            "lemmas": [
                "Nutlin-3a",
                "be",
                "a",
                "recently",
                "discover",
                "small-molecule",
                "antagonist",
                "of",
                "the",
                "p53",
                "destabilizing",
                "protein",
                "murine",
                "double",
                "minute-2",
                "(",
                "mdm2",
                ")",
                "that",
                "induce",
                "cell",
                "cycle",
                "arrest",
                "and",
                "apoptosis",
                "in",
                "cancer",
                "cell",
                "with",
                "functional",
                "p53",
                "."
            ],
            "startOffsets": [
                156,
                166,
                169,
                171,
                180,
                191,
                206,
                217,
                220,
                224,
                228,
                242,
                250,
                257,
                264,
                273,
                274,
                278,
                280,
                285,
                293,
                298,
                304,
                311,
                315,
                325,
                328,
                335,
                341,
                346,
                357,
                360
            ],
            "tags": [
                "NNP",
                "VBZ",
                "DT",
                "RB",
                "VBN",
                "JJ",
                "NN",
                "IN",
                "DT",
                "NN",
                "JJ",
                "NN",
                "JJ",
                "JJ",
                "JJ",
                "-LRB-",
                "NN",
                "-RRB-",
                "WDT",
                "VBZ",
                "NN",
                "NN",
                "NN",
                "CC",
                "NN",
                "IN",
                "NN",
                "NNS",
                "IN",
                "JJ",
                "NN",
                "."
            ],
            "words": [
                "Nutlin-3a",
                "is",
                "a",
                "recently",
                "discovered",
                "small-molecule",
                "antagonist",
                "of",
                "the",
                "p53",
                "destabilizing",
                "protein",
                "murine",
                "double",
                "minute-2",
                "(",
                "MDM2",
                ")",
                "that",
                "induces",
                "cell",
                "cycle",
                "arrest",
                "and",
                "apoptosis",
                "in",
                "cancer",
                "cells",
                "with",
                "functional",
                "p53",
                "."
            ]
        },
        {
            "endOffsets": [
                366,
                367,
                370,
                377,
                382,
                392,
                400,
                409,
                420,
                423,
                430,
                438,
                450,
                451,
                465,
                477,
                489,
                490,
                494,
                507,
                512,
                518,
                519
            ],
            "entities": [
                "O",
                "O",
                "O",
                "O",
                "O",
                "B-Gene_or_gene_product",
                "O",
                "B-BioProcess",
                "I-BioProcess",
                "O",
                "O",
                "O",
                "B-TissueType",
                "O",
                "O",
                "O",
                "B-TissueType",
                "O",
                "O",
                "B-TissueType",
                "O",
                "O",
                "O"
            ],
            "graphs": {
                "stanford-basic": {
                    "edges": [
                        {
                            "destination": 0,
                            "relation": "advmod",
                            "source": 3
                        },
                        {
                            "destination": 2,
                            "relation": "nsubj",
                            "source": 3
                        },
                        {
                            "destination": 6,
                            "relation": "ccomp",
                            "source": 3
                        },
                        {
                            "destination": 4,
                            "relation": "mark",
                            "source": 6
                        },
                        {
                            "destination": 5,
                            "relation": "nsubj",
                            "source": 6
                        },
                        {
                            "destination": 8,
                            "relation": "dobj",
                            "source": 6
                        },
                        {
                            "destination": 16,
                            "relation": "conj",
                            "source": 8
                        },
                        {
                            "destination": 18,
                            "relation": "cc",
                            "source": 8
                        },
                        {
                            "destination": 21,
                            "relation": "conj",
                            "source": 8
                        },
                        {
                            "destination": 7,
                            "relation": "amod",
                            "source": 8
                        },
                        {
                            "destination": 9,
                            "relation": "prep",
                            "source": 8
                        },
                        {
                            "destination": 12,
                            "relation": "pobj",
                            "source": 9
                        },
                        {
                            "destination": 10,
                            "relation": "amod",
                            "source": 12
                        },
                        {
                            "destination": 11,
                            "relation": "amod",
                            "source": 12
                        },
                        {
                            "destination": 14,
                            "relation": "advmod",
                            "source": 15
                        },
                        {
                            "destination": 15,
                            "relation": "amod",
                            "source": 16
                        },
                        {
                            "destination": 19,
                            "relation": "nn",
                            "source": 21
                        },
                        {
                            "destination": 20,
                            "relation": "nn",
                            "source": 21
                        }
                    ],
                    "roots": [
                        3
                    ]
                },
                "stanford-collapsed": {
                    "edges": [
                        {
                            "destination": 0,
                            "relation": "advmod",
                            "source": 3
                        },
                        {
                            "destination": 2,
                            "relation": "nsubj",
                            "source": 3
                        },
                        {
                            "destination": 6,
                            "relation": "ccomp",
                            "source": 3
                        },
                        {
                            "destination": 16,
                            "relation": "dobj",
                            "source": 6
                        },
                        {
                            "destination": 4,
                            "relation": "mark",
                            "source": 6
                        },
                        {
                            "destination": 5,
                            "relation": "nsubj",
                            "source": 6
                        },
                        {
                            "destination": 21,
                            "relation": "dobj",
                            "source": 6
                        },
                        {
                            "destination": 8,
                            "relation": "dobj",
                            "source": 6
                        },
                        {
                            "destination": 16,
                            "relation": "conj_and",
                            "source": 8
                        },
                        {
                            "destination": 21,
                            "relation": "conj_and",
                            "source": 8
                        },
                        {
                            "destination": 7,
                            "relation": "amod",
                            "source": 8
                        },
                        {
                            "destination": 12,
                            "relation": "prep_in",
                            "source": 8
                        },
                        {
                            "destination": 10,
                            "relation": "amod",
                            "source": 12
                        },
                        {
                            "destination": 11,
                            "relation": "amod",
                            "source": 12
                        },
                        {
                            "destination": 14,
                            "relation": "advmod",
                            "source": 15
                        },
                        {
                            "destination": 15,
                            "relation": "amod",
                            "source": 16
                        },
                        {
                            "destination": 19,
                            "relation": "nn",
                            "source": 21
                        },
                        {
                            "destination": 20,
                            "relation": "nn",
                            "source": 21
                        }
                    ],
                    "roots": [
                        3
                    ]
                }
            },
            "lemmas": [
                "here",
                ",",
                "we",
                "report",
                "that",
                "nutlin-3a",
                "induce",
                "cellular",
                "senescence",
                "in",
                "murine",
                "primary",
                "fibroblast",
                ",",
                "oncogenically",
                "transform",
                "fibroblast",
                ",",
                "and",
                "fibrosarcoma",
                "cell",
                "line",
                "."
            ],
            "startOffsets": [
                362,
                366,
                368,
                371,
                378,
                383,
                393,
                401,
                410,
                421,
                424,
                431,
                439,
                450,
                452,
                466,
                478,
                489,
                491,
                495,
                508,
                513,
                518
            ],
            "tags": [
                "RB",
                ",",
                "PRP",
                "VBP",
                "IN",
                "NN",
                "VBZ",
                "JJ",
                "NN",
                "IN",
                "JJ",
                "JJ",
                "NNS",
                ",",
                "RB",
                "VBN",
                "NNS",
                ",",
                "CC",
                "NN",
                "NN",
                "NNS",
                "."
            ],
            "words": [
                "Here",
                ",",
                "we",
                "report",
                "that",
                "nutlin-3a",
                "induces",
                "cellular",
                "senescence",
                "in",
                "murine",
                "primary",
                "fibroblasts",
                ",",
                "oncogenically",
                "transformed",
                "fibroblasts",
                ",",
                "and",
                "fibrosarcoma",
                "cell",
                "lines",
                "."
            ]
        },
        {
            "endOffsets": [
                522,
                531,
                534,
                539,
                547,
                557,
                561,
                570,
                573,
                577,
                582,
                583
            ],
            "entities": [
                "O",
                "O",
                "O",
                "O",
                "O",
                "B-BioProcess",
                "O",
                "O",
                "O",
                "O",
                "O",
                "O"
            ],
            "graphs": {
                "stanford-basic": {
                    "edges": [
                        {
                            "destination": 0,
                            "relation": "neg",
                            "source": 1
                        },
                        {
                            "destination": 2,
                            "relation": "prep",
                            "source": 1
                        },
                        {
                            "destination": 3,
                            "relation": "pobj",
                            "source": 2
                        },
                        {
                            "destination": 1,
                            "relation": "nsubj",
                            "source": 4
                        },
                        {
                            "destination": 7,
                            "relation": "ccomp",
                            "source": 4
                        },
                        {
                            "destination": 5,
                            "relation": "nsubjpass",
                            "source": 7
                        },
                        {
                            "destination": 6,
                            "relation": "auxpass",
                            "source": 7
                        },
                        {
                            "destination": 8,
                            "relation": "prep",
                            "source": 7
                        },
                        {
                            "destination": 10,
                            "relation": "pobj",
                            "source": 8
                        },
                        {
                            "destination": 9,
                            "relation": "det",
                            "source": 10
                        }
                    ],
                    "roots": [
                        4
                    ]
                },
                "stanford-collapsed": {
                    "edges": [
                        {
                            "destination": 0,
                            "relation": "neg",
                            "source": 1
                        },
                        {
                            "destination": 3,
                            "relation": "prep_of",
                            "source": 1
                        },
                        {
                            "destination": 1,
                            "relation": "nsubj",
                            "source": 4
                        },
                        {
                            "destination": 7,
                            "relation": "ccomp",
                            "source": 4
                        },
                        {
                            "destination": 5,
                            "relation": "nsubjpass",
                            "source": 7
                        },
                        {
                            "destination": 6,
                            "relation": "auxpass",
                            "source": 7
                        },
                        {
                            "destination": 10,
                            "relation": "prep_in",
                            "source": 7
                        },
                        {
                            "destination": 9,
                            "relation": "det",
                            "source": 10
                        }
                    ],
                    "roots": [
                        4
                    ]
                }
            },
            "lemmas": [
                "no",
                "evidence",
                "of",
                "drug",
                "induce",
                "apoptosis",
                "be",
                "observe",
                "in",
                "any",
                "case",
                "."
            ],
            "startOffsets": [
                520,
                523,
                532,
                535,
                540,
                548,
                558,
                562,
                571,
                574,
                578,
                582
            ],
            "tags": [
                "DT",
                "NN",
                "IN",
                "NN",
                "VBD",
                "NN",
                "VBD",
                "VBN",
                "IN",
                "DT",
                "NN",
                "."
            ],
            "words": [
                "No",
                "evidence",
                "of",
                "drug",
                "induced",
                "apoptosis",
                "was",
                "observed",
                "in",
                "any",
                "case",
                "."
            ]
        },
        {
            "endOffsets": [
                590,
                598,
                609,
                613,
                622,
                632,
                635,
                639,
                648,
                651,
                662,
                666,
                669,
                678,
                681,
                685,
                690,
                695,
                701,
                709,
                713,
                718,
                729,
                741,
                744,
                748,
                753,
                754,
                762,
                768,
                776,
                781,
                787,
                798,
                810,
                818,
                824,
                832,
                835,
                839,
                846,
                852,
                862,
                875,
                880,
                886,
                893,
                894
            ],
            "entities": [
                "B-Simple_chemical",
                "O",
                "B-BioProcess",
                "O",
                "O",
                "O",
                "O",
                "O",
                "O",
                "O",
                "O",
                "B-Gene_or_gene_product",
                "O",
                "O",
                "O",
                "O",
                "O",
                "O",
                "O",
                "O",
                "B-Gene_or_gene_product",
                "O",
                "O",
                "O",
                "O",
                "O",
                "O",
                "O",
                "O",
                "O",
                "O",
                "O",
                "O",
                "O",
                "B-Gene_or_gene_product",
                "I-Gene_or_gene_product",
                "I-Gene_or_gene_product",
                "O",
                "O",
                "O",
                "B-Gene_or_gene_product",
                "O",
                "O",
                "O",
                "B-BioProcess",
                "I-BioProcess",
                "O",
                "O"
            ],
            "graphs": {
                "stanford-basic": {
                    "edges": [
                        {
                            "destination": 0,
                            "relation": "nsubj",
                            "source": 1
                        },
                        {
                            "destination": 5,
                            "relation": "ccomp",
                            "source": 1
                        },
                        {
                            "destination": 2,
                            "relation": "nsubj",
                            "source": 5
                        },
                        {
                            "destination": 3,
                            "relation": "cop",
                            "source": 5
                        },
                        {
                            "destination": 4,
                            "relation": "advmod",
                            "source": 5
                        },
                        {
                            "destination": 6,
                            "relation": "prep",
                            "source": 5
                        },
                        {
                            "destination": 8,
                            "relation": "pobj",
                            "source": 6
                        },
                        {
                            "destination": 7,
                            "relation": "det",
                            "source": 8
                        },
                        {
                            "destination": 9,
                            "relation": "prep",
                            "source": 8
                        },
                        {
                            "destination": 11,
                            "relation": "pobj",
                            "source": 9
                        },
                        {
                            "destination": 10,
                            "relation": "amod",
                            "source": 11
                        },
                        {
                            "destination": 12,
                            "relation": "amod",
                            "source": 11
                        },
                        {
                            "destination": 13,
                            "relation": "vmod",
                            "source": 11
                        },
                        {
                            "destination": 23,
                            "relation": "ccomp",
                            "source": 13
                        },
                        {
                            "destination": 14,
                            "relation": "prep",
                            "source": 13
                        },
                        {
                            "destination": 16,
                            "relation": "pobj",
                            "source": 14
                        },
                        {
                            "destination": 15,
                            "relation": "det",
                            "source": 16
                        },
                        {
                            "destination": 19,
                            "relation": "vmod",
                            "source": 18
                        },
                        {
                            "destination": 20,
                            "relation": "dobj",
                            "source": 19
                        },
                        {
                            "destination": 17,
                            "relation": "mark",
                            "source": 23
                        },
                        {
                            "destination": 18,
                            "relation": "nsubj",
                            "source": 23
                        },
                        {
                            "destination": 21,
                            "relation": "cop",
                            "source": 23
                        },
                        {
                            "destination": 22,
                            "relation": "advmod",
                            "source": 23
                        },
                        {
                            "destination": 24,
                            "relation": "prep",
                            "source": 23
                        },
                        {
                            "destination": 42,
                            "relation": "advcl",
                            "source": 23
                        },
                        {
                            "destination": 26,
                            "relation": "pobj",
                            "source": 24
                        },
                        {
                            "destination": 25,
                            "relation": "det",
                            "source": 26
                        },
                        {
                            "destination": 30,
                            "relation": "vmod",
                            "source": 29
                        },
                        {
                            "destination": 37,
                            "relation": "xcomp",
                            "source": 30
                        },
                        {
                            "destination": 31,
                            "relation": "det",
                            "source": 33
                        },
                        {
                            "destination": 32,
                            "relation": "nn",
                            "source": 33
                        },
                        {
                            "destination": 33,
                            "relation": "nsubj",
                            "source": 37
                        },
                        {
                            "destination": 34,
                            "relation": "amod",
                            "source": 37
                        },
                        {
                            "destination": 35,
                            "relation": "nn",
                            "source": 37
                        },
                        {
                            "destination": 36,
                            "relation": "nn",
                            "source": 37
                        },
                        {
                            "destination": 38,
                            "relation": "prep",
                            "source": 37
                        },
                        {
                            "destination": 41,
                            "relation": "pobj",
                            "source": 38
                        },
                        {
                            "destination": 39,
                            "relation": "det",
                            "source": 41
                        },
                        {
                            "destination": 40,
                            "relation": "nn",
                            "source": 41
                        },
                        {
                            "destination": 28,
                            "relation": "mark",
                            "source": 42
                        },
                        {
                            "destination": 29,
                            "relation": "nsubj",
                            "source": 42
                        },
                        {
                            "destination": 46,
                            "relation": "dobj",
                            "source": 42
                        },
                        {
                            "destination": 43,
                            "relation": "amod",
                            "source": 46
                        },
                        {
                            "destination": 44,
                            "relation": "nn",
                            "source": 46
                        },
                        {
                            "destination": 45,
                            "relation": "nn",
                            "source": 46
                        }
                    ],
                    "roots": [
                        1
                    ]
                },
                "stanford-collapsed": {
                    "edges": [
                        {
                            "destination": 0,
                            "relation": "nsubj",
                            "source": 1
                        },
                        {
                            "destination": 5,
                            "relation": "ccomp",
                            "source": 1
                        },
                        {
                            "destination": 2,
                            "relation": "nsubj",
                            "source": 5
                        },
                        {
                            "destination": 3,
                            "relation": "cop",
                            "source": 5
                        },
                        {
                            "destination": 4,
                            "relation": "advmod",
                            "source": 5
                        },
                        {
                            "destination": 8,
                            "relation": "prep_on",
                            "source": 5
                        },
                        {
                            "destination": 7,
                            "relation": "det",
                            "source": 8
                        },
                        {
                            "destination": 11,
                            "relation": "prep_of",
                            "source": 8
                        },
                        {
                            "destination": 10,
                            "relation": "amod",
                            "source": 11
                        },
                        {
                            "destination": 12,
                            "relation": "amod",
                            "source": 11
                        },
                        {
                            "destination": 13,
                            "relation": "vmod",
                            "source": 11
                        },
                        {
                            "destination": 16,
                            "relation": "agent",
                            "source": 13
                        },
                        {
                            "destination": 23,
                            "relation": "ccomp",
                            "source": 13
                        },
                        {
                            "destination": 15,
                            "relation": "det",
                            "source": 16
                        },
                        {
                            "destination": 19,
                            "relation": "vmod",
                            "source": 18
                        },
                        {
                            "destination": 20,
                            "relation": "dobj",
                            "source": 19
                        },
                        {
                            "destination": 17,
                            "relation": "mark",
                            "source": 23
                        },
                        {
                            "destination": 18,
                            "relation": "nsubj",
                            "source": 23
                        },
                        {
                            "destination": 21,
                            "relation": "cop",
                            "source": 23
                        },
                        {
                            "destination": 22,
                            "relation": "advmod",
                            "source": 23
                        },
                        {
                            "destination": 26,
                            "relation": "prep_to",
                            "source": 23
                        },
                        {
                            "destination": 42,
                            "relation": "advcl",
                            "source": 23
                        },
                        {
                            "destination": 25,
                            "relation": "det",
                            "source": 26
                        },
                        {
                            "destination": 30,
                            "relation": "vmod",
                            "source": 29
                        },
                        {
                            "destination": 37,
                            "relation": "xcomp",
                            "source": 30
                        },
                        {
                            "destination": 31,
                            "relation": "det",
                            "source": 33
                        },
                        {
                            "destination": 32,
                            "relation": "nn",
                            "source": 33
                        },
                        {
                            "destination": 33,
                            "relation": "nsubj",
                            "source": 37
                        },
                        {
                            "destination": 34,
                            "relation": "amod",
                            "source": 37
                        },
                        {
                            "destination": 35,
                            "relation": "nn",
                            "source": 37
                        },
                        {
                            "destination": 36,
                            "relation": "nn",
                            "source": 37
                        },
                        {
                            "destination": 41,
                            "relation": "prep_of",
                            "source": 37
                        },
                        {
                            "destination": 39,
                            "relation": "det",
                            "source": 41
                        },
                        {
                            "destination": 40,
                            "relation": "nn",
                            "source": 41
                        },
                        {
                            "destination": 28,
                            "relation": "mark",
                            "source": 42
                        },
                        {
                            "destination": 29,
                            "relation": "nsubj",
                            "source": 42
                        },
                        {
                            "destination": 46,
                            "relation": "dobj",
                            "source": 42
                        },
                        {
                            "destination": 43,
                            "relation": "amod",
                            "source": 46
                        },
                        {
                            "destination": 44,
                            "relation": "nn",
                            "source": 46
                        },
                        {
                            "destination": 45,
                            "relation": "nn",
                            "source": 46
                        }
                    ],
                    "roots": [
                        1
                    ]
                }
            },
            "lemmas": [
                "nutlin",
                "induce",
                "senescence",
                "be",
                "strictly",
                "dependent",
                "on",
                "the",
                "presence",
                "of",
                "functional",
                "p53",
                "as",
                "reveal",
                "by",
                "the",
                "fact",
                "that",
                "cell",
                "lack",
                "p53",
                "be",
                "completely",
                "insensitive",
                "to",
                "the",
                "drug",
                ",",
                "whereas",
                "cell",
                "lack",
                "the",
                "tumor",
                "suppressor",
                "alternative",
                "reading",
                "frame",
                "product",
                "of",
                "the",
                "cdkn2a",
                "locus",
                "undergo",
                "irreversible",
                "cell",
                "cycle",
                "arrest",
                "."
            ],
            "startOffsets": [
                584,
                591,
                599,
                610,
                614,
                623,
                633,
                636,
                640,
                649,
                652,
                663,
                667,
                670,
                679,
                682,
                686,
                691,
                696,
                702,
                710,
                714,
                719,
                730,
                742,
                745,
                749,
                753,
                755,
                763,
                769,
                778,
                782,
                788,
                799,
                811,
                819,
                825,
                833,
                836,
                840,
                847,
                853,
                863,
                876,
                881,
                887,
                893
            ],
            "tags": [
                "NN",
                "VBD",
                "NN",
                "VBD",
                "RB",
                "JJ",
                "IN",
                "DT",
                "NN",
                "IN",
                "JJ",
                "NN",
                "IN",
                "VBN",
                "IN",
                "DT",
                "NN",
                "IN",
                "NNS",
                "VBG",
                "NN",
                "VBD",
                "RB",
                "JJ",
                "TO",
                "DT",
                "NN",
                ",",
                "IN",
                "NNS",
                "VBG",
                "DT",
                "NN",
                "NN",
                "JJ",
                "NN",
                "NN",
                "NN",
                "IN",
                "DT",
                "NN",
                "NN",
                "VBD",
                "JJ",
                "NN",
                "NN",
                "NN",
                "."
            ],
            "words": [
                "Nutlin",
                "induced",
                "senescence",
                "was",
                "strictly",
                "dependent",
                "on",
                "the",
                "presence",
                "of",
                "functional",
                "p53",
                "as",
                "revealed",
                "by",
                "the",
                "fact",
                "that",
                "cells",
                "lacking",
                "p53",
                "were",
                "completely",
                "insensitive",
                "to",
                "the",
                "drug",
                ",",
                "whereas",
                "cells",
                "lacking",
                "the",
                "tumor",
                "suppressor",
                "alternative",
                "reading",
                "frame",
                "product",
                "of",
                "the",
                "CDKN2A",
                "locus",
                "underwent",
                "irreversible",
                "cell",
                "cycle",
                "arrest",
                "."
            ]
        },
        {
            "endOffsets": [
                908,
                909,
                925,
                929,
                938,
                941,
                952,
                958,
                965,
                970,
                973,
                979,
                993,
                1002,
                1010,
                1017,
                1018,
                1029,
                1034,
                1044,
                1048,
                1058,
                1068,
                1078,
                1081,
                1092,
                1097,
                1098
            ],
            "entities": [
                "O",
                "O",
                "O",
                "O",
                "O",
                "O",
                "O",
                "O",
                "O",
                "O",
                "O",
                "O",
                "O",
                "O",
                "O",
                "O",
                "O",
                "O",
                "O",
                "O",
                "O",
                "O",
                "O",
                "O",
                "O",
                "O",
                "B-Gene_or_gene_product",
                "O"
            ],
            "graphs": {
                "stanford-basic": {
                    "edges": [
                        {
                            "destination": 0,
                            "relation": "advmod",
                            "source": 4
                        },
                        {
                            "destination": 17,
                            "relation": "xcomp",
                            "source": 4
                        },
                        {
                            "destination": 2,
                            "relation": "nsubjpass",
                            "source": 4
                        },
                        {
                            "destination": 3,
                            "relation": "auxpass",
                            "source": 4
                        },
                        {
                            "destination": 5,
                            "relation": "prep",
                            "source": 4
                        },
                        {
                            "destination": 9,
                            "relation": "advmod",
                            "source": 4
                        },
                        {
                            "destination": 10,
                            "relation": "prep",
                            "source": 4
                        },
                        {
                            "destination": 7,
                            "relation": "pobj",
                            "source": 5
                        },
                        {
                            "destination": 6,
                            "relation": "amod",
                            "source": 7
                        },
                        {
                            "destination": 8,
                            "relation": "advmod",
                            "source": 9
                        },
                        {
                            "destination": 15,
                            "relation": "pobj",
                            "source": 10
                        },
                        {
                            "destination": 11,
                            "relation": "poss",
                            "source": 15
                        },
                        {
                            "destination": 12,
                            "relation": "amod",
                            "source": 15
                        },
                        {
                            "destination": 13,
                            "relation": "amod",
                            "source": 15
                        },
                        {
                            "destination": 14,
                            "relation": "amod",
                            "source": 15
                        },
                        {
                            "destination": 23,
                            "relation": "ccomp",
                            "source": 17
                        },
                        {
                            "destination": 20,
                            "relation": "cc",
                            "source": 19
                        },
                        {
                            "destination": 22,
                            "relation": "conj",
                            "source": 19
                        },
                        {
                            "destination": 21,
                            "relation": "amod",
                            "source": 22
                        },
                        {
                            "destination": 18,
                            "relation": "mark",
                            "source": 23
                        },
                        {
                            "destination": 19,
                            "relation": "nsubj",
                            "source": 23
                        },
                        {
                            "destination": 24,
                            "relation": "prep",
                            "source": 23
                        },
                        {
                            "destination": 25,
                            "relation": "pcomp",
                            "source": 24
                        },
                        {
                            "destination": 26,
                            "relation": "dobj",
                            "source": 25
                        }
                    ],
                    "roots": [
                        4
                    ]
                },
                "stanford-collapsed": {
                    "edges": [
                        {
                            "destination": 15,
                            "relation": "prep_in",
                            "source": 4
                        },
                        {
                            "destination": 0,
                            "relation": "advmod",
                            "source": 4
                        },
                        {
                            "destination": 17,
                            "relation": "xcomp",
                            "source": 4
                        },
                        {
                            "destination": 2,
                            "relation": "nsubjpass",
                            "source": 4
                        },
                        {
                            "destination": 3,
                            "relation": "auxpass",
                            "source": 4
                        },
                        {
                            "destination": 7,
                            "relation": "prep_in",
                            "source": 4
                        },
                        {
                            "destination": 9,
                            "relation": "advmod",
                            "source": 4
                        },
                        {
                            "destination": 6,
                            "relation": "amod",
                            "source": 7
                        },
                        {
                            "destination": 8,
                            "relation": "advmod",
                            "source": 9
                        },
                        {
                            "destination": 11,
                            "relation": "poss",
                            "source": 15
                        },
                        {
                            "destination": 12,
                            "relation": "amod",
                            "source": 15
                        },
                        {
                            "destination": 13,
                            "relation": "amod",
                            "source": 15
                        },
                        {
                            "destination": 14,
                            "relation": "amod",
                            "source": 15
                        },
                        {
                            "destination": 23,
                            "relation": "ccomp",
                            "source": 17
                        },
                        {
                            "destination": 22,
                            "relation": "conj_and",
                            "source": 19
                        },
                        {
                            "destination": 21,
                            "relation": "amod",
                            "source": 22
                        },
                        {
                            "destination": 18,
                            "relation": "mark",
                            "source": 23
                        },
                        {
                            "destination": 19,
                            "relation": "nsubj",
                            "source": 23
                        },
                        {
                            "destination": 22,
                            "relation": "nsubj",
                            "source": 23
                        },
                        {
                            "destination": 25,
                            "relation": "prepc_in",
                            "source": 23
                        },
                        {
                            "destination": 26,
                            "relation": "dobj",
                            "source": 25
                        }
                    ],
                    "roots": [
                        4
                    ]
                }
            },
            "lemmas": [
                "interestingly",
                ",",
                "irreversibility",
                "be",
                "achieve",
                "in",
                "neoplastic",
                "cell",
                "faster",
                "than",
                "in",
                "they",
                "corresponding",
                "parental",
                "primary",
                "cell",
                ",",
                "suggest",
                "that",
                "nutlin-3a",
                "and",
                "oncogenic",
                "signaling",
                "cooperate",
                "in",
                "activate",
                "p53",
                "."
            ],
            "startOffsets": [
                895,
                908,
                910,
                926,
                930,
                939,
                942,
                953,
                959,
                966,
                971,
                974,
                980,
                994,
                1003,
                1012,
                1017,
                1019,
                1030,
                1035,
                1045,
                1049,
                1059,
                1069,
                1079,
                1082,
                1094,
                1097
            ],
            "tags": [
                "RB",
                ",",
                "NN",
                "VBD",
                "VBN",
                "IN",
                "JJ",
                "NNS",
                "RBR",
                "IN",
                "IN",
                "PRP$",
                "JJ",
                "JJ",
                "JJ",
                "NNS",
                ",",
                "VBG",
                "IN",
                "NN",
                "CC",
                "JJ",
                "NN",
                "VBP",
                "IN",
                "VBG",
                "NN",
                "."
            ],
            "words": [
                "Interestingly",
                ",",
                "irreversibility",
                "was",
                "achieved",
                "in",
                "neoplastic",
                "cells",
                "faster",
                "than",
                "in",
                "their",
                "corresponding",
                "parental",
                "primary",
                "cells",
                ",",
                "suggesting",
                "that",
                "nutlin-3a",
                "and",
                "oncogenic",
                "signaling",
                "cooperate",
                "in",
                "activating",
                "p53",
                "."
            ]
        },
        {
            "endOffsets": [
                1102,
                1110,
                1118,
                1126,
                1131,
                1142,
                1148,
                1151,
                1153,
                1159,
                1168,
                1176,
                1179,
                1186,
                1194,
                1197,
                1209,
                1212,
                1216,
                1225,
                1237,
                1238,
                1243,
                1246,
                1256,
                1257
            ],
            "entities": [
                "O",
                "O",
                "O",
                "O",
                "O",
                "B-BioProcess",
                "O",
                "O",
                "O",
                "O",
                "O",
                "O",
                "O",
                "O",
                "O",
                "O",
                "O",
                "O",
                "O",
                "B-Gene_or_gene_product",
                "O",
                "O",
                "O",
                "O",
                "O",
                "O"
            ],
            "graphs": {
                "stanford-basic": {
                    "edges": [
                        {
                            "destination": 0,
                            "relation": "poss",
                            "source": 2
                        },
                        {
                            "destination": 1,
                            "relation": "amod",
                            "source": 2
                        },
                        {
                            "destination": 2,
                            "relation": "nsubj",
                            "source": 3
                        },
                        {
                            "destination": 11,
                            "relation": "ccomp",
                            "source": 3
                        },
                        {
                            "destination": 15,
                            "relation": "prep",
                            "source": 11
                        },
                        {
                            "destination": 4,
                            "relation": "mark",
                            "source": 11
                        },
                        {
                            "destination": 5,
                            "relation": "nsubj",
                            "source": 11
                        },
                        {
                            "destination": 6,
                            "relation": "aux",
                            "source": 11
                        },
                        {
                            "destination": 7,
                            "relation": "cop",
                            "source": 11
                        },
                        {
                            "destination": 8,
                            "relation": "det",
                            "source": 11
                        },
                        {
                            "destination": 9,
                            "relation": "amod",
                            "source": 11
                        },
                        {
                            "destination": 10,
                            "relation": "amod",
                            "source": 11
                        },
                        {
                            "destination": 12,
                            "relation": "prep",
                            "source": 11
                        },
                        {
                            "destination": 14,
                            "relation": "pobj",
                            "source": 12
                        },
                        {
                            "destination": 13,
                            "relation": "nn",
                            "source": 14
                        },
                        {
                            "destination": 16,
                            "relation": "pobj",
                            "source": 15
                        },
                        {
                            "destination": 17,
                            "relation": "prep",
                            "source": 16
                        },
                        {
                            "destination": 23,
                            "relation": "prep",
                            "source": 16
                        },
                        {
                            "destination": 20,
                            "relation": "pobj",
                            "source": 17
                        },
                        {
                            "destination": 18,
                            "relation": "det",
                            "source": 20
                        },
                        {
                            "destination": 19,
                            "relation": "nn",
                            "source": 20
                        },
                        {
                            "destination": 22,
                            "relation": "mwe",
                            "source": 23
                        },
                        {
                            "destination": 24,
                            "relation": "pobj",
                            "source": 23
                        }
                    ],
                    "roots": [
                        3
                    ]
                },
                "stanford-collapsed": {
                    "edges": [
                        {
                            "destination": 0,
                            "relation": "poss",
                            "source": 2
                        },
                        {
                            "destination": 1,
                            "relation": "amod",
                            "source": 2
                        },
                        {
                            "destination": 2,
                            "relation": "nsubj",
                            "source": 3
                        },
                        {
                            "destination": 11,
                            "relation": "ccomp",
                            "source": 3
                        },
                        {
                            "destination": 16,
                            "relation": "prep_by",
                            "source": 11
                        },
                        {
                            "destination": 4,
                            "relation": "mark",
                            "source": 11
                        },
                        {
                            "destination": 5,
                            "relation": "nsubj",
                            "source": 11
                        },
                        {
                            "destination": 6,
                            "relation": "aux",
                            "source": 11
                        },
                        {
                            "destination": 7,
                            "relation": "cop",
                            "source": 11
                        },
                        {
                            "destination": 8,
                            "relation": "det",
                            "source": 11
                        },
                        {
                            "destination": 9,
                            "relation": "amod",
                            "source": 11
                        },
                        {
                            "destination": 10,
                            "relation": "amod",
                            "source": 11
                        },
                        {
                            "destination": 14,
                            "relation": "prep_of",
                            "source": 11
                        },
                        {
                            "destination": 13,
                            "relation": "nn",
                            "source": 14
                        },
                        {
                            "destination": 20,
                            "relation": "prep_of",
                            "source": 16
                        },
                        {
                            "destination": 24,
                            "relation": "prep_such_as",
                            "source": 16
                        },
                        {
                            "destination": 18,
                            "relation": "det",
                            "source": 20
                        },
                        {
                            "destination": 19,
                            "relation": "nn",
                            "source": 20
                        }
                    ],
                    "roots": [
                        3
                    ]
                }
            },
            "lemmas": [
                "we",
                "current",
                "result",
                "suggest",
                "that",
                "senescence",
                "could",
                "be",
                "a",
                "major",
                "cellular",
                "outcome",
                "of",
                "cancer",
                "therapy",
                "by",
                "antagonist",
                "of",
                "the",
                "p53-mdm2",
                "interaction",
                ",",
                "such",
                "as",
                "nutlin-3a",
                "."
            ],
            "startOffsets": [
                1099,
                1103,
                1111,
                1119,
                1127,
                1132,
                1143,
                1149,
                1152,
                1154,
                1160,
                1169,
                1177,
                1180,
                1187,
                1195,
                1198,
                1210,
                1213,
                1217,
                1226,
                1237,
                1239,
                1244,
                1247,
                1256
            ],
            "tags": [
                "PRP$",
                "JJ",
                "NNS",
                "VBP",
                "IN",
                "NN",
                "MD",
                "VB",
                "DT",
                "JJ",
                "JJ",
                "NN",
                "IN",
                "NN",
                "NN",
                "IN",
                "NNS",
                "IN",
                "DT",
                "NN",
                "NN",
                ",",
                "JJ",
                "IN",
                "NN",
                "."
            ],
            "words": [
                "Our",
                "current",
                "results",
                "suggest",
                "that",
                "senescence",
                "could",
                "be",
                "a",
                "major",
                "cellular",
                "outcome",
                "of",
                "cancer",
                "therapy",
                "by",
                "antagonists",
                "of",
                "the",
                "p53-MDM2",
                "interaction",
                ",",
                "such",
                "as",
                "nutlin-3a",
                "."
            ]
        }
    ],
    "text": "Cellular senescence is emerging as an important in vivo anticancer response\nelicited by multiple stresses, including currently used chemotherapeutic drugs.\nNutlin-3a is a recently discovered small-molecule antagonist of the\np53-destabilizing protein murine double minute-2 (MDM2) that induces cell cycle\narrest and apoptosis in cancer cells with functional p53. Here, we report that\nnutlin-3a induces cellular senescence in murine primary fibroblasts,\noncogenically transformed fibroblasts, and fibrosarcoma cell lines. No evidence\nof drug-induced apoptosis was observed in any case. Nutlin-induced senescence was\nstrictly dependent on the presence of functional p53 as revealed by the fact that\ncells lacking p53 were completely insensitive to the drug, whereas cells lacking \nthe tumor suppressor alternative reading frame product of the CDKN2A locus\nunderwent irreversible cell cycle arrest. Interestingly, irreversibility was\nachieved in neoplastic cells faster than in their corresponding parental primary \ncells, suggesting that nutlin-3a and oncogenic signaling cooperate in activating \np53. Our current results suggest that senescence could be a major cellular\noutcome of cancer therapy by antagonists of the p53-MDM2 interaction, such as\nnutlin-3a."
}