{
    "id": "17891190",
    "sentences": [
        {
            "endOffsets": [
                6,
                11,
                20,
                22,
                25,
                26,
                29,
                31,
                36,
                44,
                53,
                64,
                78,
                81,
                83,
                89,
                98,
                108,
                112,
                117,
                126,
                129,
                137,
                149,
                159,
                160
            ],
            "entities": [
                "B-TissueType",
                "O",
                "B-TissueType",
                "O",
                "B-Gene_or_gene_product",
                "O",
                "O",
                "O",
                "O",
                "O",
                "O",
                "O",
                "O",
                "O",
                "O",
                "O",
                "O",
                "O",
                "O",
                "O",
                "O",
                "O",
                "O",
                "O",
                "O",
                "O"
            ],
            "graphs": {
                "stanford-basic": {
                    "edges": [
                        {
                            "destination": 0,
                            "relation": "nn",
                            "source": 2
                        },
                        {
                            "destination": 1,
                            "relation": "nn",
                            "source": 2
                        },
                        {
                            "destination": 4,
                            "relation": "appos",
                            "source": 2
                        },
                        {
                            "destination": 7,
                            "relation": "dep",
                            "source": 8
                        },
                        {
                            "destination": 2,
                            "relation": "nsubjpass",
                            "source": 9
                        },
                        {
                            "destination": 6,
                            "relation": "auxpass",
                            "source": 9
                        },
                        {
                            "destination": 8,
                            "relation": "advmod",
                            "source": 9
                        },
                        {
                            "destination": 11,
                            "relation": "dobj",
                            "source": 9
                        },
                        {
                            "destination": 10,
                            "relation": "amod",
                            "source": 11
                        },
                        {
                            "destination": 12,
                            "relation": "vmod",
                            "source": 11
                        },
                        {
                            "destination": 21,
                            "relation": "prep",
                            "source": 12
                        },
                        {
                            "destination": 13,
                            "relation": "prep",
                            "source": 12
                        },
                        {
                            "destination": 17,
                            "relation": "pobj",
                            "source": 13
                        },
                        {
                            "destination": 15,
                            "relation": "amod",
                            "source": 17
                        },
                        {
                            "destination": 16,
                            "relation": "amod",
                            "source": 17
                        },
                        {
                            "destination": 18,
                            "relation": "cc",
                            "source": 17
                        },
                        {
                            "destination": 20,
                            "relation": "conj",
                            "source": 17
                        },
                        {
                            "destination": 14,
                            "relation": "det",
                            "source": 17
                        },
                        {
                            "destination": 19,
                            "relation": "amod",
                            "source": 20
                        },
                        {
                            "destination": 24,
                            "relation": "pobj",
                            "source": 21
                        },
                        {
                            "destination": 22,
                            "relation": "amod",
                            "source": 24
                        },
                        {
                            "destination": 23,
                            "relation": "amod",
                            "source": 24
                        }
                    ],
                    "roots": [
                        9
                    ]
                },
                "stanford-collapsed": {
                    "edges": [
                        {
                            "destination": 0,
                            "relation": "nn",
                            "source": 2
                        },
                        {
                            "destination": 1,
                            "relation": "nn",
                            "source": 2
                        },
                        {
                            "destination": 4,
                            "relation": "appos",
                            "source": 2
                        },
                        {
                            "destination": 7,
                            "relation": "dep",
                            "source": 8
                        },
                        {
                            "destination": 2,
                            "relation": "nsubjpass",
                            "source": 9
                        },
                        {
                            "destination": 6,
                            "relation": "auxpass",
                            "source": 9
                        },
                        {
                            "destination": 8,
                            "relation": "advmod",
                            "source": 9
                        },
                        {
                            "destination": 11,
                            "relation": "dobj",
                            "source": 9
                        },
                        {
                            "destination": 10,
                            "relation": "amod",
                            "source": 11
                        },
                        {
                            "destination": 12,
                            "relation": "vmod",
                            "source": 11
                        },
                        {
                            "destination": 17,
                            "relation": "agent",
                            "source": 12
                        },
                        {
                            "destination": 20,
                            "relation": "agent",
                            "source": 12
                        },
                        {
                            "destination": 24,
                            "relation": "prep_to",
                            "source": 12
                        },
                        {
                            "destination": 15,
                            "relation": "amod",
                            "source": 17
                        },
                        {
                            "destination": 16,
                            "relation": "amod",
                            "source": 17
                        },
                        {
                            "destination": 20,
                            "relation": "conj_and",
                            "source": 17
                        },
                        {
                            "destination": 14,
                            "relation": "det",
                            "source": 17
                        },
                        {
                            "destination": 19,
                            "relation": "amod",
                            "source": 20
                        },
                        {
                            "destination": 22,
                            "relation": "amod",
                            "source": 24
                        },
                        {
                            "destination": 23,
                            "relation": "amod",
                            "source": 24
                        }
                    ],
                    "roots": [
                        9
                    ]
                }
            },
            "lemmas": [
                "Mantle",
                "cell",
                "lymphoma",
                "(",
                "mcl",
                ")",
                "be",
                "a",
                "well",
                "define",
                "lymphoid",
                "malignancy",
                "characterize",
                "by",
                "a",
                "rapid",
                "clinical",
                "evolution",
                "and",
                "poor",
                "response",
                "to",
                "current",
                "therapeutic",
                "protocol",
                "."
            ],
            "startOffsets": [
                0,
                7,
                12,
                21,
                22,
                25,
                27,
                30,
                32,
                37,
                45,
                54,
                65,
                79,
                82,
                84,
                90,
                99,
                109,
                113,
                118,
                127,
                130,
                138,
                150,
                159
            ],
            "tags": [
                "NNP",
                "NN",
                "NN",
                "-LRB-",
                "NN",
                "-RRB-",
                "VBZ",
                "DT",
                "RB",
                "VBN",
                "JJ",
                "NN",
                "VBN",
                "IN",
                "DT",
                "JJ",
                "JJ",
                "NN",
                "CC",
                "JJ",
                "NN",
                "TO",
                "JJ",
                "JJ",
                "NNS",
                "."
            ],
            "words": [
                "Mantle",
                "cell",
                "lymphoma",
                "(",
                "MCL",
                ")",
                "is",
                "a",
                "well",
                "defined",
                "lymphoid",
                "malignancy",
                "characterized",
                "by",
                "a",
                "rapid",
                "clinical",
                "evolution",
                "and",
                "poor",
                "response",
                "to",
                "current",
                "therapeutic",
                "protocols",
                "."
            ]
        },
        {
            "endOffsets": [
                164,
                172,
                176,
                186,
                197,
                206,
                209,
                213,
                226,
                234,
                238,
                252,
                255,
                260,
                274,
                278,
                287,
                296,
                301,
                303,
                308,
                314,
                317,
                328,
                340,
                345,
                351,
                359,
                362,
                366,
                377,
                380,
                384,
                388,
                395,
                404,
                412,
                413
            ],
            "entities": [
                "O",
                "O",
                "O",
                "O",
                "O",
                "O",
                "O",
                "O",
                "O",
                "O",
                "O",
                "O",
                "O",
                "B-BioProcess",
                "I-BioProcess",
                "O",
                "O",
                "O",
                "O",
                "O",
                "O",
                "O",
                "O",
                "B-Cellular_component",
                "O",
                "O",
                "O",
                "O",
                "O",
                "O",
                "O",
                "O",
                "O",
                "B-BioProcess",
                "I-BioProcess",
                "I-BioProcess",
                "O",
                "O"
            ],
            "graphs": {
                "stanford-basic": {
                    "edges": [
                        {
                            "destination": 2,
                            "relation": "cc",
                            "source": 1
                        },
                        {
                            "destination": 3,
                            "relation": "conj",
                            "source": 1
                        },
                        {
                            "destination": 0,
                            "relation": "det",
                            "source": 4
                        },
                        {
                            "destination": 1,
                            "relation": "amod",
                            "source": 4
                        },
                        {
                            "destination": 5,
                            "relation": "vmod",
                            "source": 4
                        },
                        {
                            "destination": 6,
                            "relation": "prep",
                            "source": 5
                        },
                        {
                            "destination": 8,
                            "relation": "pobj",
                            "source": 6
                        },
                        {
                            "destination": 7,
                            "relation": "poss",
                            "source": 8
                        },
                        {
                            "destination": 18,
                            "relation": "prep",
                            "source": 9
                        },
                        {
                            "destination": 4,
                            "relation": "nsubj",
                            "source": 9
                        },
                        {
                            "destination": 11,
                            "relation": "dobj",
                            "source": 9
                        },
                        {
                            "destination": 10,
                            "relation": "det",
                            "source": 11
                        },
                        {
                            "destination": 12,
                            "relation": "prep",
                            "source": 11
                        },
                        {
                            "destination": 14,
                            "relation": "pobj",
                            "source": 12
                        },
                        {
                            "destination": 15,
                            "relation": "cc",
                            "source": 14
                        },
                        {
                            "destination": 17,
                            "relation": "conj",
                            "source": 14
                        },
                        {
                            "destination": 13,
                            "relation": "nn",
                            "source": 14
                        },
                        {
                            "destination": 16,
                            "relation": "nn",
                            "source": 17
                        },
                        {
                            "destination": 21,
                            "relation": "pobj",
                            "source": 18
                        },
                        {
                            "destination": 19,
                            "relation": "det",
                            "source": 21
                        },
                        {
                            "destination": 20,
                            "relation": "amod",
                            "source": 21
                        },
                        {
                            "destination": 22,
                            "relation": "prep",
                            "source": 21
                        },
                        {
                            "destination": 26,
                            "relation": "rcmod",
                            "source": 21
                        },
                        {
                            "destination": 24,
                            "relation": "pobj",
                            "source": 22
                        },
                        {
                            "destination": 23,
                            "relation": "nn",
                            "source": 24
                        },
                        {
                            "destination": 25,
                            "relation": "nsubj",
                            "source": 26
                        },
                        {
                            "destination": 27,
                            "relation": "acomp",
                            "source": 26
                        },
                        {
                            "destination": 28,
                            "relation": "prep",
                            "source": 27
                        },
                        {
                            "destination": 30,
                            "relation": "pobj",
                            "source": 28
                        },
                        {
                            "destination": 31,
                            "relation": "prep",
                            "source": 30
                        },
                        {
                            "destination": 29,
                            "relation": "det",
                            "source": 30
                        },
                        {
                            "destination": 36,
                            "relation": "pobj",
                            "source": 31
                        },
                        {
                            "destination": 32,
                            "relation": "det",
                            "source": 36
                        },
                        {
                            "destination": 33,
                            "relation": "nn",
                            "source": 36
                        },
                        {
                            "destination": 34,
                            "relation": "nn",
                            "source": 36
                        },
                        {
                            "destination": 35,
                            "relation": "nn",
                            "source": 36
                        }
                    ],
                    "roots": [
                        9
                    ]
                },
                "stanford-collapsed": {
                    "edges": [
                        {
                            "destination": 3,
                            "relation": "conj_and",
                            "source": 1
                        },
                        {
                            "destination": 0,
                            "relation": "det",
                            "source": 4
                        },
                        {
                            "destination": 1,
                            "relation": "amod",
                            "source": 4
                        },
                        {
                            "destination": 3,
                            "relation": "amod",
                            "source": 4
                        },
                        {
                            "destination": 5,
                            "relation": "vmod",
                            "source": 4
                        },
                        {
                            "destination": 8,
                            "relation": "prep_in",
                            "source": 5
                        },
                        {
                            "destination": 7,
                            "relation": "poss",
                            "source": 8
                        },
                        {
                            "destination": 4,
                            "relation": "nsubj",
                            "source": 9
                        },
                        {
                            "destination": 21,
                            "relation": "prep_with",
                            "source": 9
                        },
                        {
                            "destination": 11,
                            "relation": "dobj",
                            "source": 9
                        },
                        {
                            "destination": 17,
                            "relation": "prep_of",
                            "source": 11
                        },
                        {
                            "destination": 10,
                            "relation": "det",
                            "source": 11
                        },
                        {
                            "destination": 14,
                            "relation": "prep_of",
                            "source": 11
                        },
                        {
                            "destination": 17,
                            "relation": "conj_and",
                            "source": 14
                        },
                        {
                            "destination": 13,
                            "relation": "nn",
                            "source": 14
                        },
                        {
                            "destination": 16,
                            "relation": "nn",
                            "source": 17
                        },
                        {
                            "destination": 19,
                            "relation": "det",
                            "source": 21
                        },
                        {
                            "destination": 20,
                            "relation": "amod",
                            "source": 21
                        },
                        {
                            "destination": 24,
                            "relation": "prep_of",
                            "source": 21
                        },
                        {
                            "destination": 26,
                            "relation": "rcmod",
                            "source": 21
                        },
                        {
                            "destination": 23,
                            "relation": "nn",
                            "source": 24
                        },
                        {
                            "destination": 25,
                            "relation": "nsubj",
                            "source": 26
                        },
                        {
                            "destination": 27,
                            "relation": "acomp",
                            "source": 26
                        },
                        {
                            "destination": 30,
                            "relation": "prep_to",
                            "source": 27
                        },
                        {
                            "destination": 36,
                            "relation": "prep_of",
                            "source": 30
                        },
                        {
                            "destination": 29,
                            "relation": "det",
                            "source": 30
                        },
                        {
                            "destination": 32,
                            "relation": "det",
                            "source": 36
                        },
                        {
                            "destination": 33,
                            "relation": "nn",
                            "source": 36
                        },
                        {
                            "destination": 34,
                            "relation": "nn",
                            "source": 36
                        },
                        {
                            "destination": 35,
                            "relation": "nn",
                            "source": 36
                        }
                    ],
                    "roots": [
                        9
                    ]
                }
            },
            "lemmas": [
                "the",
                "genetic",
                "and",
                "molecular",
                "mechanism",
                "involve",
                "in",
                "its",
                "pathogenesis",
                "combine",
                "the",
                "dysregulation",
                "of",
                "cell",
                "proliferation",
                "and",
                "survival",
                "pathway",
                "with",
                "a",
                "high",
                "level",
                "of",
                "chromosome",
                "instability",
                "that",
                "seem",
                "related",
                "to",
                "the",
                "disruption",
                "of",
                "the",
                "dna",
                "damage",
                "response",
                "pathway",
                "."
            ],
            "startOffsets": [
                161,
                165,
                173,
                177,
                187,
                198,
                207,
                210,
                214,
                227,
                235,
                239,
                253,
                256,
                261,
                275,
                279,
                288,
                297,
                302,
                304,
                309,
                315,
                318,
                329,
                341,
                346,
                352,
                360,
                363,
                367,
                378,
                381,
                385,
                389,
                396,
                405,
                412
            ],
            "tags": [
                "DT",
                "JJ",
                "CC",
                "JJ",
                "NNS",
                "VBN",
                "IN",
                "PRP$",
                "NN",
                "VBP",
                "DT",
                "NN",
                "IN",
                "NN",
                "NN",
                "CC",
                "NN",
                "NNS",
                "IN",
                "DT",
                "JJ",
                "NN",
                "IN",
                "NN",
                "NN",
                "WDT",
                "VBZ",
                "JJ",
                "TO",
                "DT",
                "NN",
                "IN",
                "DT",
                "NN",
                "NN",
                "NN",
                "NN",
                "."
            ],
            "words": [
                "The",
                "genetic",
                "and",
                "molecular",
                "mechanisms",
                "involved",
                "in",
                "its",
                "pathogenesis",
                "combine",
                "the",
                "dysregulation",
                "of",
                "cell",
                "proliferation",
                "and",
                "survival",
                "pathways",
                "with",
                "a",
                "high",
                "level",
                "of",
                "chromosome",
                "instability",
                "that",
                "seems",
                "related",
                "to",
                "the",
                "disruption",
                "of",
                "the",
                "DNA",
                "damage",
                "response",
                "pathway",
                "."
            ]
        },
        {
            "endOffsets": [
                427,
                433,
                444,
                448,
                452,
                457,
                464,
                471,
                481,
                484,
                494,
                498,
                508,
                512,
                516,
                531,
                534,
                543,
                554,
                557,
                566,
                576,
                580,
                584,
                591,
                594,
                605,
                617,
                628,
                633,
                639,
                644,
                648,
                656,
                660,
                664,
                674,
                677,
                686,
                691,
                695,
                696
            ],
            "entities": [
                "O",
                "O",
                "O",
                "O",
                "O",
                "O",
                "O",
                "O",
                "O",
                "O",
                "O",
                "O",
                "O",
                "O",
                "O",
                "O",
                "O",
                "O",
                "O",
                "O",
                "O",
                "O",
                "O",
                "O",
                "O",
                "O",
                "O",
                "O",
                "O",
                "O",
                "O",
                "O",
                "O",
                "O",
                "O",
                "O",
                "O",
                "O",
                "O",
                "O",
                "B-Gene_or_gene_product",
                "O"
            ],
            "graphs": {
                "stanford-basic": {
                    "edges": [
                        {
                            "destination": 2,
                            "relation": "dobj",
                            "source": 0
                        },
                        {
                            "destination": 3,
                            "relation": "cc",
                            "source": 0
                        },
                        {
                            "destination": 10,
                            "relation": "conj",
                            "source": 0
                        },
                        {
                            "destination": 1,
                            "relation": "det",
                            "source": 2
                        },
                        {
                            "destination": 4,
                            "relation": "advmod",
                            "source": 6
                        },
                        {
                            "destination": 5,
                            "relation": "nsubj",
                            "source": 6
                        },
                        {
                            "destination": 8,
                            "relation": "dobj",
                            "source": 6
                        },
                        {
                            "destination": 7,
                            "relation": "nn",
                            "source": 8
                        },
                        {
                            "destination": 6,
                            "relation": "csubj",
                            "source": 10
                        },
                        {
                            "destination": 9,
                            "relation": "aux",
                            "source": 10
                        },
                        {
                            "destination": 12,
                            "relation": "dobj",
                            "source": 10
                        },
                        {
                            "destination": 31,
                            "relation": "rcmod",
                            "source": 12
                        },
                        {
                            "destination": 11,
                            "relation": "det",
                            "source": 12
                        },
                        {
                            "destination": 13,
                            "relation": "prep",
                            "source": 12
                        },
                        {
                            "destination": 15,
                            "relation": "pobj",
                            "source": 13
                        },
                        {
                            "destination": 16,
                            "relation": "prep",
                            "source": 15
                        },
                        {
                            "destination": 14,
                            "relation": "det",
                            "source": 15
                        },
                        {
                            "destination": 18,
                            "relation": "pobj",
                            "source": 16
                        },
                        {
                            "destination": 17,
                            "relation": "amod",
                            "source": 18
                        },
                        {
                            "destination": 19,
                            "relation": "prep",
                            "source": 18
                        },
                        {
                            "destination": 22,
                            "relation": "cc",
                            "source": 18
                        },
                        {
                            "destination": 24,
                            "relation": "conj",
                            "source": 18
                        },
                        {
                            "destination": 21,
                            "relation": "pobj",
                            "source": 19
                        },
                        {
                            "destination": 20,
                            "relation": "amod",
                            "source": 21
                        },
                        {
                            "destination": 23,
                            "relation": "det",
                            "source": 24
                        },
                        {
                            "destination": 25,
                            "relation": "prep",
                            "source": 24
                        },
                        {
                            "destination": 28,
                            "relation": "pobj",
                            "source": 25
                        },
                        {
                            "destination": 26,
                            "relation": "amod",
                            "source": 28
                        },
                        {
                            "destination": 27,
                            "relation": "amod",
                            "source": 28
                        },
                        {
                            "destination": 33,
                            "relation": "dobj",
                            "source": 31
                        },
                        {
                            "destination": 34,
                            "relation": "prep",
                            "source": 31
                        },
                        {
                            "destination": 29,
                            "relation": "nsubj",
                            "source": 31
                        },
                        {
                            "destination": 30,
                            "relation": "aux",
                            "source": 31
                        },
                        {
                            "destination": 32,
                            "relation": "amod",
                            "source": 33
                        },
                        {
                            "destination": 36,
                            "relation": "pobj",
                            "source": 34
                        },
                        {
                            "destination": 35,
                            "relation": "det",
                            "source": 36
                        },
                        {
                            "destination": 37,
                            "relation": "prep",
                            "source": 36
                        },
                        {
                            "destination": 38,
                            "relation": "pobj",
                            "source": 37
                        },
                        {
                            "destination": 39,
                            "relation": "prep",
                            "source": 38
                        },
                        {
                            "destination": 40,
                            "relation": "pobj",
                            "source": 39
                        }
                    ],
                    "roots": [
                        0
                    ]
                },
                "stanford-collapsed": {
                    "edges": [
                        {
                            "destination": 2,
                            "relation": "dobj",
                            "source": 0
                        },
                        {
                            "destination": 10,
                            "relation": "conj_and",
                            "source": 0
                        },
                        {
                            "destination": 1,
                            "relation": "det",
                            "source": 2
                        },
                        {
                            "destination": 4,
                            "relation": "advmod",
                            "source": 6
                        },
                        {
                            "destination": 5,
                            "relation": "nsubj",
                            "source": 6
                        },
                        {
                            "destination": 8,
                            "relation": "dobj",
                            "source": 6
                        },
                        {
                            "destination": 7,
                            "relation": "nn",
                            "source": 8
                        },
                        {
                            "destination": 6,
                            "relation": "csubj",
                            "source": 10
                        },
                        {
                            "destination": 9,
                            "relation": "aux",
                            "source": 10
                        },
                        {
                            "destination": 12,
                            "relation": "dobj",
                            "source": 10
                        },
                        {
                            "destination": 15,
                            "relation": "prep_for",
                            "source": 12
                        },
                        {
                            "destination": 31,
                            "relation": "rcmod",
                            "source": 12
                        },
                        {
                            "destination": 11,
                            "relation": "det",
                            "source": 12
                        },
                        {
                            "destination": 18,
                            "relation": "prep_of",
                            "source": 15
                        },
                        {
                            "destination": 24,
                            "relation": "prep_of",
                            "source": 15
                        },
                        {
                            "destination": 14,
                            "relation": "det",
                            "source": 15
                        },
                        {
                            "destination": 17,
                            "relation": "amod",
                            "source": 18
                        },
                        {
                            "destination": 21,
                            "relation": "prep_of",
                            "source": 18
                        },
                        {
                            "destination": 24,
                            "relation": "conj_and",
                            "source": 18
                        },
                        {
                            "destination": 20,
                            "relation": "amod",
                            "source": 21
                        },
                        {
                            "destination": 23,
                            "relation": "det",
                            "source": 24
                        },
                        {
                            "destination": 28,
                            "relation": "prep_of",
                            "source": 24
                        },
                        {
                            "destination": 26,
                            "relation": "amod",
                            "source": 28
                        },
                        {
                            "destination": 27,
                            "relation": "amod",
                            "source": 28
                        },
                        {
                            "destination": 33,
                            "relation": "dobj",
                            "source": 31
                        },
                        {
                            "destination": 36,
                            "relation": "prep_for",
                            "source": 31
                        },
                        {
                            "destination": 29,
                            "relation": "nsubj",
                            "source": 31
                        },
                        {
                            "destination": 30,
                            "relation": "aux",
                            "source": 31
                        },
                        {
                            "destination": 32,
                            "relation": "amod",
                            "source": 33
                        },
                        {
                            "destination": 35,
                            "relation": "det",
                            "source": 36
                        },
                        {
                            "destination": 38,
                            "relation": "prep_of",
                            "source": 36
                        },
                        {
                            "destination": 40,
                            "relation": "prep_with",
                            "source": 38
                        }
                    ],
                    "roots": [
                        0
                    ]
                }
            },
            "lemmas": [
                "understand",
                "these",
                "mechanism",
                "and",
                "how",
                "they",
                "affect",
                "tumour",
                "behaviour",
                "be",
                "provide",
                "the",
                "rationale",
                "for",
                "the",
                "identification",
                "of",
                "reliable",
                "predictor",
                "of",
                "clinical",
                "evolution",
                "and",
                "the",
                "design",
                "of",
                "innovative",
                "therapeutic",
                "strategy",
                "that",
                "could",
                "open",
                "new",
                "avenue",
                "for",
                "the",
                "treatment",
                "of",
                "patient",
                "with",
                "mcl",
                "."
            ],
            "startOffsets": [
                414,
                428,
                434,
                445,
                449,
                453,
                458,
                465,
                472,
                482,
                485,
                495,
                499,
                509,
                513,
                517,
                532,
                535,
                544,
                555,
                558,
                567,
                577,
                581,
                585,
                592,
                595,
                606,
                618,
                629,
                634,
                640,
                645,
                649,
                657,
                661,
                665,
                675,
                678,
                687,
                692,
                695
            ],
            "tags": [
                "VBG",
                "DT",
                "NNS",
                "CC",
                "WRB",
                "PRP",
                "VBP",
                "NN",
                "NN",
                "VBZ",
                "VBG",
                "DT",
                "NN",
                "IN",
                "DT",
                "NN",
                "IN",
                "JJ",
                "NNS",
                "IN",
                "JJ",
                "NN",
                "CC",
                "DT",
                "NN",
                "IN",
                "JJ",
                "JJ",
                "NNS",
                "WDT",
                "MD",
                "VB",
                "JJ",
                "NNS",
                "IN",
                "DT",
                "NN",
                "IN",
                "NNS",
                "IN",
                "NN",
                "."
            ],
            "words": [
                "Understanding",
                "these",
                "mechanisms",
                "and",
                "how",
                "they",
                "affect",
                "tumour",
                "behaviour",
                "is",
                "providing",
                "the",
                "rationale",
                "for",
                "the",
                "identification",
                "of",
                "reliable",
                "predictors",
                "of",
                "clinical",
                "evolution",
                "and",
                "the",
                "design",
                "of",
                "innovative",
                "therapeutic",
                "strategies",
                "that",
                "could",
                "open",
                "new",
                "avenues",
                "for",
                "the",
                "treatment",
                "of",
                "patients",
                "with",
                "MCL",
                "."
            ]
        }
    ],
    "text": "Mantle cell lymphoma (MCL) is a well-defined lymphoid malignancy characterized by\na rapid clinical evolution and poor response to current therapeutic protocols.\nThe genetic and molecular mechanisms involved in its pathogenesis combine the\ndysregulation of cell proliferation and survival pathways with a high level of\nchromosome instability that seems related to the disruption of the DNA damage\nresponse pathway. Understanding these mechanisms and how they affect tumour\nbehaviour is providing the rationale for the identification of reliable\npredictors of clinical evolution and the design of innovative therapeutic\nstrategies that could open new avenues for the treatment of patients with MCL."
}