{
    "id": "18394554",
    "sentences": [
        {
            "endOffsets": [
                2,
                9,
                14,
                23,
                24,
                26,
                36,
                51,
                61,
                64,
                69,
                74,
                77,
                80,
                87,
                92,
                95,
                109,
                111,
                114,
                115,
                121,
                133,
                142,
                145,
                147,
                154,
                160,
                163,
                182,
                190,
                198,
                201,
                205,
                215,
                224,
                225
            ],
            "entities": [
                "O",
                "O",
                "O",
                "B-Gene_or_gene_product",
                "O",
                "O",
                "O",
                "O",
                "O",
                "O",
                "B-Gene_or_gene_product",
                "O",
                "O",
                "O",
                "O",
                "O",
                "O",
                "O",
                "O",
                "O",
                "O",
                "O",
                "O",
                "O",
                "O",
                "O",
                "O",
                "O",
                "O",
                "O",
                "O",
                "O",
                "O",
                "O",
                "B-Gene_or_gene_product",
                "I-Gene_or_gene_product",
                "O"
            ],
            "graphs": {
                "stanford-basic": {
                    "edges": [
                        {
                            "destination": 0,
                            "relation": "nsubj",
                            "source": 1
                        },
                        {
                            "destination": 21,
                            "relation": "ccomp",
                            "source": 1
                        },
                        {
                            "destination": 8,
                            "relation": "appos",
                            "source": 3
                        },
                        {
                            "destination": 5,
                            "relation": "det",
                            "source": 8
                        },
                        {
                            "destination": 6,
                            "relation": "amod",
                            "source": 8
                        },
                        {
                            "destination": 7,
                            "relation": "amod",
                            "source": 8
                        },
                        {
                            "destination": 9,
                            "relation": "prep",
                            "source": 8
                        },
                        {
                            "destination": 10,
                            "relation": "pobj",
                            "source": 9
                        },
                        {
                            "destination": 11,
                            "relation": "prep",
                            "source": 10
                        },
                        {
                            "destination": 12,
                            "relation": "pobj",
                            "source": 11
                        },
                        {
                            "destination": 15,
                            "relation": "rcmod",
                            "source": 12
                        },
                        {
                            "destination": 16,
                            "relation": "prep",
                            "source": 12
                        },
                        {
                            "destination": 13,
                            "relation": "nn",
                            "source": 14
                        },
                        {
                            "destination": 14,
                            "relation": "advmod",
                            "source": 15
                        },
                        {
                            "destination": 19,
                            "relation": "pobj",
                            "source": 16
                        },
                        {
                            "destination": 17,
                            "relation": "quantmod",
                            "source": 18
                        },
                        {
                            "destination": 18,
                            "relation": "num",
                            "source": 19
                        },
                        {
                            "destination": 2,
                            "relation": "mark",
                            "source": 21
                        },
                        {
                            "destination": 3,
                            "relation": "nsubj",
                            "source": 21
                        },
                        {
                            "destination": 23,
                            "relation": "dobj",
                            "source": 21
                        },
                        {
                            "destination": 24,
                            "relation": "prep",
                            "source": 21
                        },
                        {
                            "destination": 22,
                            "relation": "amod",
                            "source": 23
                        },
                        {
                            "destination": 27,
                            "relation": "pobj",
                            "source": 24
                        },
                        {
                            "destination": 25,
                            "relation": "det",
                            "source": 27
                        },
                        {
                            "destination": 26,
                            "relation": "amod",
                            "source": 27
                        },
                        {
                            "destination": 28,
                            "relation": "prep",
                            "source": 27
                        },
                        {
                            "destination": 30,
                            "relation": "pobj",
                            "source": 28
                        },
                        {
                            "destination": 31,
                            "relation": "vmod",
                            "source": 30
                        },
                        {
                            "destination": 29,
                            "relation": "amod",
                            "source": 30
                        },
                        {
                            "destination": 32,
                            "relation": "prep",
                            "source": 31
                        },
                        {
                            "destination": 35,
                            "relation": "pobj",
                            "source": 32
                        },
                        {
                            "destination": 33,
                            "relation": "det",
                            "source": 35
                        },
                        {
                            "destination": 34,
                            "relation": "nn",
                            "source": 35
                        }
                    ],
                    "roots": [
                        1
                    ]
                },
                "stanford-collapsed": {
                    "edges": [
                        {
                            "destination": 0,
                            "relation": "nsubj",
                            "source": 1
                        },
                        {
                            "destination": 21,
                            "relation": "ccomp",
                            "source": 1
                        },
                        {
                            "destination": 8,
                            "relation": "appos",
                            "source": 3
                        },
                        {
                            "destination": 5,
                            "relation": "det",
                            "source": 8
                        },
                        {
                            "destination": 6,
                            "relation": "amod",
                            "source": 8
                        },
                        {
                            "destination": 7,
                            "relation": "amod",
                            "source": 8
                        },
                        {
                            "destination": 10,
                            "relation": "prep_of",
                            "source": 8
                        },
                        {
                            "destination": 12,
                            "relation": "prep_with",
                            "source": 10
                        },
                        {
                            "destination": 15,
                            "relation": "rcmod",
                            "source": 12
                        },
                        {
                            "destination": 19,
                            "relation": "prep_of",
                            "source": 12
                        },
                        {
                            "destination": 13,
                            "relation": "nn",
                            "source": 14
                        },
                        {
                            "destination": 14,
                            "relation": "advmod",
                            "source": 15
                        },
                        {
                            "destination": 17,
                            "relation": "quantmod",
                            "source": 18
                        },
                        {
                            "destination": 18,
                            "relation": "num",
                            "source": 19
                        },
                        {
                            "destination": 2,
                            "relation": "mark",
                            "source": 21
                        },
                        {
                            "destination": 3,
                            "relation": "nsubj",
                            "source": 21
                        },
                        {
                            "destination": 23,
                            "relation": "dobj",
                            "source": 21
                        },
                        {
                            "destination": 27,
                            "relation": "prep_in",
                            "source": 21
                        },
                        {
                            "destination": 22,
                            "relation": "amod",
                            "source": 23
                        },
                        {
                            "destination": 25,
                            "relation": "det",
                            "source": 27
                        },
                        {
                            "destination": 26,
                            "relation": "amod",
                            "source": 27
                        },
                        {
                            "destination": 30,
                            "relation": "prep_of",
                            "source": 27
                        },
                        {
                            "destination": 31,
                            "relation": "vmod",
                            "source": 30
                        },
                        {
                            "destination": 29,
                            "relation": "amod",
                            "source": 30
                        },
                        {
                            "destination": 35,
                            "relation": "agent",
                            "source": 31
                        },
                        {
                            "destination": 33,
                            "relation": "det",
                            "source": 35
                        },
                        {
                            "destination": 34,
                            "relation": "nn",
                            "source": 35
                        }
                    ],
                    "roots": [
                        1
                    ]
                }
            },
            "lemmas": [
                "we",
                "report",
                "that",
                "tg101348",
                ",",
                "a",
                "selective",
                "small-molecule",
                "inhibitor",
                "of",
                "jak2",
                "with",
                "a",
                "in",
                "vitro",
                "ic50",
                "of",
                "approximately",
                "3",
                "nm",
                ",",
                "show",
                "therapeutic",
                "efficacy",
                "in",
                "a",
                "murine",
                "model",
                "of",
                "myeloproliferative",
                "disease",
                "induce",
                "by",
                "the",
                "jak2v617f",
                "mutation",
                "."
            ],
            "startOffsets": [
                0,
                3,
                10,
                15,
                23,
                25,
                27,
                37,
                52,
                62,
                65,
                70,
                75,
                78,
                82,
                88,
                93,
                96,
                110,
                112,
                114,
                116,
                122,
                134,
                143,
                146,
                148,
                155,
                161,
                164,
                183,
                191,
                199,
                202,
                206,
                216,
                224
            ],
            "tags": [
                "PRP",
                "VBP",
                "IN",
                "NN",
                ",",
                "DT",
                "JJ",
                "JJ",
                "NN",
                "IN",
                "NN",
                "IN",
                "DT",
                "FW",
                "FW",
                "NN",
                "IN",
                "RB",
                "CD",
                "NN",
                ",",
                "VBZ",
                "JJ",
                "NN",
                "IN",
                "DT",
                "JJ",
                "NN",
                "IN",
                "JJ",
                "NN",
                "VBN",
                "IN",
                "DT",
                "NN",
                "NN",
                "."
            ],
            "words": [
                "We",
                "report",
                "that",
                "TG101348",
                ",",
                "a",
                "selective",
                "small-molecule",
                "inhibitor",
                "of",
                "JAK2",
                "with",
                "an",
                "in",
                "vitro",
                "IC50",
                "of",
                "approximately",
                "3",
                "nM",
                ",",
                "shows",
                "therapeutic",
                "efficacy",
                "in",
                "a",
                "murine",
                "model",
                "of",
                "myeloproliferative",
                "disease",
                "induced",
                "by",
                "the",
                "JAK2V617F",
                "mutation",
                "."
            ]
        },
        {
            "endOffsets": [
                228,
                236,
                244,
                245,
                251,
                255,
                257,
                271,
                283,
                293,
                296,
                307,
                311,
                321,
                327,
                328,
                330,
                335,
                345,
                355,
                356,
                367,
                370,
                385,
                399,
                400,
                404,
                405,
                408,
                414,
                417,
                422,
                432,
                433,
                442,
                446,
                458,
                461,
                475,
                476
            ],
            "entities": [
                "O",
                "O",
                "O",
                "O",
                "O",
                "O",
                "O",
                "O",
                "O",
                "O",
                "O",
                "O",
                "O",
                "B-TissueType",
                "O",
                "O",
                "O",
                "O",
                "O",
                "O",
                "O",
                "O",
                "O",
                "O",
                "B-BioProcess",
                "O",
                "O",
                "O",
                "O",
                "O",
                "O",
                "O",
                "O",
                "O",
                "O",
                "O",
                "O",
                "O",
                "O",
                "O"
            ],
            "graphs": {
                "stanford-basic": {
                    "edges": [
                        {
                            "destination": 2,
                            "relation": "pobj",
                            "source": 0
                        },
                        {
                            "destination": 1,
                            "relation": "amod",
                            "source": 2
                        },
                        {
                            "destination": 0,
                            "relation": "prep",
                            "source": 5
                        },
                        {
                            "destination": 34,
                            "relation": "conj",
                            "source": 5
                        },
                        {
                            "destination": 4,
                            "relation": "expl",
                            "source": 5
                        },
                        {
                            "destination": 9,
                            "relation": "nsubj",
                            "source": 5
                        },
                        {
                            "destination": 26,
                            "relation": "cc",
                            "source": 5
                        },
                        {
                            "destination": 7,
                            "relation": "advmod",
                            "source": 8
                        },
                        {
                            "destination": 17,
                            "relation": "conj",
                            "source": 9
                        },
                        {
                            "destination": 20,
                            "relation": "cc",
                            "source": 9
                        },
                        {
                            "destination": 21,
                            "relation": "conj",
                            "source": 9
                        },
                        {
                            "destination": 6,
                            "relation": "det",
                            "source": 9
                        },
                        {
                            "destination": 8,
                            "relation": "amod",
                            "source": 9
                        },
                        {
                            "destination": 10,
                            "relation": "prep",
                            "source": 9
                        },
                        {
                            "destination": 14,
                            "relation": "pobj",
                            "source": 10
                        },
                        {
                            "destination": 12,
                            "relation": "cc",
                            "source": 11
                        },
                        {
                            "destination": 13,
                            "relation": "conj",
                            "source": 11
                        },
                        {
                            "destination": 11,
                            "relation": "nn",
                            "source": 14
                        },
                        {
                            "destination": 16,
                            "relation": "det",
                            "source": 17
                        },
                        {
                            "destination": 19,
                            "relation": "dep",
                            "source": 17
                        },
                        {
                            "destination": 18,
                            "relation": "amod",
                            "source": 19
                        },
                        {
                            "destination": 22,
                            "relation": "prep",
                            "source": 21
                        },
                        {
                            "destination": 24,
                            "relation": "pobj",
                            "source": 22
                        },
                        {
                            "destination": 23,
                            "relation": "amod",
                            "source": 24
                        },
                        {
                            "destination": 29,
                            "relation": "pobj",
                            "source": 28
                        },
                        {
                            "destination": 32,
                            "relation": "pobj",
                            "source": 30
                        },
                        {
                            "destination": 28,
                            "relation": "advmod",
                            "source": 30
                        },
                        {
                            "destination": 31,
                            "relation": "det",
                            "source": 32
                        },
                        {
                            "destination": 35,
                            "relation": "prep",
                            "source": 34
                        },
                        {
                            "destination": 30,
                            "relation": "dep",
                            "source": 34
                        },
                        {
                            "destination": 36,
                            "relation": "pobj",
                            "source": 35
                        },
                        {
                            "destination": 37,
                            "relation": "prep",
                            "source": 36
                        },
                        {
                            "destination": 38,
                            "relation": "pobj",
                            "source": 37
                        }
                    ],
                    "roots": [
                        5
                    ]
                },
                "stanford-collapsed": {
                    "edges": [
                        {
                            "destination": 1,
                            "relation": "amod",
                            "source": 2
                        },
                        {
                            "destination": 17,
                            "relation": "nsubj",
                            "source": 5
                        },
                        {
                            "destination": 2,
                            "relation": "prep_in",
                            "source": 5
                        },
                        {
                            "destination": 34,
                            "relation": "conj_and",
                            "source": 5
                        },
                        {
                            "destination": 4,
                            "relation": "expl",
                            "source": 5
                        },
                        {
                            "destination": 21,
                            "relation": "nsubj",
                            "source": 5
                        },
                        {
                            "destination": 9,
                            "relation": "nsubj",
                            "source": 5
                        },
                        {
                            "destination": 7,
                            "relation": "advmod",
                            "source": 8
                        },
                        {
                            "destination": 17,
                            "relation": "conj_and",
                            "source": 9
                        },
                        {
                            "destination": 21,
                            "relation": "conj_and",
                            "source": 9
                        },
                        {
                            "destination": 6,
                            "relation": "det",
                            "source": 9
                        },
                        {
                            "destination": 8,
                            "relation": "amod",
                            "source": 9
                        },
                        {
                            "destination": 14,
                            "relation": "prep_in",
                            "source": 9
                        },
                        {
                            "destination": 13,
                            "relation": "conj_and",
                            "source": 11
                        },
                        {
                            "destination": 11,
                            "relation": "nn",
                            "source": 14
                        },
                        {
                            "destination": 13,
                            "relation": "nn",
                            "source": 14
                        },
                        {
                            "destination": 16,
                            "relation": "det",
                            "source": 17
                        },
                        {
                            "destination": 19,
                            "relation": "dep",
                            "source": 17
                        },
                        {
                            "destination": 18,
                            "relation": "amod",
                            "source": 19
                        },
                        {
                            "destination": 24,
                            "relation": "prep_of",
                            "source": 21
                        },
                        {
                            "destination": 23,
                            "relation": "amod",
                            "source": 24
                        },
                        {
                            "destination": 29,
                            "relation": "pobj",
                            "source": 28
                        },
                        {
                            "destination": 32,
                            "relation": "pobj",
                            "source": 30
                        },
                        {
                            "destination": 28,
                            "relation": "advmod",
                            "source": 30
                        },
                        {
                            "destination": 31,
                            "relation": "det",
                            "source": 32
                        },
                        {
                            "destination": 36,
                            "relation": "prep_for",
                            "source": 34
                        },
                        {
                            "destination": 30,
                            "relation": "dep",
                            "source": 34
                        },
                        {
                            "destination": 38,
                            "relation": "prep_of",
                            "source": 36
                        }
                    ],
                    "roots": [
                        5
                    ]
                }
            },
            "lemmas": [
                "in",
                "treated",
                "animal",
                ",",
                "there",
                "be",
                "a",
                "statistically",
                "significant",
                "reduction",
                "in",
                "hematocrit",
                "and",
                "leukocyte",
                "count",
                ",",
                "a",
                "dose",
                "dependent",
                "reduction",
                "and",
                "elimination",
                "of",
                "extramedullary",
                "hematopoiesis",
                ",",
                "and",
                ",",
                "at",
                "least",
                "in",
                "some",
                "instance",
                ",",
                "evidence",
                "for",
                "attenuation",
                "of",
                "myelofibrosis",
                "."
            ],
            "startOffsets": [
                226,
                229,
                237,
                244,
                246,
                252,
                256,
                258,
                272,
                284,
                294,
                297,
                308,
                312,
                322,
                327,
                329,
                331,
                336,
                346,
                355,
                356,
                368,
                371,
                386,
                399,
                401,
                404,
                406,
                409,
                415,
                418,
                423,
                432,
                434,
                443,
                447,
                459,
                462,
                475
            ],
            "tags": [
                "IN",
                "JJ",
                "NNS",
                ",",
                "EX",
                "VBD",
                "DT",
                "RB",
                "JJ",
                "NN",
                "IN",
                "NN",
                "CC",
                "NN",
                "NN",
                ",",
                "DT",
                "NN",
                "JJ",
                "NN",
                "CC",
                "NN",
                "IN",
                "JJ",
                "NN",
                ",",
                "CC",
                ",",
                "IN",
                "JJS",
                "IN",
                "DT",
                "NNS",
                ",",
                "NN",
                "IN",
                "NN",
                "IN",
                "NN",
                "."
            ],
            "words": [
                "In",
                "treated",
                "animals",
                ",",
                "there",
                "was",
                "a",
                "statistically",
                "significant",
                "reduction",
                "in",
                "hematocrit",
                "and",
                "leukocyte",
                "count",
                ",",
                "a",
                "dose",
                "dependent",
                "reduction",
                "and",
                "elimination",
                "of",
                "extramedullary",
                "hematopoiesis",
                ",",
                "and",
                ",",
                "at",
                "least",
                "in",
                "some",
                "instances",
                ",",
                "evidence",
                "for",
                "attenuation",
                "of",
                "myelofibrosis",
                "."
            ]
        },
        {
            "endOffsets": [
                482,
                487,
                490,
                499,
                510,
                514,
                517,
                524,
                527,
                529,
                534,
                541,
                542
            ],
            "entities": [
                "O",
                "O",
                "O",
                "O",
                "O",
                "O",
                "O",
                "O",
                "O",
                "B-TissueType",
                "I-TissueType",
                "O",
                "O"
            ],
            "graphs": {
                "stanford-basic": {
                    "edges": [
                        {
                            "destination": 0,
                            "relation": "expl",
                            "source": 1
                        },
                        {
                            "destination": 4,
                            "relation": "nsubj",
                            "source": 1
                        },
                        {
                            "destination": 2,
                            "relation": "neg",
                            "source": 4
                        },
                        {
                            "destination": 3,
                            "relation": "amod",
                            "source": 4
                        },
                        {
                            "destination": 5,
                            "relation": "cc",
                            "source": 4
                        },
                        {
                            "destination": 7,
                            "relation": "conj",
                            "source": 4
                        },
                        {
                            "destination": 6,
                            "relation": "neg",
                            "source": 7
                        },
                        {
                            "destination": 8,
                            "relation": "prep",
                            "source": 7
                        },
                        {
                            "destination": 11,
                            "relation": "pobj",
                            "source": 8
                        },
                        {
                            "destination": 9,
                            "relation": "nn",
                            "source": 11
                        },
                        {
                            "destination": 10,
                            "relation": "nn",
                            "source": 11
                        }
                    ],
                    "roots": [
                        1
                    ]
                },
                "stanford-collapsed": {
                    "edges": [
                        {
                            "destination": 0,
                            "relation": "expl",
                            "source": 1
                        },
                        {
                            "destination": 4,
                            "relation": "nsubj",
                            "source": 1
                        },
                        {
                            "destination": 7,
                            "relation": "nsubj",
                            "source": 1
                        },
                        {
                            "destination": 2,
                            "relation": "neg",
                            "source": 4
                        },
                        {
                            "destination": 3,
                            "relation": "amod",
                            "source": 4
                        },
                        {
                            "destination": 7,
                            "relation": "conj_and",
                            "source": 4
                        },
                        {
                            "destination": 6,
                            "relation": "neg",
                            "source": 7
                        },
                        {
                            "destination": 11,
                            "relation": "prep_on",
                            "source": 7
                        },
                        {
                            "destination": 9,
                            "relation": "nn",
                            "source": 11
                        },
                        {
                            "destination": 10,
                            "relation": "nn",
                            "source": 11
                        }
                    ],
                    "roots": [
                        1
                    ]
                }
            },
            "lemmas": [
                "there",
                "be",
                "no",
                "apparent",
                "toxicity",
                "and",
                "no",
                "effect",
                "on",
                "t",
                "cell",
                "number",
                "."
            ],
            "startOffsets": [
                477,
                483,
                488,
                491,
                500,
                511,
                515,
                518,
                525,
                528,
                530,
                535,
                541
            ],
            "tags": [
                "EX",
                "VBD",
                "DT",
                "JJ",
                "NNS",
                "CC",
                "DT",
                "NN",
                "IN",
                "NN",
                "NN",
                "NN",
                "."
            ],
            "words": [
                "There",
                "were",
                "no",
                "apparent",
                "toxicities",
                "and",
                "no",
                "effect",
                "on",
                "T",
                "cell",
                "number",
                "."
            ]
        },
        {
            "endOffsets": [
                545,
                550,
                560,
                565,
                576,
                581,
                591,
                601,
                602,
                612,
                622,
                623,
                634,
                637,
                647,
                655,
                662,
                671,
                674,
                687,
                695,
                699,
                700,
                712,
                715,
                726,
                736,
                743,
                753,
                754,
                758,
                761,
                766,
                777,
                780,
                789,
                796,
                810,
                813,
                822,
                825,
                830,
                841,
                853,
                856,
                871,
                877,
                878
            ],
            "entities": [
                "O",
                "O",
                "O",
                "O",
                "O",
                "O",
                "O",
                "O",
                "O",
                "O",
                "O",
                "O",
                "O",
                "O",
                "B-Gene_or_gene_product",
                "I-Gene_or_gene_product",
                "I-Gene_or_gene_product",
                "O",
                "O",
                "O",
                "O",
                "O",
                "O",
                "O",
                "O",
                "O",
                "O",
                "O",
                "O",
                "O",
                "O",
                "O",
                "O",
                "O",
                "O",
                "B-Gene_or_gene_product",
                "B-BioProcess",
                "I-BioProcess",
                "O",
                "O",
                "O",
                "O",
                "O",
                "O",
                "O",
                "O",
                "B-Family",
                "O"
            ],
            "graphs": {
                "stanford-basic": {
                    "edges": [
                        {
                            "destination": 0,
                            "relation": "nn",
                            "source": 2
                        },
                        {
                            "destination": 1,
                            "relation": "nn",
                            "source": 2
                        },
                        {
                            "destination": 4,
                            "relation": "rcmod",
                            "source": 2
                        },
                        {
                            "destination": 3,
                            "relation": "auxpass",
                            "source": 4
                        },
                        {
                            "destination": 5,
                            "relation": "prep",
                            "source": 4
                        },
                        {
                            "destination": 7,
                            "relation": "pobj",
                            "source": 5
                        },
                        {
                            "destination": 6,
                            "relation": "amod",
                            "source": 7
                        },
                        {
                            "destination": 10,
                            "relation": "pobj",
                            "source": 9
                        },
                        {
                            "destination": 11,
                            "relation": "cc",
                            "source": 10
                        },
                        {
                            "destination": 12,
                            "relation": "conj",
                            "source": 10
                        },
                        {
                            "destination": 13,
                            "relation": "prep",
                            "source": 10
                        },
                        {
                            "destination": 16,
                            "relation": "pobj",
                            "source": 13
                        },
                        {
                            "destination": 15,
                            "relation": "nn",
                            "source": 16
                        },
                        {
                            "destination": 17,
                            "relation": "vmod",
                            "source": 16
                        },
                        {
                            "destination": 14,
                            "relation": "nn",
                            "source": 16
                        },
                        {
                            "destination": 18,
                            "relation": "prep",
                            "source": 17
                        },
                        {
                            "destination": 21,
                            "relation": "pobj",
                            "source": 18
                        },
                        {
                            "destination": 19,
                            "relation": "amod",
                            "source": 21
                        },
                        {
                            "destination": 20,
                            "relation": "amod",
                            "source": 21
                        },
                        {
                            "destination": 31,
                            "relation": "conj",
                            "source": 23
                        },
                        {
                            "destination": 24,
                            "relation": "prep",
                            "source": 23
                        },
                        {
                            "destination": 30,
                            "relation": "cc",
                            "source": 23
                        },
                        {
                            "destination": 28,
                            "relation": "pobj",
                            "source": 24
                        },
                        {
                            "destination": 25,
                            "relation": "amod",
                            "source": 28
                        },
                        {
                            "destination": 26,
                            "relation": "amod",
                            "source": 28
                        },
                        {
                            "destination": 27,
                            "relation": "nn",
                            "source": 28
                        },
                        {
                            "destination": 32,
                            "relation": "pobj",
                            "source": 31
                        },
                        {
                            "destination": 34,
                            "relation": "prep",
                            "source": 33
                        },
                        {
                            "destination": 23,
                            "relation": "nn",
                            "source": 33
                        },
                        {
                            "destination": 37,
                            "relation": "pobj",
                            "source": 34
                        },
                        {
                            "destination": 35,
                            "relation": "nn",
                            "source": 37
                        },
                        {
                            "destination": 36,
                            "relation": "nn",
                            "source": 37
                        },
                        {
                            "destination": 33,
                            "relation": "nsubj",
                            "source": 39
                        },
                        {
                            "destination": 2,
                            "relation": "nsubj",
                            "source": 39
                        },
                        {
                            "destination": 38,
                            "relation": "advmod",
                            "source": 39
                        },
                        {
                            "destination": 40,
                            "relation": "prep",
                            "source": 39
                        },
                        {
                            "destination": 9,
                            "relation": "prep",
                            "source": 39
                        },
                        {
                            "destination": 43,
                            "relation": "pobj",
                            "source": 40
                        },
                        {
                            "destination": 41,
                            "relation": "nn",
                            "source": 43
                        },
                        {
                            "destination": 42,
                            "relation": "amod",
                            "source": 43
                        },
                        {
                            "destination": 44,
                            "relation": "prep",
                            "source": 43
                        },
                        {
                            "destination": 45,
                            "relation": "pcomp",
                            "source": 44
                        },
                        {
                            "destination": 46,
                            "relation": "dobj",
                            "source": 45
                        }
                    ],
                    "roots": [
                        39
                    ]
                },
                "stanford-collapsed": {
                    "edges": [
                        {
                            "destination": 0,
                            "relation": "nn",
                            "source": 2
                        },
                        {
                            "destination": 1,
                            "relation": "nn",
                            "source": 2
                        },
                        {
                            "destination": 4,
                            "relation": "rcmod",
                            "source": 2
                        },
                        {
                            "destination": 3,
                            "relation": "auxpass",
                            "source": 4
                        },
                        {
                            "destination": 7,
                            "relation": "prep_with",
                            "source": 4
                        },
                        {
                            "destination": 6,
                            "relation": "amod",
                            "source": 7
                        },
                        {
                            "destination": 16,
                            "relation": "prep_of",
                            "source": 10
                        },
                        {
                            "destination": 12,
                            "relation": "conj_and",
                            "source": 10
                        },
                        {
                            "destination": 15,
                            "relation": "nn",
                            "source": 16
                        },
                        {
                            "destination": 17,
                            "relation": "vmod",
                            "source": 16
                        },
                        {
                            "destination": 14,
                            "relation": "nn",
                            "source": 16
                        },
                        {
                            "destination": 21,
                            "relation": "agent",
                            "source": 17
                        },
                        {
                            "destination": 19,
                            "relation": "amod",
                            "source": 21
                        },
                        {
                            "destination": 20,
                            "relation": "amod",
                            "source": 21
                        },
                        {
                            "destination": 31,
                            "relation": "conj_and",
                            "source": 23
                        },
                        {
                            "destination": 28,
                            "relation": "prep_of",
                            "source": 23
                        },
                        {
                            "destination": 25,
                            "relation": "amod",
                            "source": 28
                        },
                        {
                            "destination": 26,
                            "relation": "amod",
                            "source": 28
                        },
                        {
                            "destination": 27,
                            "relation": "nn",
                            "source": 28
                        },
                        {
                            "destination": 32,
                            "relation": "pobj",
                            "source": 31
                        },
                        {
                            "destination": 31,
                            "relation": "nn",
                            "source": 33
                        },
                        {
                            "destination": 37,
                            "relation": "prep_of",
                            "source": 33
                        },
                        {
                            "destination": 23,
                            "relation": "nn",
                            "source": 33
                        },
                        {
                            "destination": 35,
                            "relation": "nn",
                            "source": 37
                        },
                        {
                            "destination": 36,
                            "relation": "nn",
                            "source": 37
                        },
                        {
                            "destination": 33,
                            "relation": "nsubj",
                            "source": 39
                        },
                        {
                            "destination": 2,
                            "relation": "nsubj",
                            "source": 39
                        },
                        {
                            "destination": 38,
                            "relation": "advmod",
                            "source": 39
                        },
                        {
                            "destination": 10,
                            "relation": "prep_including",
                            "source": 39
                        },
                        {
                            "destination": 43,
                            "relation": "prep_by",
                            "source": 39
                        },
                        {
                            "destination": 12,
                            "relation": "prep_including",
                            "source": 39
                        },
                        {
                            "destination": 41,
                            "relation": "nn",
                            "source": 43
                        },
                        {
                            "destination": 42,
                            "relation": "amod",
                            "source": 43
                        },
                        {
                            "destination": 45,
                            "relation": "prepc_of",
                            "source": 43
                        },
                        {
                            "destination": 46,
                            "relation": "dobj",
                            "source": 45
                        }
                    ],
                    "roots": [
                        39
                    ]
                }
            },
            "lemmas": [
                "in",
                "vivo",
                "response",
                "be",
                "correlate",
                "with",
                "surrogate",
                "endpoint",
                ",",
                "include",
                "reduction",
                "and",
                "elimination",
                "of",
                "jak2v617f",
                "disease",
                "burden",
                "assess",
                "by",
                "quantitative",
                "genomic",
                "pcr",
                ",",
                "suppression",
                "of",
                "endogenous",
                "erythroid",
                "colony",
                "formation",
                ",",
                "and",
                "in",
                "vivo",
                "inhibition",
                "of",
                "jak-stat",
                "signal",
                "transduction",
                "as",
                "assess",
                "by",
                "flow",
                "cytometric",
                "measurement",
                "of",
                "phosphorylate",
                "stat5",
                "."
            ],
            "startOffsets": [
                543,
                546,
                551,
                561,
                566,
                577,
                582,
                592,
                601,
                603,
                613,
                622,
                623,
                635,
                638,
                648,
                656,
                663,
                672,
                675,
                688,
                696,
                699,
                701,
                713,
                716,
                727,
                737,
                744,
                753,
                755,
                759,
                762,
                767,
                778,
                781,
                790,
                798,
                811,
                814,
                823,
                826,
                831,
                842,
                854,
                857,
                872,
                877
            ],
            "tags": [
                "FW",
                "FW",
                "NNS",
                "VBD",
                "VBN",
                "IN",
                "JJ",
                "NNS",
                ",",
                "VBG",
                "NN",
                "CC",
                "NN",
                "IN",
                "NN",
                "NN",
                "NN",
                "VBN",
                "IN",
                "JJ",
                "JJ",
                "NN",
                ",",
                "NN",
                "IN",
                "JJ",
                "JJ",
                "NN",
                "NN",
                ",",
                "CC",
                "FW",
                "FW",
                "NN",
                "IN",
                "NN",
                "NN",
                "NN",
                "IN",
                "VBN",
                "IN",
                "NN",
                "JJ",
                "NN",
                "IN",
                "VBN",
                "NN",
                "."
            ],
            "words": [
                "In",
                "vivo",
                "responses",
                "were",
                "correlated",
                "with",
                "surrogate",
                "endpoints",
                ",",
                "including",
                "reduction",
                "and",
                "elimination",
                "of",
                "JAK2V617F",
                "disease",
                "burden",
                "assessed",
                "by",
                "quantitative",
                "genomic",
                "PCR",
                ",",
                "suppression",
                "of",
                "endogenous",
                "erythroid",
                "colony",
                "formation",
                ",",
                "and",
                "in",
                "vivo",
                "inhibition",
                "of",
                "JAK-STAT",
                "signal",
                "transduction",
                "as",
                "assessed",
                "by",
                "flow",
                "cytometric",
                "measurement",
                "of",
                "phosphorylated",
                "Stat5",
                "."
            ]
        }
    ],
    "text": "We report that TG101348, a selective small-molecule inhibitor of JAK2 with an in \nvitro IC50 of approximately 3 nM, shows therapeutic efficacy in a murine model of\nmyeloproliferative disease induced by the JAK2V617F mutation. In treated animals,\nthere was a statistically significant reduction in hematocrit and leukocyte\ncount, a dose-dependent reduction/elimination of extramedullary hematopoiesis,\nand, at least in some instances, evidence for attenuation of myelofibrosis. There\nwere no apparent toxicities and no effect on T cell number. In vivo responses\nwere correlated with surrogate endpoints, including reduction/elimination of\nJAK2V617F disease burden assessed by quantitative genomic PCR, suppression of\nendogenous erythroid colony formation, and in vivo inhibition of JAK-STAT signal \ntransduction as assessed by flow cytometric measurement of phosphorylated Stat5."
}