{
    "id": "18757403",
    "sentences": [
        {
            "endOffsets": [
                4,
                15,
                19,
                24,
                37,
                41,
                50,
                57,
                60,
                72,
                86,
                87,
                97,
                100,
                103,
                104,
                107,
                110,
                111,
                115,
                118,
                119,
                122,
                125,
                126,
                129,
                141,
                149,
                150,
                163,
                164
            ],
            "entities": [
                "B-Gene_or_gene_product",
                "O",
                "O",
                "B-Gene_or_gene_product",
                "O",
                "O",
                "O",
                "O",
                "O",
                "O",
                "O",
                "O",
                "O",
                "O",
                "O",
                "O",
                "O",
                "O",
                "O",
                "O",
                "O",
                "O",
                "O",
                "O",
                "O",
                "O",
                "O",
                "O",
                "O",
                "O",
                "O"
            ],
            "graphs": {
                "stanford-basic": {
                    "edges": [
                        {
                            "destination": 0,
                            "relation": "nn",
                            "source": 1
                        },
                        {
                            "destination": 2,
                            "relation": "cc",
                            "source": 1
                        },
                        {
                            "destination": 4,
                            "relation": "conj",
                            "source": 1
                        },
                        {
                            "destination": 3,
                            "relation": "nn",
                            "source": 4
                        },
                        {
                            "destination": 1,
                            "relation": "nsubj",
                            "source": 7
                        },
                        {
                            "destination": 5,
                            "relation": "cop",
                            "source": 7
                        },
                        {
                            "destination": 6,
                            "relation": "amod",
                            "source": 7
                        },
                        {
                            "destination": 8,
                            "relation": "prep",
                            "source": 7
                        },
                        {
                            "destination": 12,
                            "relation": "vmod",
                            "source": 7
                        },
                        {
                            "destination": 10,
                            "relation": "pobj",
                            "source": 8
                        },
                        {
                            "destination": 9,
                            "relation": "amod",
                            "source": 10
                        },
                        {
                            "destination": 13,
                            "relation": "prep",
                            "source": 12
                        },
                        {
                            "destination": 29,
                            "relation": "advmod",
                            "source": 12
                        },
                        {
                            "destination": 18,
                            "relation": "pobj",
                            "source": 13
                        },
                        {
                            "destination": 15,
                            "relation": "dep",
                            "source": 18
                        },
                        {
                            "destination": 16,
                            "relation": "dep",
                            "source": 18
                        },
                        {
                            "destination": 17,
                            "relation": "number",
                            "source": 18
                        },
                        {
                            "destination": 19,
                            "relation": "cc",
                            "source": 18
                        },
                        {
                            "destination": 24,
                            "relation": "conj",
                            "source": 18
                        },
                        {
                            "destination": 25,
                            "relation": "prep",
                            "source": 18
                        },
                        {
                            "destination": 14,
                            "relation": "number",
                            "source": 18
                        },
                        {
                            "destination": 20,
                            "relation": "number",
                            "source": 24
                        },
                        {
                            "destination": 21,
                            "relation": "dep",
                            "source": 24
                        },
                        {
                            "destination": 22,
                            "relation": "dep",
                            "source": 24
                        },
                        {
                            "destination": 23,
                            "relation": "number",
                            "source": 24
                        },
                        {
                            "destination": 27,
                            "relation": "pobj",
                            "source": 25
                        },
                        {
                            "destination": 26,
                            "relation": "amod",
                            "source": 27
                        }
                    ],
                    "roots": [
                        7
                    ]
                },
                "stanford-collapsed": {
                    "edges": [
                        {
                            "destination": 0,
                            "relation": "nn",
                            "source": 1
                        },
                        {
                            "destination": 4,
                            "relation": "conj_and",
                            "source": 1
                        },
                        {
                            "destination": 3,
                            "relation": "nn",
                            "source": 4
                        },
                        {
                            "destination": 1,
                            "relation": "nsubj",
                            "source": 7
                        },
                        {
                            "destination": 4,
                            "relation": "nsubj",
                            "source": 7
                        },
                        {
                            "destination": 5,
                            "relation": "cop",
                            "source": 7
                        },
                        {
                            "destination": 6,
                            "relation": "amod",
                            "source": 7
                        },
                        {
                            "destination": 10,
                            "relation": "prep_in",
                            "source": 7
                        },
                        {
                            "destination": 12,
                            "relation": "vmod",
                            "source": 7
                        },
                        {
                            "destination": 9,
                            "relation": "amod",
                            "source": 10
                        },
                        {
                            "destination": 18,
                            "relation": "prep_in",
                            "source": 12
                        },
                        {
                            "destination": 24,
                            "relation": "prep_in",
                            "source": 12
                        },
                        {
                            "destination": 29,
                            "relation": "advmod",
                            "source": 12
                        },
                        {
                            "destination": 15,
                            "relation": "dep",
                            "source": 18
                        },
                        {
                            "destination": 16,
                            "relation": "dep",
                            "source": 18
                        },
                        {
                            "destination": 17,
                            "relation": "number",
                            "source": 18
                        },
                        {
                            "destination": 24,
                            "relation": "conj_and",
                            "source": 18
                        },
                        {
                            "destination": 27,
                            "relation": "prep_of",
                            "source": 18
                        },
                        {
                            "destination": 14,
                            "relation": "number",
                            "source": 18
                        },
                        {
                            "destination": 20,
                            "relation": "number",
                            "source": 24
                        },
                        {
                            "destination": 21,
                            "relation": "dep",
                            "source": 24
                        },
                        {
                            "destination": 22,
                            "relation": "dep",
                            "source": 24
                        },
                        {
                            "destination": 23,
                            "relation": "number",
                            "source": 24
                        },
                        {
                            "destination": 26,
                            "relation": "amod",
                            "source": 27
                        }
                    ],
                    "roots": [
                        7
                    ]
                }
            },
            "lemmas": [
                "KRAS",
                "activation",
                "and",
                "pten",
                "inactivation",
                "be",
                "frequent",
                "event",
                "in",
                "endometrial",
                "tumorigenesis",
                ",",
                "occur",
                "in",
                "10",
                "%",
                "to",
                "30",
                "%",
                "and",
                "26",
                "%",
                "to",
                "80",
                "%",
                "of",
                "endometrial",
                "cancer",
                ",",
                "respectively",
                "."
            ],
            "startOffsets": [
                0,
                5,
                16,
                20,
                25,
                38,
                42,
                51,
                58,
                61,
                73,
                86,
                88,
                98,
                101,
                103,
                105,
                108,
                110,
                112,
                116,
                118,
                120,
                123,
                125,
                127,
                130,
                142,
                149,
                151,
                163
            ],
            "tags": [
                "NNP",
                "NN",
                "CC",
                "NN",
                "NN",
                "VBP",
                "JJ",
                "NNS",
                "IN",
                "JJ",
                "NN",
                ",",
                "VBG",
                "IN",
                "CD",
                "NN",
                "TO",
                "CD",
                "NN",
                "CC",
                "CD",
                "NN",
                "TO",
                "CD",
                "NN",
                "IN",
                "JJ",
                "NNS",
                ",",
                "RB",
                "."
            ],
            "words": [
                "KRAS",
                "activation",
                "and",
                "PTEN",
                "inactivation",
                "are",
                "frequent",
                "events",
                "in",
                "endometrial",
                "tumorigenesis",
                ",",
                "occurring",
                "in",
                "10",
                "%",
                "to",
                "30",
                "%",
                "and",
                "26",
                "%",
                "to",
                "80",
                "%",
                "of",
                "endometrial",
                "cancers",
                ",",
                "respectively",
                "."
            ]
        },
        {
            "endOffsets": [
                172,
                175,
                180,
                189,
                195,
                206,
                216,
                219,
                230,
                237,
                244,
                253,
                255,
                257,
                262,
                263,
                266,
                269,
                270,
                273,
                286,
                298,
                306,
                307,
                310,
                317,
                320,
                330,
                334,
                342,
                350,
                353,
                359,
                365,
                375,
                381,
                382
            ],
            "entities": [
                "O",
                "O",
                "O",
                "O",
                "O",
                "O",
                "O",
                "O",
                "B-Gene_or_gene_product",
                "I-Gene_or_gene_product",
                "I-Gene_or_gene_product",
                "I-Gene_or_gene_product",
                "I-Gene_or_gene_product",
                "O",
                "B-Gene_or_gene_product",
                "O",
                "O",
                "O",
                "O",
                "O",
                "O",
                "O",
                "O",
                "O",
                "O",
                "O",
                "O",
                "O",
                "O",
                "O",
                "O",
                "O",
                "O",
                "B-Gene_or_gene_product",
                "O",
                "O",
                "O"
            ],
            "graphs": {
                "stanford-basic": {
                    "edges": [
                        {
                            "destination": 0,
                            "relation": "mark",
                            "source": 4
                        },
                        {
                            "destination": 1,
                            "relation": "nsubj",
                            "source": 4
                        },
                        {
                            "destination": 2,
                            "relation": "aux",
                            "source": 4
                        },
                        {
                            "destination": 3,
                            "relation": "advmod",
                            "source": 4
                        },
                        {
                            "destination": 5,
                            "relation": "xcomp",
                            "source": 4
                        },
                        {
                            "destination": 6,
                            "relation": "dobj",
                            "source": 5
                        },
                        {
                            "destination": 7,
                            "relation": "prep",
                            "source": 5
                        },
                        {
                            "destination": 14,
                            "relation": "pobj",
                            "source": 7
                        },
                        {
                            "destination": 16,
                            "relation": "prep",
                            "source": 14
                        },
                        {
                            "destination": 8,
                            "relation": "nn",
                            "source": 14
                        },
                        {
                            "destination": 9,
                            "relation": "nn",
                            "source": 14
                        },
                        {
                            "destination": 10,
                            "relation": "nn",
                            "source": 14
                        },
                        {
                            "destination": 11,
                            "relation": "nn",
                            "source": 14
                        },
                        {
                            "destination": 12,
                            "relation": "num",
                            "source": 14
                        },
                        {
                            "destination": 18,
                            "relation": "pobj",
                            "source": 16
                        },
                        {
                            "destination": 17,
                            "relation": "num",
                            "source": 18
                        },
                        {
                            "destination": 19,
                            "relation": "prep",
                            "source": 18
                        },
                        {
                            "destination": 22,
                            "relation": "pobj",
                            "source": 19
                        },
                        {
                            "destination": 20,
                            "relation": "amod",
                            "source": 22
                        },
                        {
                            "destination": 21,
                            "relation": "amod",
                            "source": 22
                        },
                        {
                            "destination": 4,
                            "relation": "advcl",
                            "source": 25
                        },
                        {
                            "destination": 24,
                            "relation": "nsubj",
                            "source": 25
                        },
                        {
                            "destination": 27,
                            "relation": "xcomp",
                            "source": 25
                        },
                        {
                            "destination": 26,
                            "relation": "aux",
                            "source": 27
                        },
                        {
                            "destination": 30,
                            "relation": "dobj",
                            "source": 27
                        },
                        {
                            "destination": 35,
                            "relation": "rcmod",
                            "source": 30
                        },
                        {
                            "destination": 28,
                            "relation": "det",
                            "source": 30
                        },
                        {
                            "destination": 29,
                            "relation": "amod",
                            "source": 30
                        },
                        {
                            "destination": 32,
                            "relation": "pobj",
                            "source": 31
                        },
                        {
                            "destination": 33,
                            "relation": "nn",
                            "source": 34
                        },
                        {
                            "destination": 31,
                            "relation": "prep",
                            "source": 35
                        },
                        {
                            "destination": 34,
                            "relation": "nsubj",
                            "source": 35
                        }
                    ],
                    "roots": [
                        25
                    ]
                },
                "stanford-collapsed": {
                    "edges": [
                        {
                            "destination": 0,
                            "relation": "mark",
                            "source": 4
                        },
                        {
                            "destination": 1,
                            "relation": "nsubj",
                            "source": 4
                        },
                        {
                            "destination": 2,
                            "relation": "aux",
                            "source": 4
                        },
                        {
                            "destination": 3,
                            "relation": "advmod",
                            "source": 4
                        },
                        {
                            "destination": 5,
                            "relation": "xcomp",
                            "source": 4
                        },
                        {
                            "destination": 6,
                            "relation": "dobj",
                            "source": 5
                        },
                        {
                            "destination": 14,
                            "relation": "prep_in",
                            "source": 5
                        },
                        {
                            "destination": 18,
                            "relation": "prep_in",
                            "source": 14
                        },
                        {
                            "destination": 8,
                            "relation": "nn",
                            "source": 14
                        },
                        {
                            "destination": 9,
                            "relation": "nn",
                            "source": 14
                        },
                        {
                            "destination": 10,
                            "relation": "nn",
                            "source": 14
                        },
                        {
                            "destination": 11,
                            "relation": "nn",
                            "source": 14
                        },
                        {
                            "destination": 12,
                            "relation": "num",
                            "source": 14
                        },
                        {
                            "destination": 17,
                            "relation": "num",
                            "source": 18
                        },
                        {
                            "destination": 22,
                            "relation": "prep_of",
                            "source": 18
                        },
                        {
                            "destination": 20,
                            "relation": "amod",
                            "source": 22
                        },
                        {
                            "destination": 21,
                            "relation": "amod",
                            "source": 22
                        },
                        {
                            "destination": 4,
                            "relation": "advcl",
                            "source": 25
                        },
                        {
                            "destination": 24,
                            "relation": "nsubj",
                            "source": 25
                        },
                        {
                            "destination": 27,
                            "relation": "xcomp",
                            "source": 25
                        },
                        {
                            "destination": 26,
                            "relation": "aux",
                            "source": 27
                        },
                        {
                            "destination": 30,
                            "relation": "dobj",
                            "source": 27
                        },
                        {
                            "destination": 35,
                            "relation": "rcmod",
                            "source": 30
                        },
                        {
                            "destination": 28,
                            "relation": "det",
                            "source": 30
                        },
                        {
                            "destination": 29,
                            "relation": "amod",
                            "source": 30
                        },
                        {
                            "destination": 33,
                            "relation": "nn",
                            "source": 34
                        },
                        {
                            "destination": 32,
                            "relation": "prep_in",
                            "source": 35
                        },
                        {
                            "destination": 34,
                            "relation": "nsubj",
                            "source": 35
                        }
                    ],
                    "roots": [
                        25
                    ]
                }
            },
            "lemmas": [
                "because",
                "we",
                "have",
                "recently",
                "show",
                "activate",
                "mutation",
                "in",
                "fibroblast",
                "growth",
                "factor",
                "receptor",
                "2",
                "(",
                "fgfr2",
                ")",
                "in",
                "16",
                "%",
                "of",
                "endometrioid",
                "endometrial",
                "cancer",
                ",",
                "we",
                "seek",
                "to",
                "determine",
                "the",
                "genetic",
                "context",
                "in",
                "which",
                "fgfr2",
                "mutation",
                "occur",
                "."
            ],
            "startOffsets": [
                165,
                173,
                176,
                181,
                190,
                196,
                207,
                217,
                220,
                231,
                238,
                245,
                254,
                256,
                257,
                262,
                264,
                267,
                269,
                271,
                274,
                287,
                299,
                306,
                308,
                311,
                318,
                321,
                331,
                335,
                343,
                351,
                354,
                360,
                366,
                376,
                381
            ],
            "tags": [
                "IN",
                "PRP",
                "VBP",
                "RB",
                "VBN",
                "VBG",
                "NNS",
                "IN",
                "NN",
                "NN",
                "NN",
                "NN",
                "CD",
                "-LRB-",
                "NN",
                "-RRB-",
                "IN",
                "CD",
                "NN",
                "IN",
                "JJ",
                "JJ",
                "NNS",
                ",",
                "PRP",
                "VBD",
                "TO",
                "VB",
                "DT",
                "JJ",
                "NN",
                "IN",
                "WDT",
                "NN",
                "NNS",
                "VBP",
                "."
            ],
            "words": [
                "Because",
                "we",
                "have",
                "recently",
                "shown",
                "activating",
                "mutations",
                "in",
                "fibroblast",
                "growth",
                "factor",
                "receptor",
                "2",
                "(",
                "FGFR2",
                ")",
                "in",
                "16",
                "%",
                "of",
                "endometrioid",
                "endometrial",
                "cancers",
                ",",
                "we",
                "sought",
                "to",
                "determine",
                "the",
                "genetic",
                "context",
                "in",
                "which",
                "FGFR2",
                "mutations",
                "occur",
                "."
            ]
        },
        {
            "endOffsets": [
                391,
                395,
                399,
                407,
                420,
                432,
                440,
                449,
                454,
                460,
                464,
                469,
                479,
                484,
                493,
                503,
                504,
                512,
                518,
                528,
                533,
                538,
                552,
                557,
                562,
                572,
                573
            ],
            "entities": [
                "O",
                "O",
                "O",
                "O",
                "O",
                "O",
                "O",
                "O",
                "O",
                "B-Gene_or_gene_product",
                "O",
                "B-Gene_or_gene_product",
                "O",
                "O",
                "O",
                "O",
                "O",
                "O",
                "B-Gene_or_gene_product",
                "O",
                "O",
                "O",
                "O",
                "O",
                "B-Gene_or_gene_product",
                "O",
                "O"
            ],
            "graphs": {
                "stanford-basic": {
                    "edges": [
                        {
                            "destination": 1,
                            "relation": "prep",
                            "source": 0
                        },
                        {
                            "destination": 6,
                            "relation": "pobj",
                            "source": 1
                        },
                        {
                            "destination": 2,
                            "relation": "num",
                            "source": 6
                        },
                        {
                            "destination": 3,
                            "relation": "amod",
                            "source": 6
                        },
                        {
                            "destination": 4,
                            "relation": "amod",
                            "source": 6
                        },
                        {
                            "destination": 5,
                            "relation": "amod",
                            "source": 6
                        },
                        {
                            "destination": 15,
                            "relation": "ccomp",
                            "source": 7
                        },
                        {
                            "destination": 0,
                            "relation": "nsubj",
                            "source": 7
                        },
                        {
                            "destination": 10,
                            "relation": "cc",
                            "source": 9
                        },
                        {
                            "destination": 11,
                            "relation": "conj",
                            "source": 9
                        },
                        {
                            "destination": 9,
                            "relation": "nn",
                            "source": 12
                        },
                        {
                            "destination": 21,
                            "relation": "advcl",
                            "source": 15
                        },
                        {
                            "destination": 8,
                            "relation": "mark",
                            "source": 15
                        },
                        {
                            "destination": 12,
                            "relation": "nsubj",
                            "source": 15
                        },
                        {
                            "destination": 13,
                            "relation": "cop",
                            "source": 15
                        },
                        {
                            "destination": 14,
                            "relation": "advmod",
                            "source": 15
                        },
                        {
                            "destination": 18,
                            "relation": "nn",
                            "source": 19
                        },
                        {
                            "destination": 17,
                            "relation": "mark",
                            "source": 21
                        },
                        {
                            "destination": 19,
                            "relation": "nsubjpass",
                            "source": 21
                        },
                        {
                            "destination": 20,
                            "relation": "auxpass",
                            "source": 21
                        },
                        {
                            "destination": 22,
                            "relation": "advmod",
                            "source": 21
                        },
                        {
                            "destination": 23,
                            "relation": "prep",
                            "source": 21
                        },
                        {
                            "destination": 25,
                            "relation": "pobj",
                            "source": 23
                        },
                        {
                            "destination": 24,
                            "relation": "nn",
                            "source": 25
                        }
                    ],
                    "roots": [
                        7
                    ]
                },
                "stanford-collapsed": {
                    "edges": [
                        {
                            "destination": 6,
                            "relation": "prep_of",
                            "source": 0
                        },
                        {
                            "destination": 2,
                            "relation": "num",
                            "source": 6
                        },
                        {
                            "destination": 3,
                            "relation": "amod",
                            "source": 6
                        },
                        {
                            "destination": 4,
                            "relation": "amod",
                            "source": 6
                        },
                        {
                            "destination": 5,
                            "relation": "amod",
                            "source": 6
                        },
                        {
                            "destination": 15,
                            "relation": "ccomp",
                            "source": 7
                        },
                        {
                            "destination": 0,
                            "relation": "nsubj",
                            "source": 7
                        },
                        {
                            "destination": 11,
                            "relation": "conj_and",
                            "source": 9
                        },
                        {
                            "destination": 9,
                            "relation": "nn",
                            "source": 12
                        },
                        {
                            "destination": 11,
                            "relation": "nn",
                            "source": 12
                        },
                        {
                            "destination": 21,
                            "relation": "advcl",
                            "source": 15
                        },
                        {
                            "destination": 8,
                            "relation": "mark",
                            "source": 15
                        },
                        {
                            "destination": 12,
                            "relation": "nsubj",
                            "source": 15
                        },
                        {
                            "destination": 13,
                            "relation": "cop",
                            "source": 15
                        },
                        {
                            "destination": 14,
                            "relation": "advmod",
                            "source": 15
                        },
                        {
                            "destination": 18,
                            "relation": "nn",
                            "source": 19
                        },
                        {
                            "destination": 17,
                            "relation": "mark",
                            "source": 21
                        },
                        {
                            "destination": 19,
                            "relation": "nsubjpass",
                            "source": 21
                        },
                        {
                            "destination": 20,
                            "relation": "auxpass",
                            "source": 21
                        },
                        {
                            "destination": 22,
                            "relation": "advmod",
                            "source": 21
                        },
                        {
                            "destination": 25,
                            "relation": "prep_with",
                            "source": 21
                        },
                        {
                            "destination": 24,
                            "relation": "nn",
                            "source": 25
                        }
                    ],
                    "roots": [
                        7
                    ]
                }
            },
            "lemmas": [
                "analysis",
                "of",
                "116",
                "primary",
                "endometrioid",
                "endometrial",
                "cancer",
                "reveal",
                "that",
                "fgfr2",
                "and",
                "kra",
                "mutation",
                "be",
                "mutually",
                "exclusive",
                ",",
                "whereas",
                "fgfr2",
                "mutation",
                "be",
                "see",
                "concomitantly",
                "with",
                "pten",
                "mutation",
                "."
            ],
            "startOffsets": [
                383,
                393,
                396,
                400,
                408,
                421,
                433,
                441,
                450,
                455,
                461,
                465,
                470,
                480,
                485,
                494,
                503,
                505,
                513,
                519,
                529,
                534,
                539,
                553,
                558,
                563,
                572
            ],
            "tags": [
                "NN",
                "IN",
                "CD",
                "JJ",
                "JJ",
                "JJ",
                "NNS",
                "VBD",
                "IN",
                "NN",
                "CC",
                "NN",
                "NNS",
                "VBD",
                "RB",
                "JJ",
                ",",
                "IN",
                "NN",
                "NNS",
                "VBD",
                "VBN",
                "RB",
                "IN",
                "NN",
                "NNS",
                "."
            ],
            "words": [
                "Analysis",
                "of",
                "116",
                "primary",
                "endometrioid",
                "endometrial",
                "cancers",
                "revealed",
                "that",
                "FGFR2",
                "and",
                "KRAS",
                "mutations",
                "were",
                "mutually",
                "exclusive",
                ",",
                "whereas",
                "FGFR2",
                "mutations",
                "were",
                "seen",
                "concomitantly",
                "with",
                "PTEN",
                "mutations",
                "."
            ]
        },
        {
            "endOffsets": [
                578,
                579,
                582,
                587,
                592,
                598,
                608,
                611,
                617,
                620,
                630,
                635,
                637,
                646,
                656,
                657,
                666,
                667,
                676,
                679,
                684,
                690,
                697,
                701,
                712,
                715,
                720,
                726,
                729,
                741,
                748,
                754,
                759,
                770,
                780,
                783,
                790,
                791
            ],
            "entities": [
                "O",
                "O",
                "O",
                "O",
                "O",
                "O",
                "O",
                "O",
                "B-Gene_or_gene_product",
                "O",
                "O",
                "O",
                "O",
                "B-Gene_or_gene_product",
                "O",
                "O",
                "B-Simple_chemical",
                "O",
                "O",
                "O",
                "B-BioProcess",
                "I-BioProcess",
                "O",
                "O",
                "O",
                "O",
                "B-BioProcess",
                "I-BioProcess",
                "O",
                "B-TissueType",
                "I-TissueType",
                "O",
                "O",
                "O",
                "O",
                "O",
                "B-Gene_or_gene_product",
                "O"
            ],
            "graphs": {
                "stanford-basic": {
                    "edges": [
                        {
                            "destination": 0,
                            "relation": "advmod",
                            "source": 3
                        },
                        {
                            "destination": 2,
                            "relation": "nsubj",
                            "source": 3
                        },
                        {
                            "destination": 18,
                            "relation": "ccomp",
                            "source": 3
                        },
                        {
                            "destination": 5,
                            "relation": "nn",
                            "source": 6
                        },
                        {
                            "destination": 7,
                            "relation": "prep",
                            "source": 6
                        },
                        {
                            "destination": 8,
                            "relation": "pobj",
                            "source": 7
                        },
                        {
                            "destination": 9,
                            "relation": "cc",
                            "source": 8
                        },
                        {
                            "destination": 10,
                            "relation": "conj",
                            "source": 8
                        },
                        {
                            "destination": 11,
                            "relation": "prep",
                            "source": 8
                        },
                        {
                            "destination": 14,
                            "relation": "pobj",
                            "source": 11
                        },
                        {
                            "destination": 16,
                            "relation": "appos",
                            "source": 14
                        },
                        {
                            "destination": 12,
                            "relation": "det",
                            "source": 14
                        },
                        {
                            "destination": 13,
                            "relation": "nn",
                            "source": 14
                        },
                        {
                            "destination": 32,
                            "relation": "prep",
                            "source": 18
                        },
                        {
                            "destination": 19,
                            "relation": "prep",
                            "source": 18
                        },
                        {
                            "destination": 4,
                            "relation": "mark",
                            "source": 18
                        },
                        {
                            "destination": 6,
                            "relation": "nsubj",
                            "source": 18
                        },
                        {
                            "destination": 28,
                            "relation": "prep",
                            "source": 18
                        },
                        {
                            "destination": 22,
                            "relation": "pobj",
                            "source": 19
                        },
                        {
                            "destination": 20,
                            "relation": "nn",
                            "source": 22
                        },
                        {
                            "destination": 21,
                            "relation": "nn",
                            "source": 22
                        },
                        {
                            "destination": 23,
                            "relation": "cc",
                            "source": 22
                        },
                        {
                            "destination": 24,
                            "relation": "conj",
                            "source": 22
                        },
                        {
                            "destination": 25,
                            "relation": "prep",
                            "source": 24
                        },
                        {
                            "destination": 27,
                            "relation": "pobj",
                            "source": 25
                        },
                        {
                            "destination": 26,
                            "relation": "nn",
                            "source": 27
                        },
                        {
                            "destination": 31,
                            "relation": "pobj",
                            "source": 28
                        },
                        {
                            "destination": 29,
                            "relation": "amod",
                            "source": 31
                        },
                        {
                            "destination": 30,
                            "relation": "nn",
                            "source": 31
                        },
                        {
                            "destination": 33,
                            "relation": "pcomp",
                            "source": 32
                        },
                        {
                            "destination": 34,
                            "relation": "dobj",
                            "source": 33
                        },
                        {
                            "destination": 35,
                            "relation": "prep",
                            "source": 33
                        },
                        {
                            "destination": 36,
                            "relation": "pobj",
                            "source": 35
                        }
                    ],
                    "roots": [
                        3
                    ]
                },
                "stanford-collapsed": {
                    "edges": [
                        {
                            "destination": 0,
                            "relation": "advmod",
                            "source": 3
                        },
                        {
                            "destination": 2,
                            "relation": "nsubj",
                            "source": 3
                        },
                        {
                            "destination": 18,
                            "relation": "ccomp",
                            "source": 3
                        },
                        {
                            "destination": 5,
                            "relation": "nn",
                            "source": 6
                        },
                        {
                            "destination": 8,
                            "relation": "prep_of",
                            "source": 6
                        },
                        {
                            "destination": 10,
                            "relation": "prep_of",
                            "source": 6
                        },
                        {
                            "destination": 10,
                            "relation": "conj_or",
                            "source": 8
                        },
                        {
                            "destination": 14,
                            "relation": "prep_with",
                            "source": 8
                        },
                        {
                            "destination": 16,
                            "relation": "appos",
                            "source": 14
                        },
                        {
                            "destination": 12,
                            "relation": "det",
                            "source": 14
                        },
                        {
                            "destination": 13,
                            "relation": "nn",
                            "source": 14
                        },
                        {
                            "destination": 31,
                            "relation": "prep_in",
                            "source": 18
                        },
                        {
                            "destination": 33,
                            "relation": "prepc_with",
                            "source": 18
                        },
                        {
                            "destination": 4,
                            "relation": "mark",
                            "source": 18
                        },
                        {
                            "destination": 6,
                            "relation": "nsubj",
                            "source": 18
                        },
                        {
                            "destination": 22,
                            "relation": "prep_in",
                            "source": 18
                        },
                        {
                            "destination": 24,
                            "relation": "prep_in",
                            "source": 18
                        },
                        {
                            "destination": 20,
                            "relation": "nn",
                            "source": 22
                        },
                        {
                            "destination": 21,
                            "relation": "nn",
                            "source": 22
                        },
                        {
                            "destination": 24,
                            "relation": "conj_and",
                            "source": 22
                        },
                        {
                            "destination": 27,
                            "relation": "prep_of",
                            "source": 24
                        },
                        {
                            "destination": 26,
                            "relation": "nn",
                            "source": 27
                        },
                        {
                            "destination": 29,
                            "relation": "amod",
                            "source": 31
                        },
                        {
                            "destination": 30,
                            "relation": "nn",
                            "source": 31
                        },
                        {
                            "destination": 34,
                            "relation": "dobj",
                            "source": 33
                        },
                        {
                            "destination": 36,
                            "relation": "prep_in",
                            "source": 33
                        }
                    ],
                    "roots": [
                        3
                    ]
                }
            },
            "lemmas": [
                "here",
                ",",
                "we",
                "show",
                "that",
                "shrna",
                "knockdown",
                "of",
                "fgfr2",
                "or",
                "treatment",
                "with",
                "a",
                "pan-fgfr",
                "inhibitor",
                ",",
                "pd173074",
                ",",
                "result",
                "in",
                "cell",
                "cycle",
                "arrest",
                "and",
                "induction",
                "of",
                "cell",
                "death",
                "in",
                "endometrial",
                "cancer",
                "cell",
                "with",
                "activate",
                "mutation",
                "in",
                "fgfr2",
                "."
            ],
            "startOffsets": [
                574,
                578,
                580,
                583,
                588,
                593,
                599,
                609,
                612,
                618,
                621,
                631,
                636,
                638,
                647,
                656,
                658,
                666,
                668,
                677,
                680,
                685,
                691,
                698,
                703,
                713,
                716,
                721,
                727,
                730,
                742,
                749,
                755,
                760,
                771,
                781,
                785,
                790
            ],
            "tags": [
                "RB",
                ",",
                "PRP",
                "VBP",
                "IN",
                "NN",
                "NN",
                "IN",
                "NN",
                "CC",
                "NN",
                "IN",
                "DT",
                "NN",
                "NN",
                ",",
                "NN",
                ",",
                "VBD",
                "IN",
                "NN",
                "NN",
                "NN",
                "CC",
                "NN",
                "IN",
                "NN",
                "NN",
                "IN",
                "JJ",
                "NN",
                "NNS",
                "IN",
                "VBG",
                "NNS",
                "IN",
                "NN",
                "."
            ],
            "words": [
                "Here",
                ",",
                "we",
                "show",
                "that",
                "shRNA",
                "knockdown",
                "of",
                "FGFR2",
                "or",
                "treatment",
                "with",
                "a",
                "pan-FGFR",
                "inhibitor",
                ",",
                "PD173074",
                ",",
                "resulted",
                "in",
                "cell",
                "cycle",
                "arrest",
                "and",
                "induction",
                "of",
                "cell",
                "death",
                "in",
                "endometrial",
                "cancer",
                "cells",
                "with",
                "activating",
                "mutations",
                "in",
                "FGFR2",
                "."
            ]
        },
        {
            "endOffsets": [
                796,
                801,
                807,
                810,
                819,
                822,
                828,
                839,
                848,
                855,
                859,
                867,
                870,
                887,
                897,
                900,
                905,
                909,
                922,
                926,
                942,
                943,
                947,
                951,
                962,
                967,
                969,
                976,
                986,
                989,
                1003,
                1010,
                1020,
                1027,
                1031,
                1042,
                1043
            ],
            "entities": [
                "O",
                "B-BioProcess",
                "I-BioProcess",
                "O",
                "O",
                "O",
                "B-Gene_or_gene_product",
                "O",
                "O",
                "O",
                "O",
                "O",
                "O",
                "O",
                "O",
                "O",
                "B-Gene_or_gene_product",
                "O",
                "O",
                "B-Family",
                "O",
                "O",
                "O",
                "O",
                "O",
                "O",
                "O",
                "O",
                "O",
                "O",
                "B-Family",
                "I-Family",
                "I-Family",
                "I-Family",
                "O",
                "O",
                "O"
            ],
            "graphs": {
                "stanford-basic": {
                    "edges": [
                        {
                            "destination": 0,
                            "relation": "det",
                            "source": 2
                        },
                        {
                            "destination": 1,
                            "relation": "nn",
                            "source": 2
                        },
                        {
                            "destination": 3,
                            "relation": "prep",
                            "source": 2
                        },
                        {
                            "destination": 4,
                            "relation": "pobj",
                            "source": 3
                        },
                        {
                            "destination": 5,
                            "relation": "prep",
                            "source": 4
                        },
                        {
                            "destination": 7,
                            "relation": "pobj",
                            "source": 5
                        },
                        {
                            "destination": 6,
                            "relation": "nn",
                            "source": 7
                        },
                        {
                            "destination": 15,
                            "relation": "prep",
                            "source": 8
                        },
                        {
                            "destination": 2,
                            "relation": "nsubj",
                            "source": 8
                        },
                        {
                            "destination": 22,
                            "relation": "cc",
                            "source": 8
                        },
                        {
                            "destination": 24,
                            "relation": "conj",
                            "source": 8
                        },
                        {
                            "destination": 9,
                            "relation": "prep",
                            "source": 8
                        },
                        {
                            "destination": 11,
                            "relation": "pobj",
                            "source": 9
                        },
                        {
                            "destination": 10,
                            "relation": "det",
                            "source": 11
                        },
                        {
                            "destination": 12,
                            "relation": "prep",
                            "source": 11
                        },
                        {
                            "destination": 14,
                            "relation": "pobj",
                            "source": 12
                        },
                        {
                            "destination": 13,
                            "relation": "amod",
                            "source": 14
                        },
                        {
                            "destination": 20,
                            "relation": "pobj",
                            "source": 15
                        },
                        {
                            "destination": 17,
                            "relation": "cc",
                            "source": 16
                        },
                        {
                            "destination": 18,
                            "relation": "conj",
                            "source": 16
                        },
                        {
                            "destination": 16,
                            "relation": "nn",
                            "source": 20
                        },
                        {
                            "destination": 19,
                            "relation": "nn",
                            "source": 20
                        },
                        {
                            "destination": 23,
                            "relation": "auxpass",
                            "source": 24
                        },
                        {
                            "destination": 25,
                            "relation": "prep",
                            "source": 24
                        },
                        {
                            "destination": 28,
                            "relation": "pobj",
                            "source": 25
                        },
                        {
                            "destination": 26,
                            "relation": "det",
                            "source": 28
                        },
                        {
                            "destination": 27,
                            "relation": "amod",
                            "source": 28
                        },
                        {
                            "destination": 29,
                            "relation": "prep",
                            "source": 28
                        },
                        {
                            "destination": 31,
                            "relation": "pobj",
                            "source": 29
                        },
                        {
                            "destination": 32,
                            "relation": "vmod",
                            "source": 31
                        },
                        {
                            "destination": 30,
                            "relation": "amod",
                            "source": 31
                        },
                        {
                            "destination": 35,
                            "relation": "dobj",
                            "source": 32
                        },
                        {
                            "destination": 33,
                            "relation": "nn",
                            "source": 35
                        },
                        {
                            "destination": 34,
                            "relation": "num",
                            "source": 35
                        }
                    ],
                    "roots": [
                        8
                    ]
                },
                "stanford-collapsed": {
                    "edges": [
                        {
                            "destination": 0,
                            "relation": "det",
                            "source": 2
                        },
                        {
                            "destination": 1,
                            "relation": "nn",
                            "source": 2
                        },
                        {
                            "destination": 4,
                            "relation": "prep_in",
                            "source": 2
                        },
                        {
                            "destination": 7,
                            "relation": "prep_to",
                            "source": 4
                        },
                        {
                            "destination": 6,
                            "relation": "nn",
                            "source": 7
                        },
                        {
                            "destination": 2,
                            "relation": "nsubj",
                            "source": 8
                        },
                        {
                            "destination": 20,
                            "relation": "prep_in",
                            "source": 8
                        },
                        {
                            "destination": 24,
                            "relation": "conj_and",
                            "source": 8
                        },
                        {
                            "destination": 11,
                            "relation": "prep_within",
                            "source": 8
                        },
                        {
                            "destination": 10,
                            "relation": "det",
                            "source": 11
                        },
                        {
                            "destination": 14,
                            "relation": "prep_of",
                            "source": 11
                        },
                        {
                            "destination": 13,
                            "relation": "amod",
                            "source": 14
                        },
                        {
                            "destination": 18,
                            "relation": "conj_and",
                            "source": 16
                        },
                        {
                            "destination": 16,
                            "relation": "nn",
                            "source": 20
                        },
                        {
                            "destination": 18,
                            "relation": "nn",
                            "source": 20
                        },
                        {
                            "destination": 19,
                            "relation": "nn",
                            "source": 20
                        },
                        {
                            "destination": 2,
                            "relation": "nsubjpass",
                            "source": 24
                        },
                        {
                            "destination": 23,
                            "relation": "auxpass",
                            "source": 24
                        },
                        {
                            "destination": 28,
                            "relation": "prep_with",
                            "source": 24
                        },
                        {
                            "destination": 31,
                            "relation": "prep_in",
                            "source": 28
                        },
                        {
                            "destination": 26,
                            "relation": "det",
                            "source": 28
                        },
                        {
                            "destination": 27,
                            "relation": "amod",
                            "source": 28
                        },
                        {
                            "destination": 32,
                            "relation": "vmod",
                            "source": 31
                        },
                        {
                            "destination": 30,
                            "relation": "amod",
                            "source": 31
                        },
                        {
                            "destination": 35,
                            "relation": "dobj",
                            "source": 32
                        },
                        {
                            "destination": 33,
                            "relation": "nn",
                            "source": 35
                        },
                        {
                            "destination": 34,
                            "relation": "num",
                            "source": 35
                        }
                    ],
                    "roots": [
                        8
                    ]
                }
            },
            "lemmas": [
                "this",
                "cell",
                "death",
                "in",
                "response",
                "to",
                "fgfr2",
                "inhibition",
                "occur",
                "within",
                "the",
                "context",
                "of",
                "loss-of-function",
                "mutation",
                "in",
                "pten",
                "and",
                "constitutive",
                "akt",
                "phosphorylation",
                ",",
                "and",
                "be",
                "associate",
                "with",
                "a",
                "marked",
                "reduction",
                "in",
                "extracellular",
                "signal",
                "regulate",
                "kinase",
                "1/2",
                "activation",
                "."
            ],
            "startOffsets": [
                792,
                797,
                802,
                808,
                811,
                820,
                823,
                829,
                840,
                849,
                856,
                860,
                868,
                871,
                888,
                898,
                901,
                906,
                910,
                923,
                927,
                942,
                944,
                948,
                952,
                963,
                968,
                970,
                977,
                987,
                990,
                1004,
                1011,
                1021,
                1028,
                1032,
                1042
            ],
            "tags": [
                "DT",
                "NN",
                "NN",
                "IN",
                "NN",
                "TO",
                "NN",
                "NN",
                "VBD",
                "IN",
                "DT",
                "NN",
                "IN",
                "JJ",
                "NNS",
                "IN",
                "NN",
                "CC",
                "JJ",
                "NN",
                "NN",
                ",",
                "CC",
                "VBD",
                "VBN",
                "IN",
                "DT",
                "JJ",
                "NN",
                "IN",
                "JJ",
                "NN",
                "VBN",
                "NN",
                "CD",
                "NN",
                "."
            ],
            "words": [
                "This",
                "cell",
                "death",
                "in",
                "response",
                "to",
                "FGFR2",
                "inhibition",
                "occurred",
                "within",
                "the",
                "context",
                "of",
                "loss-of-function",
                "mutations",
                "in",
                "PTEN",
                "and",
                "constitutive",
                "AKT",
                "phosphorylation",
                ",",
                "and",
                "was",
                "associated",
                "with",
                "a",
                "marked",
                "reduction",
                "in",
                "extracellular",
                "signal",
                "regulated",
                "kinase",
                "1/2",
                "activation",
                "."
            ]
        },
        {
            "endOffsets": [
                1052,
                1053,
                1059,
                1064,
                1072,
                1077,
                1088,
                1091,
                1097,
                1101,
                1104,
                1106,
                1113,
                1125,
                1132,
                1135,
                1147,
                1154,
                1165,
                1176,
                1186,
                1189,
                1195,
                1196,
                1204,
                1208,
                1217,
                1228,
                1231,
                1236,
                1239,
                1244,
                1251,
                1256,
                1257
            ],
            "entities": [
                "O",
                "O",
                "O",
                "O",
                "O",
                "O",
                "O",
                "O",
                "B-Gene_or_gene_product",
                "O",
                "O",
                "O",
                "O",
                "O",
                "O",
                "O",
                "O",
                "O",
                "O",
                "O",
                "O",
                "O",
                "B-Gene_or_gene_product",
                "O",
                "O",
                "O",
                "O",
                "O",
                "O",
                "B-Gene_or_gene_product",
                "O",
                "O",
                "O",
                "O",
                "O"
            ],
            "graphs": {
                "stanford-basic": {
                    "edges": [
                        {
                            "destination": 2,
                            "relation": "det",
                            "source": 3
                        },
                        {
                            "destination": 0,
                            "relation": "advmod",
                            "source": 4
                        },
                        {
                            "destination": 3,
                            "relation": "nsubj",
                            "source": 4
                        },
                        {
                            "destination": 14,
                            "relation": "ccomp",
                            "source": 4
                        },
                        {
                            "destination": 7,
                            "relation": "prep",
                            "source": 6
                        },
                        {
                            "destination": 8,
                            "relation": "pobj",
                            "source": 7
                        },
                        {
                            "destination": 15,
                            "relation": "prep",
                            "source": 14
                        },
                        {
                            "destination": 5,
                            "relation": "mark",
                            "source": 14
                        },
                        {
                            "destination": 6,
                            "relation": "nsubj",
                            "source": 14
                        },
                        {
                            "destination": 9,
                            "relation": "aux",
                            "source": 14
                        },
                        {
                            "destination": 10,
                            "relation": "cop",
                            "source": 14
                        },
                        {
                            "destination": 11,
                            "relation": "det",
                            "source": 14
                        },
                        {
                            "destination": 12,
                            "relation": "amod",
                            "source": 14
                        },
                        {
                            "destination": 13,
                            "relation": "amod",
                            "source": 14
                        },
                        {
                            "destination": 17,
                            "relation": "pobj",
                            "source": 15
                        },
                        {
                            "destination": 16,
                            "relation": "amod",
                            "source": 17
                        },
                        {
                            "destination": 18,
                            "relation": "vmod",
                            "source": 17
                        },
                        {
                            "destination": 19,
                            "relation": "vmod",
                            "source": 18
                        },
                        {
                            "destination": 20,
                            "relation": "dobj",
                            "source": 19
                        },
                        {
                            "destination": 21,
                            "relation": "prep",
                            "source": 19
                        },
                        {
                            "destination": 24,
                            "relation": "prep",
                            "source": 19
                        },
                        {
                            "destination": 22,
                            "relation": "pobj",
                            "source": 21
                        },
                        {
                            "destination": 27,
                            "relation": "pobj",
                            "source": 24
                        },
                        {
                            "destination": 25,
                            "relation": "det",
                            "source": 27
                        },
                        {
                            "destination": 26,
                            "relation": "amod",
                            "source": 27
                        },
                        {
                            "destination": 28,
                            "relation": "prep",
                            "source": 27
                        },
                        {
                            "destination": 29,
                            "relation": "pobj",
                            "source": 28
                        },
                        {
                            "destination": 30,
                            "relation": "prep",
                            "source": 29
                        },
                        {
                            "destination": 33,
                            "relation": "pobj",
                            "source": 30
                        },
                        {
                            "destination": 31,
                            "relation": "det",
                            "source": 33
                        },
                        {
                            "destination": 32,
                            "relation": "nn",
                            "source": 33
                        }
                    ],
                    "roots": [
                        4
                    ]
                },
                "stanford-collapsed": {
                    "edges": [
                        {
                            "destination": 2,
                            "relation": "det",
                            "source": 3
                        },
                        {
                            "destination": 0,
                            "relation": "advmod",
                            "source": 4
                        },
                        {
                            "destination": 3,
                            "relation": "nsubj",
                            "source": 4
                        },
                        {
                            "destination": 14,
                            "relation": "ccomp",
                            "source": 4
                        },
                        {
                            "destination": 8,
                            "relation": "prep_of",
                            "source": 6
                        },
                        {
                            "destination": 17,
                            "relation": "prep_in",
                            "source": 14
                        },
                        {
                            "destination": 5,
                            "relation": "mark",
                            "source": 14
                        },
                        {
                            "destination": 6,
                            "relation": "nsubj",
                            "source": 14
                        },
                        {
                            "destination": 9,
                            "relation": "aux",
                            "source": 14
                        },
                        {
                            "destination": 10,
                            "relation": "cop",
                            "source": 14
                        },
                        {
                            "destination": 11,
                            "relation": "det",
                            "source": 14
                        },
                        {
                            "destination": 12,
                            "relation": "amod",
                            "source": 14
                        },
                        {
                            "destination": 13,
                            "relation": "amod",
                            "source": 14
                        },
                        {
                            "destination": 16,
                            "relation": "amod",
                            "source": 17
                        },
                        {
                            "destination": 18,
                            "relation": "vmod",
                            "source": 17
                        },
                        {
                            "destination": 19,
                            "relation": "vmod",
                            "source": 18
                        },
                        {
                            "destination": 20,
                            "relation": "dobj",
                            "source": 19
                        },
                        {
                            "destination": 22,
                            "relation": "prep_in",
                            "source": 19
                        },
                        {
                            "destination": 27,
                            "relation": "prep_despite",
                            "source": 19
                        },
                        {
                            "destination": 25,
                            "relation": "det",
                            "source": 27
                        },
                        {
                            "destination": 26,
                            "relation": "amod",
                            "source": 27
                        },
                        {
                            "destination": 29,
                            "relation": "prep_of",
                            "source": 27
                        },
                        {
                            "destination": 33,
                            "relation": "prep_in",
                            "source": 29
                        },
                        {
                            "destination": 31,
                            "relation": "det",
                            "source": 33
                        },
                        {
                            "destination": 32,
                            "relation": "nn",
                            "source": 33
                        }
                    ],
                    "roots": [
                        4
                    ]
                }
            },
            "lemmas": [
                "together",
                ",",
                "these",
                "datum",
                "suggest",
                "that",
                "inhibition",
                "of",
                "fgfr2",
                "may",
                "be",
                "a",
                "viable",
                "therapeutic",
                "option",
                "in",
                "endometrial",
                "tumor",
                "possess",
                "activate",
                "mutation",
                "in",
                "fgfr2",
                ",",
                "despite",
                "the",
                "frequent",
                "abrogation",
                "of",
                "pten",
                "in",
                "this",
                "cancer",
                "type",
                "."
            ],
            "startOffsets": [
                1044,
                1052,
                1054,
                1060,
                1065,
                1073,
                1078,
                1089,
                1092,
                1098,
                1102,
                1105,
                1107,
                1114,
                1126,
                1133,
                1136,
                1148,
                1155,
                1166,
                1177,
                1187,
                1190,
                1195,
                1197,
                1205,
                1209,
                1218,
                1229,
                1232,
                1237,
                1240,
                1245,
                1252,
                1256
            ],
            "tags": [
                "RB",
                ",",
                "DT",
                "NNS",
                "VBP",
                "IN",
                "NN",
                "IN",
                "NN",
                "MD",
                "VB",
                "DT",
                "JJ",
                "JJ",
                "NN",
                "IN",
                "JJ",
                "NNS",
                "VBG",
                "VBG",
                "NNS",
                "IN",
                "NN",
                ",",
                "IN",
                "DT",
                "JJ",
                "NN",
                "IN",
                "NN",
                "IN",
                "DT",
                "NN",
                "NN",
                "."
            ],
            "words": [
                "Together",
                ",",
                "these",
                "data",
                "suggest",
                "that",
                "inhibition",
                "of",
                "FGFR2",
                "may",
                "be",
                "a",
                "viable",
                "therapeutic",
                "option",
                "in",
                "endometrial",
                "tumors",
                "possessing",
                "activating",
                "mutations",
                "in",
                "FGFR2",
                ",",
                "despite",
                "the",
                "frequent",
                "abrogation",
                "of",
                "PTEN",
                "in",
                "this",
                "cancer",
                "type",
                "."
            ]
        }
    ],
    "text": "KRAS activation and PTEN inactivation are frequent events in endometrial\ntumorigenesis, occurring in 10% to 30% and 26% to 80% of endometrial cancers,\nrespectively. Because we have recently shown activating mutations in fibroblast\ngrowth factor receptor 2 (FGFR2) in 16% of endometrioid endometrial cancers, we\nsought to determine the genetic context in which FGFR2 mutations occur. Analysis \nof 116 primary endometrioid endometrial cancers revealed that FGFR2 and KRAS\nmutations were mutually exclusive, whereas FGFR2 mutations were seen\nconcomitantly with PTEN mutations. Here, we show that shRNA knockdown of FGFR2 or\ntreatment with a pan-FGFR inhibitor, PD173074, resulted in cell cycle arrest and \ninduction of cell death in endometrial cancer cells with activating mutations in \nFGFR2. This cell death in response to FGFR2 inhibition occurred within the\ncontext of loss-of-function mutations in PTEN and constitutive AKT\nphosphorylation, and was associated with a marked reduction in extracellular\nsignal-regulated kinase 1/2 activation. Together, these data suggest that\ninhibition of FGFR2 may be a viable therapeutic option in endometrial tumors\npossessing activating mutations in FGFR2, despite the frequent abrogation of PTEN\nin this cancer type."
}