{
    "id": "18787170",
    "sentences": [
        {
            "endOffsets": [
                3,
                10,
                15,
                17,
                26,
                33,
                36,
                46,
                47,
                50,
                52,
                58,
                65,
                69,
                81,
                94,
                97,
                103,
                108,
                114,
                123,
                124,
                134,
                141,
                142,
                146,
                151,
                158,
                161,
                167,
                173,
                177,
                187,
                192,
                200,
                207,
                210,
                215,
                223,
                224
            ],
            "entities": [
                "O",
                "O",
                "B-Gene_or_gene_product",
                "O",
                "B-Gene_or_gene_product",
                "I-Gene_or_gene_product",
                "I-Gene_or_gene_product",
                "I-Gene_or_gene_product",
                "O",
                "O",
                "O",
                "O",
                "O",
                "O",
                "O",
                "O",
                "O",
                "O",
                "O",
                "B-Species",
                "O",
                "O",
                "O",
                "O",
                "O",
                "O",
                "O",
                "O",
                "O",
                "O",
                "O",
                "O",
                "O",
                "O",
                "O",
                "O",
                "O",
                "B-Gene_or_gene_product",
                "O",
                "O"
            ],
            "graphs": {
                "stanford-basic": {
                    "edges": [
                        {
                            "destination": 0,
                            "relation": "det",
                            "source": 2
                        },
                        {
                            "destination": 1,
                            "relation": "nn",
                            "source": 2
                        },
                        {
                            "destination": 5,
                            "relation": "dep",
                            "source": 2
                        },
                        {
                            "destination": 4,
                            "relation": "amod",
                            "source": 5
                        },
                        {
                            "destination": 6,
                            "relation": "prep",
                            "source": 5
                        },
                        {
                            "destination": 7,
                            "relation": "pobj",
                            "source": 6
                        },
                        {
                            "destination": 17,
                            "relation": "vmod",
                            "source": 12
                        },
                        {
                            "destination": 2,
                            "relation": "nsubj",
                            "source": 12
                        },
                        {
                            "destination": 9,
                            "relation": "cop",
                            "source": 12
                        },
                        {
                            "destination": 25,
                            "relation": "cc",
                            "source": 12
                        },
                        {
                            "destination": 10,
                            "relation": "det",
                            "source": 12
                        },
                        {
                            "destination": 11,
                            "relation": "amod",
                            "source": 12
                        },
                        {
                            "destination": 13,
                            "relation": "prep",
                            "source": 12
                        },
                        {
                            "destination": 29,
                            "relation": "conj",
                            "source": 12
                        },
                        {
                            "destination": 15,
                            "relation": "pobj",
                            "source": 13
                        },
                        {
                            "destination": 14,
                            "relation": "amod",
                            "source": 15
                        },
                        {
                            "destination": 16,
                            "relation": "aux",
                            "source": 17
                        },
                        {
                            "destination": 20,
                            "relation": "dobj",
                            "source": 17
                        },
                        {
                            "destination": 18,
                            "relation": "amod",
                            "source": 20
                        },
                        {
                            "destination": 19,
                            "relation": "nn",
                            "source": 20
                        },
                        {
                            "destination": 22,
                            "relation": "prep",
                            "source": 20
                        },
                        {
                            "destination": 23,
                            "relation": "pobj",
                            "source": 22
                        },
                        {
                            "destination": 26,
                            "relation": "advmod",
                            "source": 27
                        },
                        {
                            "destination": 27,
                            "relation": "nsubjpass",
                            "source": 29
                        },
                        {
                            "destination": 28,
                            "relation": "auxpass",
                            "source": 29
                        },
                        {
                            "destination": 30,
                            "relation": "prep",
                            "source": 29
                        },
                        {
                            "destination": 32,
                            "relation": "pobj",
                            "source": 30
                        },
                        {
                            "destination": 31,
                            "relation": "det",
                            "source": 32
                        },
                        {
                            "destination": 34,
                            "relation": "rcmod",
                            "source": 32
                        },
                        {
                            "destination": 33,
                            "relation": "nsubj",
                            "source": 34
                        },
                        {
                            "destination": 35,
                            "relation": "dobj",
                            "source": 34
                        },
                        {
                            "destination": 36,
                            "relation": "prep",
                            "source": 35
                        },
                        {
                            "destination": 38,
                            "relation": "pobj",
                            "source": 36
                        },
                        {
                            "destination": 37,
                            "relation": "nn",
                            "source": 38
                        }
                    ],
                    "roots": [
                        12
                    ]
                },
                "stanford-collapsed": {
                    "edges": [
                        {
                            "destination": 0,
                            "relation": "det",
                            "source": 2
                        },
                        {
                            "destination": 1,
                            "relation": "nn",
                            "source": 2
                        },
                        {
                            "destination": 5,
                            "relation": "dep",
                            "source": 2
                        },
                        {
                            "destination": 4,
                            "relation": "amod",
                            "source": 5
                        },
                        {
                            "destination": 7,
                            "relation": "prep_of",
                            "source": 5
                        },
                        {
                            "destination": 15,
                            "relation": "prep_for",
                            "source": 12
                        },
                        {
                            "destination": 17,
                            "relation": "vmod",
                            "source": 12
                        },
                        {
                            "destination": 2,
                            "relation": "nsubj",
                            "source": 12
                        },
                        {
                            "destination": 9,
                            "relation": "cop",
                            "source": 12
                        },
                        {
                            "destination": 10,
                            "relation": "det",
                            "source": 12
                        },
                        {
                            "destination": 11,
                            "relation": "amod",
                            "source": 12
                        },
                        {
                            "destination": 29,
                            "relation": "conj_but",
                            "source": 12
                        },
                        {
                            "destination": 14,
                            "relation": "amod",
                            "source": 15
                        },
                        {
                            "destination": 16,
                            "relation": "aux",
                            "source": 17
                        },
                        {
                            "destination": 20,
                            "relation": "dobj",
                            "source": 17
                        },
                        {
                            "destination": 18,
                            "relation": "amod",
                            "source": 20
                        },
                        {
                            "destination": 19,
                            "relation": "nn",
                            "source": 20
                        },
                        {
                            "destination": 23,
                            "relation": "prep_including",
                            "source": 20
                        },
                        {
                            "destination": 26,
                            "relation": "advmod",
                            "source": 27
                        },
                        {
                            "destination": 32,
                            "relation": "prep_about",
                            "source": 29
                        },
                        {
                            "destination": 27,
                            "relation": "nsubjpass",
                            "source": 29
                        },
                        {
                            "destination": 28,
                            "relation": "auxpass",
                            "source": 29
                        },
                        {
                            "destination": 31,
                            "relation": "det",
                            "source": 32
                        },
                        {
                            "destination": 34,
                            "relation": "rcmod",
                            "source": 32
                        },
                        {
                            "destination": 33,
                            "relation": "nsubj",
                            "source": 34
                        },
                        {
                            "destination": 35,
                            "relation": "dobj",
                            "source": 34
                        },
                        {
                            "destination": 38,
                            "relation": "prep_of",
                            "source": 35
                        },
                        {
                            "destination": 37,
                            "relation": "nn",
                            "source": 38
                        }
                    ],
                    "roots": [
                        12
                    ]
                }
            },
            "lemmas": [
                "the",
                "enzyme",
                "mtor",
                "(",
                "mammalian",
                "target",
                "of",
                "rapamycin",
                ")",
                "be",
                "a",
                "major",
                "target",
                "for",
                "therapeutic",
                "intervention",
                "to",
                "treat",
                "many",
                "human",
                "disease",
                ",",
                "include",
                "cancer",
                ",",
                "but",
                "very",
                "little",
                "be",
                "know",
                "about",
                "the",
                "process",
                "that",
                "control",
                "level",
                "of",
                "mtor",
                "protein",
                "."
            ],
            "startOffsets": [
                0,
                4,
                11,
                16,
                17,
                27,
                34,
                37,
                46,
                48,
                51,
                53,
                59,
                66,
                70,
                82,
                95,
                98,
                104,
                109,
                115,
                123,
                125,
                135,
                141,
                143,
                147,
                152,
                159,
                162,
                168,
                174,
                178,
                188,
                193,
                201,
                208,
                211,
                216,
                223
            ],
            "tags": [
                "DT",
                "NN",
                "NN",
                "-LRB-",
                "JJ",
                "NN",
                "IN",
                "NN",
                "-RRB-",
                "VBZ",
                "DT",
                "JJ",
                "NN",
                "IN",
                "JJ",
                "NN",
                "TO",
                "VB",
                "JJ",
                "NN",
                "NNS",
                ",",
                "VBG",
                "NN",
                ",",
                "CC",
                "RB",
                "JJ",
                "VBZ",
                "VBN",
                "IN",
                "DT",
                "NNS",
                "WDT",
                "VBP",
                "NNS",
                "IN",
                "NN",
                "NN",
                "."
            ],
            "words": [
                "The",
                "enzyme",
                "mTOR",
                "(",
                "mammalian",
                "target",
                "of",
                "rapamycin",
                ")",
                "is",
                "a",
                "major",
                "target",
                "for",
                "therapeutic",
                "intervention",
                "to",
                "treat",
                "many",
                "human",
                "diseases",
                ",",
                "including",
                "cancer",
                ",",
                "but",
                "very",
                "little",
                "is",
                "known",
                "about",
                "the",
                "processes",
                "that",
                "control",
                "levels",
                "of",
                "mTOR",
                "protein",
                "."
            ]
        },
        {
            "endOffsets": [
                229,
                230,
                233,
                238,
                243,
                248,
                251,
                260,
                264,
                279,
                283,
                294,
                306,
                309,
                317,
                320,
                324,
                331,
                342,
                350,
                356,
                357
            ],
            "entities": [
                "O",
                "O",
                "O",
                "O",
                "O",
                "B-Gene_or_gene_product",
                "O",
                "O",
                "O",
                "O",
                "O",
                "O",
                "O",
                "O",
                "O",
                "O",
                "O",
                "B-Gene_or_gene_product",
                "I-Gene_or_gene_product",
                "I-Gene_or_gene_product",
                "B-Gene_or_gene_product",
                "O"
            ],
            "graphs": {
                "stanford-basic": {
                    "edges": [
                        {
                            "destination": 0,
                            "relation": "advmod",
                            "source": 3
                        },
                        {
                            "destination": 2,
                            "relation": "nsubj",
                            "source": 3
                        },
                        {
                            "destination": 7,
                            "relation": "ccomp",
                            "source": 3
                        },
                        {
                            "destination": 4,
                            "relation": "mark",
                            "source": 7
                        },
                        {
                            "destination": 5,
                            "relation": "nsubjpass",
                            "source": 7
                        },
                        {
                            "destination": 6,
                            "relation": "auxpass",
                            "source": 7
                        },
                        {
                            "destination": 8,
                            "relation": "prep",
                            "source": 7
                        },
                        {
                            "destination": 13,
                            "relation": "prep",
                            "source": 7
                        },
                        {
                            "destination": 9,
                            "relation": "pobj",
                            "source": 8
                        },
                        {
                            "destination": 10,
                            "relation": "cc",
                            "source": 9
                        },
                        {
                            "destination": 12,
                            "relation": "conj",
                            "source": 9
                        },
                        {
                            "destination": 11,
                            "relation": "amod",
                            "source": 12
                        },
                        {
                            "destination": 14,
                            "relation": "pobj",
                            "source": 13
                        },
                        {
                            "destination": 15,
                            "relation": "prep",
                            "source": 14
                        },
                        {
                            "destination": 20,
                            "relation": "pobj",
                            "source": 15
                        },
                        {
                            "destination": 16,
                            "relation": "det",
                            "source": 20
                        },
                        {
                            "destination": 17,
                            "relation": "nn",
                            "source": 20
                        },
                        {
                            "destination": 18,
                            "relation": "nn",
                            "source": 20
                        },
                        {
                            "destination": 19,
                            "relation": "nn",
                            "source": 20
                        }
                    ],
                    "roots": [
                        3
                    ]
                },
                "stanford-collapsed": {
                    "edges": [
                        {
                            "destination": 0,
                            "relation": "advmod",
                            "source": 3
                        },
                        {
                            "destination": 2,
                            "relation": "nsubj",
                            "source": 3
                        },
                        {
                            "destination": 7,
                            "relation": "ccomp",
                            "source": 3
                        },
                        {
                            "destination": 4,
                            "relation": "mark",
                            "source": 7
                        },
                        {
                            "destination": 5,
                            "relation": "nsubjpass",
                            "source": 7
                        },
                        {
                            "destination": 6,
                            "relation": "auxpass",
                            "source": 7
                        },
                        {
                            "destination": 9,
                            "relation": "prep_for",
                            "source": 7
                        },
                        {
                            "destination": 12,
                            "relation": "prep_for",
                            "source": 7
                        },
                        {
                            "destination": 14,
                            "relation": "agent",
                            "source": 7
                        },
                        {
                            "destination": 12,
                            "relation": "conj_and",
                            "source": 9
                        },
                        {
                            "destination": 11,
                            "relation": "amod",
                            "source": 12
                        },
                        {
                            "destination": 20,
                            "relation": "prep_to",
                            "source": 14
                        },
                        {
                            "destination": 16,
                            "relation": "det",
                            "source": 20
                        },
                        {
                            "destination": 17,
                            "relation": "nn",
                            "source": 20
                        },
                        {
                            "destination": 18,
                            "relation": "nn",
                            "source": 20
                        },
                        {
                            "destination": 19,
                            "relation": "nn",
                            "source": 20
                        }
                    ],
                    "roots": [
                        3
                    ]
                }
            },
            "lemmas": [
                "here",
                ",",
                "we",
                "show",
                "that",
                "mtor",
                "be",
                "target",
                "for",
                "ubiquitination",
                "and",
                "consequent",
                "degradation",
                "by",
                "bind",
                "to",
                "the",
                "tumor",
                "suppressor",
                "protein",
                "fbxw7",
                "."
            ],
            "startOffsets": [
                225,
                229,
                231,
                234,
                239,
                244,
                249,
                252,
                261,
                265,
                280,
                284,
                295,
                307,
                310,
                318,
                321,
                326,
                332,
                343,
                351,
                356
            ],
            "tags": [
                "RB",
                ",",
                "PRP",
                "VBP",
                "IN",
                "NN",
                "VBZ",
                "VBN",
                "IN",
                "NN",
                "CC",
                "JJ",
                "NN",
                "IN",
                "VBG",
                "TO",
                "DT",
                "NN",
                "NN",
                "NN",
                "NN",
                "."
            ],
            "words": [
                "Here",
                ",",
                "we",
                "show",
                "that",
                "mTOR",
                "is",
                "targeted",
                "for",
                "ubiquitination",
                "and",
                "consequent",
                "degradation",
                "by",
                "binding",
                "to",
                "the",
                "tumor",
                "suppressor",
                "protein",
                "FBXW7",
                "."
            ]
        },
        {
            "endOffsets": [
                363,
                370,
                377,
                382,
                388,
                392,
                400,
                407,
                414,
                416,
                427,
                436,
                444,
                449,
                452,
                458,
                462,
                471,
                474,
                483,
                486,
                491,
                493,
                504,
                508,
                515,
                523,
                524,
                525,
                531,
                536,
                546,
                551,
                552
            ],
            "entities": [
                "B-Species",
                "B-TissueType",
                "I-TissueType",
                "O",
                "O",
                "O",
                "O",
                "O",
                "O",
                "O",
                "O",
                "O",
                "O",
                "O",
                "O",
                "B-Gene_or_gene_product",
                "O",
                "O",
                "O",
                "O",
                "O",
                "B-Gene_or_gene_product",
                "O",
                "B-Gene_or_gene_product",
                "I-Gene_or_gene_product",
                "I-Gene_or_gene_product",
                "I-Gene_or_gene_product",
                "O",
                "O",
                "O",
                "O",
                "O",
                "B-Gene_or_gene_product",
                "O"
            ],
            "graphs": {
                "stanford-basic": {
                    "edges": [
                        {
                            "destination": 0,
                            "relation": "nn",
                            "source": 4
                        },
                        {
                            "destination": 1,
                            "relation": "nn",
                            "source": 4
                        },
                        {
                            "destination": 2,
                            "relation": "nn",
                            "source": 4
                        },
                        {
                            "destination": 3,
                            "relation": "nn",
                            "source": 4
                        },
                        {
                            "destination": 5,
                            "relation": "cc",
                            "source": 4
                        },
                        {
                            "destination": 7,
                            "relation": "conj",
                            "source": 4
                        },
                        {
                            "destination": 6,
                            "relation": "amod",
                            "source": 7
                        },
                        {
                            "destination": 4,
                            "relation": "nsubj",
                            "source": 8
                        },
                        {
                            "destination": 11,
                            "relation": "dobj",
                            "source": 8
                        },
                        {
                            "destination": 20,
                            "relation": "prep",
                            "source": 11
                        },
                        {
                            "destination": 9,
                            "relation": "det",
                            "source": 11
                        },
                        {
                            "destination": 10,
                            "relation": "amod",
                            "source": 11
                        },
                        {
                            "destination": 12,
                            "relation": "prep",
                            "source": 11
                        },
                        {
                            "destination": 13,
                            "relation": "pobj",
                            "source": 12
                        },
                        {
                            "destination": 14,
                            "relation": "prep",
                            "source": 13
                        },
                        {
                            "destination": 15,
                            "relation": "pobj",
                            "source": 14
                        },
                        {
                            "destination": 16,
                            "relation": "cc",
                            "source": 15
                        },
                        {
                            "destination": 17,
                            "relation": "conj",
                            "source": 15
                        },
                        {
                            "destination": 18,
                            "relation": "cc",
                            "source": 15
                        },
                        {
                            "destination": 19,
                            "relation": "conj",
                            "source": 15
                        },
                        {
                            "destination": 21,
                            "relation": "pobj",
                            "source": 20
                        },
                        {
                            "destination": 31,
                            "relation": "rcmod",
                            "source": 21
                        },
                        {
                            "destination": 26,
                            "relation": "appos",
                            "source": 21
                        },
                        {
                            "destination": 24,
                            "relation": "cc",
                            "source": 23
                        },
                        {
                            "destination": 25,
                            "relation": "conj",
                            "source": 23
                        },
                        {
                            "destination": 23,
                            "relation": "nn",
                            "source": 26
                        },
                        {
                            "destination": 32,
                            "relation": "dobj",
                            "source": 31
                        },
                        {
                            "destination": 29,
                            "relation": "nsubj",
                            "source": 31
                        },
                        {
                            "destination": 30,
                            "relation": "advmod",
                            "source": 31
                        }
                    ],
                    "roots": [
                        8
                    ]
                },
                "stanford-collapsed": {
                    "edges": [
                        {
                            "destination": 32,
                            "relation": "dobj",
                            "source": 31
                        },
                        {
                            "destination": 29,
                            "relation": "nsubj",
                            "source": 31
                        },
                        {
                            "destination": 30,
                            "relation": "advmod",
                            "source": 31
                        },
                        {
                            "destination": 0,
                            "relation": "nn",
                            "source": 4
                        },
                        {
                            "destination": 1,
                            "relation": "nn",
                            "source": 4
                        },
                        {
                            "destination": 2,
                            "relation": "nn",
                            "source": 4
                        },
                        {
                            "destination": 3,
                            "relation": "nn",
                            "source": 4
                        },
                        {
                            "destination": 7,
                            "relation": "conj_and",
                            "source": 4
                        },
                        {
                            "destination": 6,
                            "relation": "amod",
                            "source": 7
                        },
                        {
                            "destination": 4,
                            "relation": "nsubj",
                            "source": 8
                        },
                        {
                            "destination": 7,
                            "relation": "nsubj",
                            "source": 8
                        },
                        {
                            "destination": 11,
                            "relation": "dobj",
                            "source": 8
                        },
                        {
                            "destination": 21,
                            "relation": "prep_of",
                            "source": 11
                        },
                        {
                            "destination": 9,
                            "relation": "det",
                            "source": 11
                        },
                        {
                            "destination": 10,
                            "relation": "amod",
                            "source": 11
                        },
                        {
                            "destination": 13,
                            "relation": "prep_between",
                            "source": 11
                        },
                        {
                            "destination": 15,
                            "relation": "prep_of",
                            "source": 13
                        },
                        {
                            "destination": 17,
                            "relation": "prep_of",
                            "source": 13
                        },
                        {
                            "destination": 19,
                            "relation": "prep_of",
                            "source": 13
                        },
                        {
                            "destination": 17,
                            "relation": "conj_and",
                            "source": 15
                        },
                        {
                            "destination": 19,
                            "relation": "conj_or",
                            "source": 15
                        },
                        {
                            "destination": 31,
                            "relation": "rcmod",
                            "source": 21
                        },
                        {
                            "destination": 26,
                            "relation": "appos",
                            "source": 21
                        },
                        {
                            "destination": 25,
                            "relation": "conj_and",
                            "source": 23
                        },
                        {
                            "destination": 23,
                            "relation": "nn",
                            "source": 26
                        },
                        {
                            "destination": 25,
                            "relation": "nn",
                            "source": 26
                        }
                    ],
                    "roots": [
                        8
                    ]
                }
            },
            "lemmas": [
                "human",
                "breast",
                "cancer",
                "cell",
                "line",
                "and",
                "primary",
                "tumor",
                "show",
                "a",
                "reciprocal",
                "relation",
                "between",
                "loss",
                "of",
                "fbxw7",
                "and",
                "deletion",
                "or",
                "mutation",
                "of",
                "pten",
                "(",
                "phosphatase",
                "and",
                "tensin",
                "homolog",
                ")",
                ",",
                "which",
                "also",
                "activate",
                "mtor",
                "."
            ],
            "startOffsets": [
                358,
                364,
                371,
                378,
                383,
                389,
                393,
                401,
                408,
                415,
                417,
                428,
                437,
                445,
                450,
                453,
                459,
                463,
                472,
                475,
                484,
                487,
                492,
                493,
                505,
                509,
                516,
                523,
                524,
                526,
                532,
                537,
                547,
                551
            ],
            "tags": [
                "NN",
                "NN",
                "NN",
                "NN",
                "NNS",
                "CC",
                "JJ",
                "NNS",
                "VBD",
                "DT",
                "JJ",
                "NN",
                "IN",
                "NN",
                "IN",
                "NN",
                "CC",
                "NN",
                "CC",
                "NN",
                "IN",
                "NN",
                "-LRB-",
                "NN",
                "CC",
                "NN",
                "NN",
                "-RRB-",
                ",",
                "WDT",
                "RB",
                "VBZ",
                "NN",
                "."
            ],
            "words": [
                "Human",
                "breast",
                "cancer",
                "cell",
                "lines",
                "and",
                "primary",
                "tumors",
                "showed",
                "a",
                "reciprocal",
                "relation",
                "between",
                "loss",
                "of",
                "FBXW7",
                "and",
                "deletion",
                "or",
                "mutation",
                "of",
                "PTEN",
                "(",
                "phosphatase",
                "and",
                "tensin",
                "homolog",
                ")",
                ",",
                "which",
                "also",
                "activates",
                "mTOR",
                "."
            ]
        },
        {
            "endOffsets": [
                558,
                563,
                569,
                579,
                589,
                592,
                602,
                605,
                611,
                615,
                628,
                638,
                641,
                651,
                661,
                662,
                668,
                677,
                682,
                687,
                690,
                696,
                700,
                703,
                705,
                715,
                719,
                725,
                733,
                745,
                748,
                758,
                763,
                774,
                777,
                781,
                786,
                794,
                795
            ],
            "entities": [
                "O",
                "O",
                "O",
                "O",
                "O",
                "O",
                "O",
                "O",
                "B-Gene_or_gene_product",
                "O",
                "O",
                "O",
                "O",
                "B-Simple_chemical",
                "O",
                "O",
                "O",
                "O",
                "O",
                "O",
                "O",
                "B-Gene_or_gene_product",
                "O",
                "O",
                "O",
                "O",
                "O",
                "B-Species",
                "O",
                "O",
                "O",
                "O",
                "O",
                "O",
                "O",
                "O",
                "B-Gene_or_gene_product",
                "O",
                "O"
            ],
            "graphs": {
                "stanford-basic": {
                    "edges": [
                        {
                            "destination": 0,
                            "relation": "nn",
                            "source": 2
                        },
                        {
                            "destination": 1,
                            "relation": "nn",
                            "source": 2
                        },
                        {
                            "destination": 3,
                            "relation": "vmod",
                            "source": 2
                        },
                        {
                            "destination": 4,
                            "relation": "dobj",
                            "source": 3
                        },
                        {
                            "destination": 7,
                            "relation": "prep",
                            "source": 3
                        },
                        {
                            "destination": 5,
                            "relation": "cc",
                            "source": 4
                        },
                        {
                            "destination": 6,
                            "relation": "conj",
                            "source": 4
                        },
                        {
                            "destination": 8,
                            "relation": "pobj",
                            "source": 7
                        },
                        {
                            "destination": 2,
                            "relation": "nsubj",
                            "source": 11
                        },
                        {
                            "destination": 9,
                            "relation": "cop",
                            "source": 11
                        },
                        {
                            "destination": 10,
                            "relation": "advmod",
                            "source": 11
                        },
                        {
                            "destination": 12,
                            "relation": "prep",
                            "source": 11
                        },
                        {
                            "destination": 14,
                            "relation": "pobj",
                            "source": 12
                        },
                        {
                            "destination": 17,
                            "relation": "rcmod",
                            "source": 14
                        },
                        {
                            "destination": 13,
                            "relation": "nn",
                            "source": 14
                        },
                        {
                            "destination": 16,
                            "relation": "nsubj",
                            "source": 17
                        },
                        {
                            "destination": 25,
                            "relation": "ccomp",
                            "source": 17
                        },
                        {
                            "destination": 20,
                            "relation": "prep",
                            "source": 19
                        },
                        {
                            "destination": 21,
                            "relation": "pobj",
                            "source": 20
                        },
                        {
                            "destination": 18,
                            "relation": "mark",
                            "source": 25
                        },
                        {
                            "destination": 19,
                            "relation": "nsubj",
                            "source": 25
                        },
                        {
                            "destination": 22,
                            "relation": "aux",
                            "source": 25
                        },
                        {
                            "destination": 23,
                            "relation": "cop",
                            "source": 25
                        },
                        {
                            "destination": 24,
                            "relation": "det",
                            "source": 25
                        },
                        {
                            "destination": 26,
                            "relation": "prep",
                            "source": 25
                        },
                        {
                            "destination": 28,
                            "relation": "pobj",
                            "source": 26
                        },
                        {
                            "destination": 27,
                            "relation": "nn",
                            "source": 28
                        },
                        {
                            "destination": 29,
                            "relation": "amod",
                            "source": 28
                        },
                        {
                            "destination": 30,
                            "relation": "prep",
                            "source": 29
                        },
                        {
                            "destination": 31,
                            "relation": "pobj",
                            "source": 30
                        },
                        {
                            "destination": 32,
                            "relation": "prep",
                            "source": 31
                        },
                        {
                            "destination": 33,
                            "relation": "pobj",
                            "source": 32
                        },
                        {
                            "destination": 34,
                            "relation": "prep",
                            "source": 33
                        },
                        {
                            "destination": 37,
                            "relation": "pobj",
                            "source": 34
                        },
                        {
                            "destination": 35,
                            "relation": "det",
                            "source": 37
                        },
                        {
                            "destination": 36,
                            "relation": "nn",
                            "source": 37
                        }
                    ],
                    "roots": [
                        11
                    ]
                },
                "stanford-collapsed": {
                    "edges": [
                        {
                            "destination": 0,
                            "relation": "nn",
                            "source": 2
                        },
                        {
                            "destination": 1,
                            "relation": "nn",
                            "source": 2
                        },
                        {
                            "destination": 3,
                            "relation": "vmod",
                            "source": 2
                        },
                        {
                            "destination": 4,
                            "relation": "dobj",
                            "source": 3
                        },
                        {
                            "destination": 6,
                            "relation": "dobj",
                            "source": 3
                        },
                        {
                            "destination": 8,
                            "relation": "prep_in",
                            "source": 3
                        },
                        {
                            "destination": 6,
                            "relation": "conj_or",
                            "source": 4
                        },
                        {
                            "destination": 2,
                            "relation": "nsubj",
                            "source": 11
                        },
                        {
                            "destination": 9,
                            "relation": "cop",
                            "source": 11
                        },
                        {
                            "destination": 10,
                            "relation": "advmod",
                            "source": 11
                        },
                        {
                            "destination": 14,
                            "relation": "prep_to",
                            "source": 11
                        },
                        {
                            "destination": 17,
                            "relation": "rcmod",
                            "source": 14
                        },
                        {
                            "destination": 13,
                            "relation": "nn",
                            "source": 14
                        },
                        {
                            "destination": 16,
                            "relation": "nsubj",
                            "source": 17
                        },
                        {
                            "destination": 25,
                            "relation": "ccomp",
                            "source": 17
                        },
                        {
                            "destination": 21,
                            "relation": "prep_of",
                            "source": 19
                        },
                        {
                            "destination": 18,
                            "relation": "mark",
                            "source": 25
                        },
                        {
                            "destination": 19,
                            "relation": "nsubj",
                            "source": 25
                        },
                        {
                            "destination": 22,
                            "relation": "aux",
                            "source": 25
                        },
                        {
                            "destination": 23,
                            "relation": "cop",
                            "source": 25
                        },
                        {
                            "destination": 24,
                            "relation": "det",
                            "source": 25
                        },
                        {
                            "destination": 28,
                            "relation": "prep_for",
                            "source": 25
                        },
                        {
                            "destination": 27,
                            "relation": "nn",
                            "source": 28
                        },
                        {
                            "destination": 29,
                            "relation": "amod",
                            "source": 28
                        },
                        {
                            "destination": 31,
                            "relation": "prep_to",
                            "source": 29
                        },
                        {
                            "destination": 33,
                            "relation": "prep_with",
                            "source": 31
                        },
                        {
                            "destination": 37,
                            "relation": "prep_of",
                            "source": 33
                        },
                        {
                            "destination": 35,
                            "relation": "det",
                            "source": 37
                        },
                        {
                            "destination": 36,
                            "relation": "nn",
                            "source": 37
                        }
                    ],
                    "roots": [
                        11
                    ]
                }
            },
            "lemmas": [
                "tumor",
                "cell",
                "line",
                "harbor",
                "deletion",
                "or",
                "mutation",
                "in",
                "fbxw7",
                "be",
                "particularly",
                "sensitive",
                "to",
                "rapamycin",
                "treatment",
                ",",
                "which",
                "suggest",
                "that",
                "loss",
                "of",
                "fbxw7",
                "may",
                "be",
                "a",
                "biomarker",
                "for",
                "human",
                "cancer",
                "susceptible",
                "to",
                "treatment",
                "with",
                "inhibitor",
                "of",
                "the",
                "mtor",
                "pathway",
                "."
            ],
            "startOffsets": [
                553,
                559,
                564,
                570,
                580,
                590,
                593,
                603,
                606,
                612,
                616,
                629,
                639,
                642,
                652,
                661,
                663,
                669,
                678,
                683,
                688,
                691,
                697,
                701,
                704,
                706,
                716,
                720,
                726,
                734,
                746,
                749,
                759,
                764,
                775,
                778,
                782,
                787,
                794
            ],
            "tags": [
                "NN",
                "NN",
                "NNS",
                "VBG",
                "NNS",
                "CC",
                "NNS",
                "IN",
                "NN",
                "VBP",
                "RB",
                "JJ",
                "TO",
                "NN",
                "NN",
                ",",
                "WDT",
                "VBZ",
                "IN",
                "NN",
                "IN",
                "NN",
                "MD",
                "VB",
                "DT",
                "NN",
                "IN",
                "NN",
                "NNS",
                "JJ",
                "TO",
                "NN",
                "IN",
                "NNS",
                "IN",
                "DT",
                "NN",
                "NN",
                "."
            ],
            "words": [
                "Tumor",
                "cell",
                "lines",
                "harboring",
                "deletions",
                "or",
                "mutations",
                "in",
                "FBXW7",
                "are",
                "particularly",
                "sensitive",
                "to",
                "rapamycin",
                "treatment",
                ",",
                "which",
                "suggests",
                "that",
                "loss",
                "of",
                "FBXW7",
                "may",
                "be",
                "a",
                "biomarker",
                "for",
                "human",
                "cancers",
                "susceptible",
                "to",
                "treatment",
                "with",
                "inhibitors",
                "of",
                "the",
                "mTOR",
                "pathway",
                "."
            ]
        }
    ],
    "text": "The enzyme mTOR (mammalian target of rapamycin) is a major target for therapeutic\nintervention to treat many human diseases, including cancer, but very little is\nknown about the processes that control levels of mTOR protein. Here, we show that\nmTOR is targeted for ubiquitination and consequent degradation by binding to the \ntumor suppressor protein FBXW7. Human breast cancer cell lines and primary tumors\nshowed a reciprocal relation between loss of FBXW7 and deletion or mutation of\nPTEN (phosphatase and tensin homolog), which also activates mTOR. Tumor cell\nlines harboring deletions or mutations in FBXW7 are particularly sensitive to\nrapamycin treatment, which suggests that loss of FBXW7 may be a biomarker for\nhuman cancers susceptible to treatment with inhibitors of the mTOR pathway."
}