{
    "id": "19287384",
    "sentences": [
        {
            "endOffsets": [
                12,
                17,
                18,
                28,
                44,
                48,
                56,
                70,
                74,
                93,
                103,
                105,
                108,
                109,
                123,
                126,
                139,
                146,
                160,
                161
            ],
            "entities": [
                "O",
                "O",
                "O",
                "O",
                "O",
                "O",
                "O",
                "O",
                "O",
                "O",
                "O",
                "O",
                "B-Gene_or_gene_product",
                "O",
                "O",
                "O",
                "O",
                "O",
                "B-BioProcess",
                "O"
            ],
            "graphs": {
                "stanford-basic": {
                    "edges": [
                        {
                            "destination": 0,
                            "relation": "nn",
                            "source": 1
                        },
                        {
                            "destination": 4,
                            "relation": "conj",
                            "source": 1
                        },
                        {
                            "destination": 5,
                            "relation": "cc",
                            "source": 1
                        },
                        {
                            "destination": 7,
                            "relation": "conj",
                            "source": 1
                        },
                        {
                            "destination": 3,
                            "relation": "amod",
                            "source": 4
                        },
                        {
                            "destination": 6,
                            "relation": "amod",
                            "source": 7
                        },
                        {
                            "destination": 1,
                            "relation": "nsubj",
                            "source": 10
                        },
                        {
                            "destination": 8,
                            "relation": "cop",
                            "source": 10
                        },
                        {
                            "destination": 9,
                            "relation": "amod",
                            "source": 10
                        },
                        {
                            "destination": 12,
                            "relation": "appos",
                            "source": 10
                        },
                        {
                            "destination": 14,
                            "relation": "vmod",
                            "source": 10
                        },
                        {
                            "destination": 15,
                            "relation": "prep",
                            "source": 14
                        },
                        {
                            "destination": 18,
                            "relation": "pobj",
                            "source": 15
                        },
                        {
                            "destination": 16,
                            "relation": "amod",
                            "source": 18
                        },
                        {
                            "destination": 17,
                            "relation": "amod",
                            "source": 18
                        }
                    ],
                    "roots": [
                        10
                    ]
                },
                "stanford-collapsed": {
                    "edges": [
                        {
                            "destination": 0,
                            "relation": "nn",
                            "source": 1
                        },
                        {
                            "destination": 4,
                            "relation": "conj_and",
                            "source": 1
                        },
                        {
                            "destination": 7,
                            "relation": "conj_and",
                            "source": 1
                        },
                        {
                            "destination": 3,
                            "relation": "amod",
                            "source": 4
                        },
                        {
                            "destination": 6,
                            "relation": "amod",
                            "source": 7
                        },
                        {
                            "destination": 1,
                            "relation": "nsubj",
                            "source": 10
                        },
                        {
                            "destination": 4,
                            "relation": "nsubj",
                            "source": 10
                        },
                        {
                            "destination": 7,
                            "relation": "nsubj",
                            "source": 10
                        },
                        {
                            "destination": 8,
                            "relation": "cop",
                            "source": 10
                        },
                        {
                            "destination": 9,
                            "relation": "amod",
                            "source": 10
                        },
                        {
                            "destination": 12,
                            "relation": "appos",
                            "source": 10
                        },
                        {
                            "destination": 14,
                            "relation": "vmod",
                            "source": 10
                        },
                        {
                            "destination": 18,
                            "relation": "agent",
                            "source": 14
                        },
                        {
                            "destination": 16,
                            "relation": "amod",
                            "source": 18
                        },
                        {
                            "destination": 17,
                            "relation": "amod",
                            "source": 18
                        }
                    ],
                    "roots": [
                        10
                    ]
                }
            },
            "lemmas": [
                "Polycythemia",
                "vera",
                ",",
                "essential",
                "thrombocythemia",
                "and",
                "primary",
                "myelofibrosis",
                "be",
                "myeloproliferative",
                "neoplasm",
                "(",
                "mpn",
                ")",
                "characterize",
                "by",
                "multilineage",
                "clonal",
                "hematopoiesis",
                "."
            ],
            "startOffsets": [
                0,
                13,
                17,
                19,
                29,
                45,
                49,
                57,
                71,
                75,
                94,
                104,
                105,
                108,
                110,
                124,
                127,
                140,
                147,
                160
            ],
            "tags": [
                "NNP",
                "NN",
                ",",
                "JJ",
                "NN",
                "CC",
                "JJ",
                "NN",
                "VBP",
                "JJ",
                "NNS",
                "-LRB-",
                "NN",
                "-RRB-",
                "VBN",
                "IN",
                "JJ",
                "JJ",
                "NN",
                "."
            ],
            "words": [
                "Polycythemia",
                "vera",
                ",",
                "essential",
                "thrombocythemia",
                "and",
                "primary",
                "myelofibrosis",
                "are",
                "myeloproliferative",
                "neoplasms",
                "(",
                "MPN",
                ")",
                "characterized",
                "by",
                "multilineage",
                "clonal",
                "hematopoiesis",
                "."
            ]
        },
        {
            "endOffsets": [
                167,
                172,
                176,
                186,
                194,
                205,
                214,
                217,
                221,
                226,
                235,
                242,
                247,
                249,
                253,
                254,
                259,
                260,
                261,
                264,
                273,
                276,
                281,
                293,
                298,
                311,
                316,
                317,
                327,
                343,
                347,
                355,
                369,
                370,
                376,
                383,
                387,
                398,
                406,
                413,
                418,
                429,
                432,
                436,
                449,
                452,
                458,
                473,
                482,
                492,
                493
            ],
            "entities": [
                "O",
                "O",
                "O",
                "O",
                "O",
                "O",
                "O",
                "O",
                "O",
                "B-Gene_or_gene_product",
                "B-Site",
                "O",
                "O",
                "O",
                "B-Gene_or_gene_product",
                "O",
                "B-Gene_or_gene_product",
                "O",
                "O",
                "O",
                "O",
                "O",
                "O",
                "O",
                "O",
                "O",
                "O",
                "O",
                "O",
                "O",
                "O",
                "O",
                "O",
                "O",
                "O",
                "O",
                "O",
                "O",
                "O",
                "O",
                "O",
                "O",
                "O",
                "O",
                "O",
                "O",
                "O",
                "O",
                "O",
                "O",
                "O"
            ],
            "graphs": {
                "stanford-basic": {
                    "edges": [
                        {
                            "destination": 20,
                            "relation": "pcomp",
                            "source": 0
                        },
                        {
                            "destination": 2,
                            "relation": "det",
                            "source": 6
                        },
                        {
                            "destination": 3,
                            "relation": "amod",
                            "source": 6
                        },
                        {
                            "destination": 4,
                            "relation": "amod",
                            "source": 6
                        },
                        {
                            "destination": 5,
                            "relation": "nn",
                            "source": 6
                        },
                        {
                            "destination": 7,
                            "relation": "prep",
                            "source": 6
                        },
                        {
                            "destination": 9,
                            "relation": "pobj",
                            "source": 7
                        },
                        {
                            "destination": 8,
                            "relation": "det",
                            "source": 9
                        },
                        {
                            "destination": 12,
                            "relation": "dep",
                            "source": 9
                        },
                        {
                            "destination": 16,
                            "relation": "appos",
                            "source": 12
                        },
                        {
                            "destination": 10,
                            "relation": "nn",
                            "source": 12
                        },
                        {
                            "destination": 11,
                            "relation": "nn",
                            "source": 12
                        },
                        {
                            "destination": 14,
                            "relation": "dep",
                            "source": 12
                        },
                        {
                            "destination": 1,
                            "relation": "mark",
                            "source": 20
                        },
                        {
                            "destination": 19,
                            "relation": "auxpass",
                            "source": 20
                        },
                        {
                            "destination": 21,
                            "relation": "prep",
                            "source": 20
                        },
                        {
                            "destination": 6,
                            "relation": "nsubjpass",
                            "source": 20
                        },
                        {
                            "destination": 24,
                            "relation": "prep",
                            "source": 20
                        },
                        {
                            "destination": 23,
                            "relation": "pobj",
                            "source": 21
                        },
                        {
                            "destination": 22,
                            "relation": "amod",
                            "source": 23
                        },
                        {
                            "destination": 26,
                            "relation": "pobj",
                            "source": 24
                        },
                        {
                            "destination": 32,
                            "relation": "conj",
                            "source": 26
                        },
                        {
                            "destination": 25,
                            "relation": "nn",
                            "source": 26
                        },
                        {
                            "destination": 29,
                            "relation": "conj",
                            "source": 26
                        },
                        {
                            "destination": 30,
                            "relation": "cc",
                            "source": 26
                        },
                        {
                            "destination": 28,
                            "relation": "amod",
                            "source": 29
                        },
                        {
                            "destination": 31,
                            "relation": "amod",
                            "source": 32
                        },
                        {
                            "destination": 0,
                            "relation": "dep",
                            "source": 36
                        },
                        {
                            "destination": 34,
                            "relation": "expl",
                            "source": 36
                        },
                        {
                            "destination": 35,
                            "relation": "advmod",
                            "source": 36
                        },
                        {
                            "destination": 39,
                            "relation": "nsubj",
                            "source": 36
                        },
                        {
                            "destination": 37,
                            "relation": "amod",
                            "source": 39
                        },
                        {
                            "destination": 38,
                            "relation": "amod",
                            "source": 39
                        },
                        {
                            "destination": 41,
                            "relation": "rcmod",
                            "source": 39
                        },
                        {
                            "destination": 40,
                            "relation": "nsubj",
                            "source": 41
                        },
                        {
                            "destination": 42,
                            "relation": "prep",
                            "source": 41
                        },
                        {
                            "destination": 44,
                            "relation": "pobj",
                            "source": 42
                        },
                        {
                            "destination": 43,
                            "relation": "det",
                            "source": 44
                        },
                        {
                            "destination": 45,
                            "relation": "prep",
                            "source": 44
                        },
                        {
                            "destination": 49,
                            "relation": "pobj",
                            "source": 45
                        },
                        {
                            "destination": 47,
                            "relation": "advmod",
                            "source": 48
                        },
                        {
                            "destination": 48,
                            "relation": "amod",
                            "source": 49
                        },
                        {
                            "destination": 46,
                            "relation": "det",
                            "source": 49
                        }
                    ],
                    "roots": [
                        36
                    ]
                },
                "stanford-collapsed": {
                    "edges": [
                        {
                            "destination": 20,
                            "relation": "pcomp",
                            "source": 0
                        },
                        {
                            "destination": 2,
                            "relation": "det",
                            "source": 6
                        },
                        {
                            "destination": 3,
                            "relation": "amod",
                            "source": 6
                        },
                        {
                            "destination": 4,
                            "relation": "amod",
                            "source": 6
                        },
                        {
                            "destination": 5,
                            "relation": "nn",
                            "source": 6
                        },
                        {
                            "destination": 9,
                            "relation": "prep_in",
                            "source": 6
                        },
                        {
                            "destination": 8,
                            "relation": "det",
                            "source": 9
                        },
                        {
                            "destination": 12,
                            "relation": "dep",
                            "source": 9
                        },
                        {
                            "destination": 16,
                            "relation": "appos",
                            "source": 12
                        },
                        {
                            "destination": 10,
                            "relation": "nn",
                            "source": 12
                        },
                        {
                            "destination": 11,
                            "relation": "nn",
                            "source": 12
                        },
                        {
                            "destination": 14,
                            "relation": "dep",
                            "source": 12
                        },
                        {
                            "destination": 32,
                            "relation": "prep_with",
                            "source": 20
                        },
                        {
                            "destination": 1,
                            "relation": "mark",
                            "source": 20
                        },
                        {
                            "destination": 19,
                            "relation": "auxpass",
                            "source": 20
                        },
                        {
                            "destination": 6,
                            "relation": "nsubjpass",
                            "source": 20
                        },
                        {
                            "destination": 23,
                            "relation": "prep_in",
                            "source": 20
                        },
                        {
                            "destination": 26,
                            "relation": "prep_with",
                            "source": 20
                        },
                        {
                            "destination": 29,
                            "relation": "prep_with",
                            "source": 20
                        },
                        {
                            "destination": 22,
                            "relation": "amod",
                            "source": 23
                        },
                        {
                            "destination": 32,
                            "relation": "conj_and",
                            "source": 26
                        },
                        {
                            "destination": 25,
                            "relation": "nn",
                            "source": 26
                        },
                        {
                            "destination": 29,
                            "relation": "conj_and",
                            "source": 26
                        },
                        {
                            "destination": 28,
                            "relation": "amod",
                            "source": 29
                        },
                        {
                            "destination": 31,
                            "relation": "amod",
                            "source": 32
                        },
                        {
                            "destination": 0,
                            "relation": "dep",
                            "source": 36
                        },
                        {
                            "destination": 34,
                            "relation": "expl",
                            "source": 36
                        },
                        {
                            "destination": 35,
                            "relation": "advmod",
                            "source": 36
                        },
                        {
                            "destination": 39,
                            "relation": "nsubj",
                            "source": 36
                        },
                        {
                            "destination": 37,
                            "relation": "amod",
                            "source": 39
                        },
                        {
                            "destination": 38,
                            "relation": "amod",
                            "source": 39
                        },
                        {
                            "destination": 41,
                            "relation": "rcmod",
                            "source": 39
                        },
                        {
                            "destination": 40,
                            "relation": "nsubj",
                            "source": 41
                        },
                        {
                            "destination": 44,
                            "relation": "prep_to",
                            "source": 41
                        },
                        {
                            "destination": 49,
                            "relation": "prep_of",
                            "source": 44
                        },
                        {
                            "destination": 43,
                            "relation": "det",
                            "source": 44
                        },
                        {
                            "destination": 47,
                            "relation": "advmod",
                            "source": 48
                        },
                        {
                            "destination": 48,
                            "relation": "amod",
                            "source": 49
                        },
                        {
                            "destination": 46,
                            "relation": "det",
                            "source": 49
                        }
                    ],
                    "roots": [
                        36
                    ]
                }
            },
            "lemmas": [
                "give",
                "that",
                "the",
                "identical",
                "somatic",
                "activating",
                "mutation",
                "in",
                "the",
                "jak2",
                "tyrosine",
                "kinase",
                "gene",
                "(",
                "jak2",
                "(",
                "v617f",
                ")",
                ")",
                "be",
                "observe",
                "in",
                "most",
                "individual",
                "with",
                "polycythemia",
                "vera",
                ",",
                "essential",
                "thrombocythemia",
                "and",
                "primary",
                "myelofibrosis",
                ",",
                "there",
                "likely",
                "be",
                "additional",
                "genetic",
                "event",
                "that",
                "contribute",
                "to",
                "the",
                "pathogenesis",
                "of",
                "these",
                "phenotypically",
                "distinct",
                "disorder",
                "."
            ],
            "startOffsets": [
                162,
                168,
                173,
                177,
                187,
                195,
                206,
                215,
                218,
                222,
                227,
                236,
                243,
                248,
                249,
                253,
                254,
                259,
                260,
                262,
                265,
                274,
                277,
                282,
                294,
                299,
                312,
                316,
                318,
                328,
                344,
                348,
                356,
                369,
                371,
                377,
                384,
                388,
                399,
                407,
                414,
                419,
                430,
                433,
                437,
                450,
                453,
                459,
                474,
                483,
                492
            ],
            "tags": [
                "VBN",
                "IN",
                "DT",
                "JJ",
                "JJ",
                "NN",
                "NN",
                "IN",
                "DT",
                "NN",
                "NN",
                "NN",
                "NN",
                "-LRB-",
                "NN",
                "-LRB-",
                "NN",
                "-RRB-",
                "-RRB-",
                "VBZ",
                "VBN",
                "IN",
                "JJS",
                "NNS",
                "IN",
                "NN",
                "NN",
                ",",
                "JJ",
                "NN",
                "CC",
                "JJ",
                "NN",
                ",",
                "EX",
                "RB",
                "VBP",
                "JJ",
                "JJ",
                "NNS",
                "WDT",
                "VBP",
                "TO",
                "DT",
                "NN",
                "IN",
                "DT",
                "RB",
                "JJ",
                "NNS",
                "."
            ],
            "words": [
                "Given",
                "that",
                "the",
                "identical",
                "somatic",
                "activating",
                "mutation",
                "in",
                "the",
                "JAK2",
                "tyrosine",
                "kinase",
                "gene",
                "(",
                "JAK2",
                "(",
                "V617F",
                ")",
                ")",
                "is",
                "observed",
                "in",
                "most",
                "individuals",
                "with",
                "polycythemia",
                "vera",
                ",",
                "essential",
                "thrombocythemia",
                "and",
                "primary",
                "myelofibrosis",
                ",",
                "there",
                "likely",
                "are",
                "additional",
                "genetic",
                "events",
                "that",
                "contribute",
                "to",
                "the",
                "pathogenesis",
                "of",
                "these",
                "phenotypically",
                "distinct",
                "disorders",
                "."
            ]
        },
        {
            "endOffsets": [
                502,
                503,
                510,
                518,
                521,
                533,
                538,
                542,
                546,
                549,
                556,
                561,
                565,
                569,
                581,
                584,
                588,
                589,
                600,
                605,
                609,
                619,
                623,
                627,
                642,
                647,
                648
            ],
            "entities": [
                "O",
                "O",
                "O",
                "O",
                "O",
                "O",
                "O",
                "B-Gene_or_gene_product",
                "O",
                "O",
                "O",
                "O",
                "O",
                "O",
                "O",
                "O",
                "B-Gene_or_gene_product",
                "O",
                "O",
                "O",
                "O",
                "O",
                "O",
                "B-Gene_or_gene_product",
                "O",
                "O",
                "O"
            ],
            "graphs": {
                "stanford-basic": {
                    "edges": [
                        {
                            "destination": 2,
                            "relation": "nn",
                            "source": 3
                        },
                        {
                            "destination": 4,
                            "relation": "prep",
                            "source": 3
                        },
                        {
                            "destination": 5,
                            "relation": "pobj",
                            "source": 4
                        },
                        {
                            "destination": 6,
                            "relation": "prep",
                            "source": 5
                        },
                        {
                            "destination": 7,
                            "relation": "pobj",
                            "source": 6
                        },
                        {
                            "destination": 11,
                            "relation": "pobj",
                            "source": 9
                        },
                        {
                            "destination": 10,
                            "relation": "amod",
                            "source": 11
                        },
                        {
                            "destination": 12,
                            "relation": "prep",
                            "source": 11
                        },
                        {
                            "destination": 14,
                            "relation": "pobj",
                            "source": 12
                        },
                        {
                            "destination": 15,
                            "relation": "prep",
                            "source": 14
                        },
                        {
                            "destination": 13,
                            "relation": "det",
                            "source": 14
                        },
                        {
                            "destination": 16,
                            "relation": "pobj",
                            "source": 15
                        },
                        {
                            "destination": 0,
                            "relation": "advmod",
                            "source": 18
                        },
                        {
                            "destination": 3,
                            "relation": "nsubj",
                            "source": 18
                        },
                        {
                            "destination": 19,
                            "relation": "prep",
                            "source": 18
                        },
                        {
                            "destination": 8,
                            "relation": "cop",
                            "source": 18
                        },
                        {
                            "destination": 9,
                            "relation": "prep",
                            "source": 18
                        },
                        {
                            "destination": 21,
                            "relation": "pobj",
                            "source": 19
                        },
                        {
                            "destination": 20,
                            "relation": "det",
                            "source": 21
                        },
                        {
                            "destination": 22,
                            "relation": "prep",
                            "source": 21
                        },
                        {
                            "destination": 25,
                            "relation": "pobj",
                            "source": 22
                        },
                        {
                            "destination": 23,
                            "relation": "nn",
                            "source": 25
                        },
                        {
                            "destination": 24,
                            "relation": "nn",
                            "source": 25
                        }
                    ],
                    "roots": [
                        18
                    ]
                },
                "stanford-collapsed": {
                    "edges": [
                        {
                            "destination": 2,
                            "relation": "nn",
                            "source": 3
                        },
                        {
                            "destination": 5,
                            "relation": "prep_of",
                            "source": 3
                        },
                        {
                            "destination": 7,
                            "relation": "prep_with",
                            "source": 5
                        },
                        {
                            "destination": 10,
                            "relation": "amod",
                            "source": 11
                        },
                        {
                            "destination": 14,
                            "relation": "prep_for",
                            "source": 11
                        },
                        {
                            "destination": 16,
                            "relation": "prep_of",
                            "source": 14
                        },
                        {
                            "destination": 13,
                            "relation": "det",
                            "source": 14
                        },
                        {
                            "destination": 0,
                            "relation": "advmod",
                            "source": 18
                        },
                        {
                            "destination": 3,
                            "relation": "nsubj",
                            "source": 18
                        },
                        {
                            "destination": 21,
                            "relation": "prep_with",
                            "source": 18
                        },
                        {
                            "destination": 8,
                            "relation": "cop",
                            "source": 18
                        },
                        {
                            "destination": 11,
                            "relation": "prep_at",
                            "source": 18
                        },
                        {
                            "destination": 20,
                            "relation": "det",
                            "source": 21
                        },
                        {
                            "destination": 25,
                            "relation": "prep_of",
                            "source": 21
                        },
                        {
                            "destination": 23,
                            "relation": "nn",
                            "source": 25
                        },
                        {
                            "destination": 24,
                            "relation": "nn",
                            "source": 25
                        }
                    ],
                    "roots": [
                        18
                    ]
                }
            },
            "lemmas": [
                "moreover",
                ",",
                "family",
                "member",
                "of",
                "individual",
                "with",
                "mpn",
                "be",
                "at",
                "higher",
                "risk",
                "for",
                "the",
                "development",
                "of",
                "MPN",
                ",",
                "consistent",
                "with",
                "the",
                "existence",
                "of",
                "mpn",
                "predisposition",
                "locus",
                "."
            ],
            "startOffsets": [
                494,
                502,
                504,
                511,
                519,
                522,
                534,
                539,
                543,
                547,
                550,
                557,
                562,
                566,
                570,
                582,
                585,
                588,
                590,
                601,
                606,
                610,
                621,
                624,
                628,
                643,
                647
            ],
            "tags": [
                "RB",
                ",",
                "NN",
                "NNS",
                "IN",
                "NNS",
                "IN",
                "NN",
                "VBP",
                "IN",
                "JJR",
                "NN",
                "IN",
                "DT",
                "NN",
                "IN",
                "NNP",
                ",",
                "JJ",
                "IN",
                "DT",
                "NN",
                "IN",
                "NN",
                "NN",
                "NNS",
                "."
            ],
            "words": [
                "Moreover",
                ",",
                "family",
                "members",
                "of",
                "individuals",
                "with",
                "MPN",
                "are",
                "at",
                "higher",
                "risk",
                "for",
                "the",
                "development",
                "of",
                "MPN",
                ",",
                "consistent",
                "with",
                "the",
                "existence",
                "of",
                "MPN",
                "predisposition",
                "loci",
                "."
            ]
        },
        {
            "endOffsets": [
                651,
                664,
                669,
                678,
                688,
                700,
                703,
                707,
                722,
                726,
                737,
                748,
                749
            ],
            "entities": [
                "O",
                "O",
                "O",
                "O",
                "O",
                "O",
                "O",
                "B-Gene_or_gene_product",
                "O",
                "O",
                "O",
                "O",
                "O"
            ],
            "graphs": {
                "stanford-basic": {
                    "edges": [
                        {
                            "destination": 0,
                            "relation": "nsubj",
                            "source": 1
                        },
                        {
                            "destination": 5,
                            "relation": "ccomp",
                            "source": 1
                        },
                        {
                            "destination": 3,
                            "relation": "nn",
                            "source": 4
                        },
                        {
                            "destination": 2,
                            "relation": "mark",
                            "source": 5
                        },
                        {
                            "destination": 4,
                            "relation": "nsubj",
                            "source": 5
                        },
                        {
                            "destination": 6,
                            "relation": "prep",
                            "source": 5
                        },
                        {
                            "destination": 8,
                            "relation": "pobj",
                            "source": 6
                        },
                        {
                            "destination": 7,
                            "relation": "nn",
                            "source": 8
                        },
                        {
                            "destination": 9,
                            "relation": "cc",
                            "source": 8
                        },
                        {
                            "destination": 11,
                            "relation": "conj",
                            "source": 8
                        },
                        {
                            "destination": 10,
                            "relation": "amod",
                            "source": 11
                        }
                    ],
                    "roots": [
                        1
                    ]
                },
                "stanford-collapsed": {
                    "edges": [
                        {
                            "destination": 0,
                            "relation": "nsubj",
                            "source": 1
                        },
                        {
                            "destination": 5,
                            "relation": "ccomp",
                            "source": 1
                        },
                        {
                            "destination": 3,
                            "relation": "nn",
                            "source": 4
                        },
                        {
                            "destination": 2,
                            "relation": "mark",
                            "source": 5
                        },
                        {
                            "destination": 4,
                            "relation": "nsubj",
                            "source": 5
                        },
                        {
                            "destination": 8,
                            "relation": "prep_to",
                            "source": 5
                        },
                        {
                            "destination": 11,
                            "relation": "prep_to",
                            "source": 5
                        },
                        {
                            "destination": 7,
                            "relation": "nn",
                            "source": 8
                        },
                        {
                            "destination": 11,
                            "relation": "conj_and",
                            "source": 8
                        },
                        {
                            "destination": 10,
                            "relation": "amod",
                            "source": 11
                        }
                    ],
                    "roots": [
                        1
                    ]
                }
            },
            "lemmas": [
                "we",
                "hypothesize",
                "that",
                "germline",
                "variation",
                "contribute",
                "to",
                "mpn",
                "predisposition",
                "and",
                "phenotypic",
                "pleiotropy",
                "."
            ],
            "startOffsets": [
                649,
                652,
                665,
                670,
                679,
                689,
                701,
                704,
                708,
                723,
                727,
                738,
                748
            ],
            "tags": [
                "PRP",
                "VBD",
                "IN",
                "NN",
                "NN",
                "VBZ",
                "TO",
                "NN",
                "NN",
                "CC",
                "JJ",
                "NN",
                "."
            ],
            "words": [
                "We",
                "hypothesized",
                "that",
                "germline",
                "variation",
                "contributes",
                "to",
                "MPN",
                "predisposition",
                "and",
                "phenotypic",
                "pleiotropy",
                "."
            ]
        },
        {
            "endOffsets": [
                761,
                770,
                781,
                785,
                792,
                795,
                799,
                804,
                810,
                812,
                822,
                823,
                828,
                840,
                843,
                847,
                859,
                862,
                867,
                868,
                873,
                883,
                887,
                888,
                891,
                896,
                899,
                905,
                916,
                924,
                928,
                937,
                942,
                943
            ],
            "entities": [
                "O",
                "O",
                "O",
                "O",
                "O",
                "O",
                "O",
                "B-Gene_or_gene_product",
                "O",
                "O",
                "B-Gene_or_gene_product",
                "O",
                "O",
                "O",
                "O",
                "O",
                "O",
                "O",
                "B-Gene_or_gene_product",
                "O",
                "O",
                "O",
                "B-Gene_or_gene_product",
                "O",
                "O",
                "O",
                "O",
                "O",
                "O",
                "O",
                "B-Gene_or_gene_product",
                "O",
                "O",
                "O"
            ],
            "graphs": {
                "stanford-basic": {
                    "edges": [
                        {
                            "destination": 0,
                            "relation": "amod",
                            "source": 1
                        },
                        {
                            "destination": 1,
                            "relation": "nsubj",
                            "source": 2
                        },
                        {
                            "destination": 4,
                            "relation": "dobj",
                            "source": 2
                        },
                        {
                            "destination": 3,
                            "relation": "det",
                            "source": 4
                        },
                        {
                            "destination": 5,
                            "relation": "prep",
                            "source": 4
                        },
                        {
                            "destination": 25,
                            "relation": "cc",
                            "source": 4
                        },
                        {
                            "destination": 27,
                            "relation": "conj",
                            "source": 4
                        },
                        {
                            "destination": 8,
                            "relation": "pobj",
                            "source": 5
                        },
                        {
                            "destination": 6,
                            "relation": "det",
                            "source": 8
                        },
                        {
                            "destination": 7,
                            "relation": "nn",
                            "source": 8
                        },
                        {
                            "destination": 10,
                            "relation": "appos",
                            "source": 8
                        },
                        {
                            "destination": 13,
                            "relation": "rcmod",
                            "source": 8
                        },
                        {
                            "destination": 12,
                            "relation": "nsubj",
                            "source": 13
                        },
                        {
                            "destination": 14,
                            "relation": "prep",
                            "source": 13
                        },
                        {
                            "destination": 16,
                            "relation": "pobj",
                            "source": 14
                        },
                        {
                            "destination": 15,
                            "relation": "det",
                            "source": 16
                        },
                        {
                            "destination": 17,
                            "relation": "prep",
                            "source": 16
                        },
                        {
                            "destination": 22,
                            "relation": "dep",
                            "source": 16
                        },
                        {
                            "destination": 18,
                            "relation": "pobj",
                            "source": 17
                        },
                        {
                            "destination": 20,
                            "relation": "nn",
                            "source": 22
                        },
                        {
                            "destination": 21,
                            "relation": "amod",
                            "source": 22
                        },
                        {
                            "destination": 24,
                            "relation": "advmod",
                            "source": 25
                        },
                        {
                            "destination": 26,
                            "relation": "mwe",
                            "source": 25
                        },
                        {
                            "destination": 32,
                            "relation": "dep",
                            "source": 27
                        },
                        {
                            "destination": 28,
                            "relation": "advmod",
                            "source": 29
                        },
                        {
                            "destination": 31,
                            "relation": "nn",
                            "source": 32
                        },
                        {
                            "destination": 29,
                            "relation": "amod",
                            "source": 32
                        },
                        {
                            "destination": 30,
                            "relation": "nn",
                            "source": 32
                        }
                    ],
                    "roots": [
                        2
                    ]
                },
                "stanford-collapsed": {
                    "edges": [
                        {
                            "destination": 31,
                            "relation": "nn",
                            "source": 32
                        },
                        {
                            "destination": 29,
                            "relation": "amod",
                            "source": 32
                        },
                        {
                            "destination": 30,
                            "relation": "nn",
                            "source": 32
                        },
                        {
                            "destination": 0,
                            "relation": "amod",
                            "source": 1
                        },
                        {
                            "destination": 1,
                            "relation": "nsubj",
                            "source": 2
                        },
                        {
                            "destination": 4,
                            "relation": "dobj",
                            "source": 2
                        },
                        {
                            "destination": 27,
                            "relation": "dobj",
                            "source": 2
                        },
                        {
                            "destination": 3,
                            "relation": "det",
                            "source": 4
                        },
                        {
                            "destination": 8,
                            "relation": "prep_in",
                            "source": 4
                        },
                        {
                            "destination": 27,
                            "relation": "conj_and",
                            "source": 4
                        },
                        {
                            "destination": 6,
                            "relation": "det",
                            "source": 8
                        },
                        {
                            "destination": 7,
                            "relation": "nn",
                            "source": 8
                        },
                        {
                            "destination": 10,
                            "relation": "appos",
                            "source": 8
                        },
                        {
                            "destination": 13,
                            "relation": "rcmod",
                            "source": 8
                        },
                        {
                            "destination": 16,
                            "relation": "prep_to",
                            "source": 13
                        },
                        {
                            "destination": 12,
                            "relation": "nsubj",
                            "source": 13
                        },
                        {
                            "destination": 15,
                            "relation": "det",
                            "source": 16
                        },
                        {
                            "destination": 18,
                            "relation": "prep_of",
                            "source": 16
                        },
                        {
                            "destination": 22,
                            "relation": "dep",
                            "source": 16
                        },
                        {
                            "destination": 20,
                            "relation": "nn",
                            "source": 22
                        },
                        {
                            "destination": 21,
                            "relation": "amod",
                            "source": 22
                        },
                        {
                            "destination": 32,
                            "relation": "dep",
                            "source": 27
                        },
                        {
                            "destination": 28,
                            "relation": "advmod",
                            "source": 29
                        }
                    ],
                    "roots": [
                        2
                    ]
                }
            },
            "lemmas": [
                "genome-wide",
                "analysis",
                "identify",
                "a",
                "allele",
                "in",
                "the",
                "jak2",
                "locus",
                "(",
                "rs10974944",
                ")",
                "that",
                "predispose",
                "to",
                "the",
                "development",
                "of",
                "jak2",
                "(",
                "v617f",
                ")-positive",
                "mpn",
                ",",
                "as",
                "well",
                "as",
                "three",
                "previously",
                "unknown",
                "MPN",
                "modifier",
                "locus",
                "."
            ],
            "startOffsets": [
                750,
                762,
                771,
                783,
                786,
                793,
                796,
                800,
                805,
                811,
                812,
                822,
                824,
                829,
                841,
                844,
                848,
                860,
                863,
                867,
                868,
                873,
                884,
                887,
                889,
                892,
                897,
                900,
                906,
                917,
                925,
                929,
                938,
                942
            ],
            "tags": [
                "JJ",
                "NN",
                "VBD",
                "DT",
                "NN",
                "IN",
                "DT",
                "NN",
                "NN",
                "-LRB-",
                "NN",
                "-RRB-",
                "WDT",
                "VBZ",
                "TO",
                "DT",
                "NN",
                "IN",
                "NN",
                "-LRB-",
                "NN",
                "JJ",
                "NN",
                ",",
                "RB",
                "RB",
                "IN",
                "CD",
                "RB",
                "JJ",
                "NNP",
                "NN",
                "NNS",
                "."
            ],
            "words": [
                "Genome-wide",
                "analysis",
                "identified",
                "an",
                "allele",
                "in",
                "the",
                "JAK2",
                "locus",
                "(",
                "rs10974944",
                ")",
                "that",
                "predisposes",
                "to",
                "the",
                "development",
                "of",
                "JAK2",
                "(",
                "V617F",
                ")-positive",
                "MPN",
                ",",
                "as",
                "well",
                "as",
                "three",
                "previously",
                "unknown",
                "MPN",
                "modifier",
                "loci",
                "."
            ]
        },
        {
            "endOffsets": [
                947,
                953,
                958,
                963,
                964,
                969,
                970,
                973,
                988,
                997,
                1000,
                1004,
                1009,
                1013,
                1028,
                1035,
                1036
            ],
            "entities": [
                "O",
                "O",
                "O",
                "B-Gene_or_gene_product",
                "O",
                "B-Gene_or_gene_product",
                "O",
                "O",
                "O",
                "O",
                "O",
                "O",
                "O",
                "O",
                "O",
                "O",
                "O"
            ],
            "graphs": {
                "stanford-basic": {
                    "edges": [
                        {
                            "destination": 0,
                            "relation": "nsubj",
                            "source": 1
                        },
                        {
                            "destination": 9,
                            "relation": "ccomp",
                            "source": 1
                        },
                        {
                            "destination": 5,
                            "relation": "appos",
                            "source": 3
                        },
                        {
                            "destination": 2,
                            "relation": "mark",
                            "source": 9
                        },
                        {
                            "destination": 3,
                            "relation": "nsubjpass",
                            "source": 9
                        },
                        {
                            "destination": 7,
                            "relation": "auxpass",
                            "source": 9
                        },
                        {
                            "destination": 8,
                            "relation": "advmod",
                            "source": 9
                        },
                        {
                            "destination": 10,
                            "relation": "prep",
                            "source": 9
                        },
                        {
                            "destination": 12,
                            "relation": "prep",
                            "source": 9
                        },
                        {
                            "destination": 11,
                            "relation": "pobj",
                            "source": 10
                        },
                        {
                            "destination": 15,
                            "relation": "pobj",
                            "source": 12
                        },
                        {
                            "destination": 13,
                            "relation": "det",
                            "source": 15
                        },
                        {
                            "destination": 14,
                            "relation": "nn",
                            "source": 15
                        }
                    ],
                    "roots": [
                        1
                    ]
                },
                "stanford-collapsed": {
                    "edges": [
                        {
                            "destination": 13,
                            "relation": "det",
                            "source": 15
                        },
                        {
                            "destination": 14,
                            "relation": "nn",
                            "source": 15
                        },
                        {
                            "destination": 0,
                            "relation": "nsubj",
                            "source": 1
                        },
                        {
                            "destination": 9,
                            "relation": "ccomp",
                            "source": 1
                        },
                        {
                            "destination": 5,
                            "relation": "appos",
                            "source": 3
                        },
                        {
                            "destination": 15,
                            "relation": "prep_with",
                            "source": 9
                        },
                        {
                            "destination": 2,
                            "relation": "mark",
                            "source": 9
                        },
                        {
                            "destination": 3,
                            "relation": "nsubjpass",
                            "source": 9
                        },
                        {
                            "destination": 7,
                            "relation": "auxpass",
                            "source": 9
                        },
                        {
                            "destination": 8,
                            "relation": "advmod",
                            "source": 9
                        },
                        {
                            "destination": 11,
                            "relation": "prep_in",
                            "source": 9
                        }
                    ],
                    "roots": [
                        1
                    ]
                }
            },
            "lemmas": [
                "we",
                "find",
                "that",
                "jak2",
                "(",
                "v617f",
                ")",
                "be",
                "preferentially",
                "acquire",
                "in",
                "ci",
                "with",
                "the",
                "predisposition",
                "allele",
                "."
            ],
            "startOffsets": [
                945,
                948,
                954,
                959,
                963,
                964,
                969,
                971,
                974,
                989,
                998,
                1001,
                1005,
                1010,
                1014,
                1029,
                1035
            ],
            "tags": [
                "PRP",
                "VBD",
                "IN",
                "NN",
                "-LRB-",
                "NN",
                "-RRB-",
                "VBZ",
                "RB",
                "VBN",
                "IN",
                "NN",
                "IN",
                "DT",
                "NN",
                "NN",
                "."
            ],
            "words": [
                "We",
                "found",
                "that",
                "JAK2",
                "(",
                "V617F",
                ")",
                "is",
                "preferentially",
                "acquired",
                "in",
                "cis",
                "with",
                "the",
                "predisposition",
                "allele",
                "."
            ]
        },
        {
            "endOffsets": [
                1042,
                1047,
                1055,
                1060,
                1069,
                1079,
                1082,
                1085,
                1095,
                1107,
                1110,
                1114,
                1124,
                1128,
                1143,
                1144
            ],
            "entities": [
                "O",
                "O",
                "O",
                "O",
                "O",
                "O",
                "O",
                "O",
                "O",
                "O",
                "O",
                "B-Gene_or_gene_product",
                "O",
                "O",
                "O",
                "O"
            ],
            "graphs": {
                "stanford-basic": {
                    "edges": [
                        {
                            "destination": 0,
                            "relation": "det",
                            "source": 1
                        },
                        {
                            "destination": 1,
                            "relation": "nsubj",
                            "source": 2
                        },
                        {
                            "destination": 9,
                            "relation": "ccomp",
                            "source": 2
                        },
                        {
                            "destination": 4,
                            "relation": "nn",
                            "source": 5
                        },
                        {
                            "destination": 3,
                            "relation": "mark",
                            "source": 9
                        },
                        {
                            "destination": 5,
                            "relation": "nsubj",
                            "source": 9
                        },
                        {
                            "destination": 6,
                            "relation": "cop",
                            "source": 9
                        },
                        {
                            "destination": 7,
                            "relation": "det",
                            "source": 9
                        },
                        {
                            "destination": 8,
                            "relation": "amod",
                            "source": 9
                        },
                        {
                            "destination": 10,
                            "relation": "prep",
                            "source": 9
                        },
                        {
                            "destination": 12,
                            "relation": "pobj",
                            "source": 10
                        },
                        {
                            "destination": 11,
                            "relation": "nn",
                            "source": 12
                        },
                        {
                            "destination": 13,
                            "relation": "cc",
                            "source": 12
                        },
                        {
                            "destination": 14,
                            "relation": "conj",
                            "source": 12
                        }
                    ],
                    "roots": [
                        2
                    ]
                },
                "stanford-collapsed": {
                    "edges": [
                        {
                            "destination": 0,
                            "relation": "det",
                            "source": 1
                        },
                        {
                            "destination": 1,
                            "relation": "nsubj",
                            "source": 2
                        },
                        {
                            "destination": 9,
                            "relation": "ccomp",
                            "source": 2
                        },
                        {
                            "destination": 4,
                            "relation": "nn",
                            "source": 5
                        },
                        {
                            "destination": 3,
                            "relation": "mark",
                            "source": 9
                        },
                        {
                            "destination": 5,
                            "relation": "nsubj",
                            "source": 9
                        },
                        {
                            "destination": 6,
                            "relation": "cop",
                            "source": 9
                        },
                        {
                            "destination": 7,
                            "relation": "det",
                            "source": 9
                        },
                        {
                            "destination": 8,
                            "relation": "amod",
                            "source": 9
                        },
                        {
                            "destination": 12,
                            "relation": "prep_to",
                            "source": 9
                        },
                        {
                            "destination": 14,
                            "relation": "prep_to",
                            "source": 9
                        },
                        {
                            "destination": 11,
                            "relation": "nn",
                            "source": 12
                        },
                        {
                            "destination": 14,
                            "relation": "conj_and",
                            "source": 12
                        }
                    ],
                    "roots": [
                        2
                    ]
                }
            },
            "lemmas": [
                "these",
                "datum",
                "suggest",
                "that",
                "germline",
                "variation",
                "be",
                "a",
                "important",
                "contributor",
                "to",
                "mpn",
                "phenotype",
                "and",
                "predisposition",
                "."
            ],
            "startOffsets": [
                1037,
                1043,
                1048,
                1056,
                1061,
                1070,
                1080,
                1083,
                1086,
                1096,
                1108,
                1111,
                1115,
                1125,
                1129,
                1143
            ],
            "tags": [
                "DT",
                "NNS",
                "VBP",
                "IN",
                "NN",
                "NN",
                "VBZ",
                "DT",
                "JJ",
                "NN",
                "TO",
                "NN",
                "NN",
                "CC",
                "NN",
                "."
            ],
            "words": [
                "These",
                "data",
                "suggest",
                "that",
                "germline",
                "variation",
                "is",
                "an",
                "important",
                "contributor",
                "to",
                "MPN",
                "phenotype",
                "and",
                "predisposition",
                "."
            ]
        }
    ],
    "text": "Polycythemia vera, essential thrombocythemia and primary myelofibrosis are\nmyeloproliferative neoplasms (MPN) characterized by multilineage clonal\nhematopoiesis. Given that the identical somatic activating mutation in the JAK2\ntyrosine kinase gene (JAK2(V617F)) is observed in most individuals with\npolycythemia vera, essential thrombocythemia and primary myelofibrosis, there\nlikely are additional genetic events that contribute to the pathogenesis of these\nphenotypically distinct disorders. Moreover, family members of individuals with\nMPN are at higher risk for the development of MPN, consistent with the existence \nof MPN predisposition loci. We hypothesized that germline variation contributes\nto MPN predisposition and phenotypic pleiotropy. Genome-wide analysis identified \nan allele in the JAK2 locus (rs10974944) that predisposes to the development of\nJAK2(V617F)-positive MPN, as well as three previously unknown MPN modifier loci. \nWe found that JAK2(V617F) is preferentially acquired in cis with the\npredisposition allele. These data suggest that germline variation is an important\ncontributor to MPN phenotype and predisposition."
}