{
    "id": "19723655",
    "sentences": [
        {
            "endOffsets": [
                13,
                15,
                17,
                18,
                28,
                30,
                44,
                50,
                53,
                63,
                72,
                79,
                89,
                93,
                98,
                101,
                111,
                120,
                130,
                134,
                139,
                142,
                151,
                160,
                170,
                171,
                176,
                179,
                189,
                192,
                203,
                211,
                222,
                223
            ],
            "entities": [
                "O",
                "O",
                "B-Gene_or_gene_product",
                "O",
                "O",
                "O",
                "O",
                "O",
                "O",
                "O",
                "O",
                "O",
                "O",
                "O",
                "O",
                "O",
                "O",
                "O",
                "O",
                "O",
                "O",
                "O",
                "O",
                "O",
                "O",
                "O",
                "O",
                "O",
                "O",
                "O",
                "O",
                "O",
                "O",
                "O"
            ],
            "graphs": {
                "stanford-basic": {
                    "edges": [
                        {
                            "destination": 2,
                            "relation": "dep",
                            "source": 0
                        },
                        {
                            "destination": 0,
                            "relation": "nsubj",
                            "source": 4
                        },
                        {
                            "destination": 7,
                            "relation": "dobj",
                            "source": 4
                        },
                        {
                            "destination": 5,
                            "relation": "det",
                            "source": 7
                        },
                        {
                            "destination": 21,
                            "relation": "prep",
                            "source": 7
                        },
                        {
                            "destination": 6,
                            "relation": "amod",
                            "source": 7
                        },
                        {
                            "destination": 8,
                            "relation": "prep",
                            "source": 7
                        },
                        {
                            "destination": 27,
                            "relation": "prep",
                            "source": 7
                        },
                        {
                            "destination": 11,
                            "relation": "pobj",
                            "source": 8
                        },
                        {
                            "destination": 9,
                            "relation": "amod",
                            "source": 11
                        },
                        {
                            "destination": 10,
                            "relation": "amod",
                            "source": 11
                        },
                        {
                            "destination": 12,
                            "relation": "vmod",
                            "source": 11
                        },
                        {
                            "destination": 14,
                            "relation": "dep",
                            "source": 12
                        },
                        {
                            "destination": 15,
                            "relation": "dep",
                            "source": 14
                        },
                        {
                            "destination": 19,
                            "relation": "cc",
                            "source": 14
                        },
                        {
                            "destination": 20,
                            "relation": "conj",
                            "source": 14
                        },
                        {
                            "destination": 13,
                            "relation": "neg",
                            "source": 14
                        },
                        {
                            "destination": 18,
                            "relation": "pobj",
                            "source": 15
                        },
                        {
                            "destination": 16,
                            "relation": "amod",
                            "source": 18
                        },
                        {
                            "destination": 17,
                            "relation": "amod",
                            "source": 18
                        },
                        {
                            "destination": 24,
                            "relation": "pobj",
                            "source": 21
                        },
                        {
                            "destination": 22,
                            "relation": "amod",
                            "source": 24
                        },
                        {
                            "destination": 23,
                            "relation": "amod",
                            "source": 24
                        },
                        {
                            "destination": 26,
                            "relation": "mwe",
                            "source": 27
                        },
                        {
                            "destination": 28,
                            "relation": "pobj",
                            "source": 27
                        },
                        {
                            "destination": 32,
                            "relation": "conj",
                            "source": 28
                        },
                        {
                            "destination": 29,
                            "relation": "cc",
                            "source": 28
                        },
                        {
                            "destination": 31,
                            "relation": "amod",
                            "source": 32
                        },
                        {
                            "destination": 30,
                            "relation": "amod",
                            "source": 32
                        }
                    ],
                    "roots": [
                        4
                    ]
                },
                "stanford-collapsed": {
                    "edges": [
                        {
                            "destination": 2,
                            "relation": "dep",
                            "source": 0
                        },
                        {
                            "destination": 31,
                            "relation": "amod",
                            "source": 32
                        },
                        {
                            "destination": 30,
                            "relation": "amod",
                            "source": 32
                        },
                        {
                            "destination": 0,
                            "relation": "nsubj",
                            "source": 4
                        },
                        {
                            "destination": 7,
                            "relation": "dobj",
                            "source": 4
                        },
                        {
                            "destination": 32,
                            "relation": "prep_such_as",
                            "source": 7
                        },
                        {
                            "destination": 5,
                            "relation": "det",
                            "source": 7
                        },
                        {
                            "destination": 6,
                            "relation": "amod",
                            "source": 7
                        },
                        {
                            "destination": 24,
                            "relation": "prep_in",
                            "source": 7
                        },
                        {
                            "destination": 11,
                            "relation": "prep_of",
                            "source": 7
                        },
                        {
                            "destination": 28,
                            "relation": "prep_such_as",
                            "source": 7
                        },
                        {
                            "destination": 9,
                            "relation": "amod",
                            "source": 11
                        },
                        {
                            "destination": 10,
                            "relation": "amod",
                            "source": 11
                        },
                        {
                            "destination": 12,
                            "relation": "vmod",
                            "source": 11
                        },
                        {
                            "destination": 20,
                            "relation": "dep",
                            "source": 12
                        },
                        {
                            "destination": 14,
                            "relation": "dep",
                            "source": 12
                        },
                        {
                            "destination": 15,
                            "relation": "dep",
                            "source": 14
                        },
                        {
                            "destination": 20,
                            "relation": "conj_but",
                            "source": 14
                        },
                        {
                            "destination": 13,
                            "relation": "neg",
                            "source": 14
                        },
                        {
                            "destination": 18,
                            "relation": "pobj",
                            "source": 15
                        },
                        {
                            "destination": 16,
                            "relation": "amod",
                            "source": 18
                        },
                        {
                            "destination": 17,
                            "relation": "amod",
                            "source": 18
                        },
                        {
                            "destination": 22,
                            "relation": "amod",
                            "source": 24
                        },
                        {
                            "destination": 23,
                            "relation": "amod",
                            "source": 24
                        },
                        {
                            "destination": 32,
                            "relation": "conj_or",
                            "source": 28
                        }
                    ],
                    "roots": [
                        4
                    ]
                }
            },
            "lemmas": [
                "Angiosarcomas",
                "(",
                "as",
                ")",
                "represent",
                "a",
                "heterogeneous",
                "group",
                "of",
                "malignant",
                "vascular",
                "tumor",
                "occur",
                "not",
                "only",
                "in",
                "different",
                "anatomic",
                "location",
                "but",
                "also",
                "in",
                "distinct",
                "clinical",
                "setting",
                ",",
                "such",
                "as",
                "radiation",
                "or",
                "associate",
                "chronic",
                "lymphedema",
                "."
            ],
            "startOffsets": [
                0,
                14,
                15,
                17,
                19,
                29,
                31,
                45,
                51,
                54,
                64,
                73,
                80,
                90,
                94,
                99,
                102,
                112,
                121,
                131,
                135,
                140,
                143,
                152,
                162,
                170,
                172,
                177,
                180,
                190,
                193,
                204,
                212,
                222
            ],
            "tags": [
                "NNP",
                "-LRB-",
                "JJ",
                "-RRB-",
                "VBP",
                "DT",
                "JJ",
                "NN",
                "IN",
                "JJ",
                "JJ",
                "NNS",
                "VBG",
                "RB",
                "RB",
                "IN",
                "JJ",
                "JJ",
                "NNS",
                "CC",
                "RB",
                "IN",
                "JJ",
                "JJ",
                "NNS",
                ",",
                "JJ",
                "IN",
                "NN",
                "CC",
                "VBN",
                "JJ",
                "NN",
                "."
            ],
            "words": [
                "Angiosarcomas",
                "(",
                "AS",
                ")",
                "represent",
                "a",
                "heterogeneous",
                "group",
                "of",
                "malignant",
                "vascular",
                "tumors",
                "occurring",
                "not",
                "only",
                "in",
                "different",
                "anatomic",
                "locations",
                "but",
                "also",
                "in",
                "distinct",
                "clinical",
                "settings",
                ",",
                "such",
                "as",
                "radiation",
                "or",
                "associated",
                "chronic",
                "lymphedema",
                "."
            ]
        },
        {
            "endOffsets": [
                232,
                245,
                250,
                252,
                253,
                256,
                258,
                259,
                262,
                267,
                274,
                283,
                284,
                293,
                302,
                310,
                317,
                325,
                330,
                334,
                342,
                350,
                353,
                359,
                372,
                373
            ],
            "entities": [
                "O",
                "O",
                "O",
                "O",
                "O",
                "O",
                "O",
                "O",
                "O",
                "O",
                "B-Organ",
                "O",
                "O",
                "O",
                "O",
                "O",
                "O",
                "O",
                "O",
                "O",
                "O",
                "O",
                "O",
                "O",
                "B-BioProcess",
                "O"
            ],
            "graphs": {
                "stanford-basic": {
                    "edges": [
                        {
                            "destination": 0,
                            "relation": "mark",
                            "source": 1
                        },
                        {
                            "destination": 7,
                            "relation": "dobj",
                            "source": 1
                        },
                        {
                            "destination": 2,
                            "relation": "quantmod",
                            "source": 7
                        },
                        {
                            "destination": 3,
                            "relation": "number",
                            "source": 7
                        },
                        {
                            "destination": 4,
                            "relation": "dep",
                            "source": 7
                        },
                        {
                            "destination": 5,
                            "relation": "dep",
                            "source": 7
                        },
                        {
                            "destination": 6,
                            "relation": "number",
                            "source": 7
                        },
                        {
                            "destination": 8,
                            "relation": "prep",
                            "source": 7
                        },
                        {
                            "destination": 11,
                            "relation": "pobj",
                            "source": 8
                        },
                        {
                            "destination": 9,
                            "relation": "amod",
                            "source": 11
                        },
                        {
                            "destination": 10,
                            "relation": "nn",
                            "source": 11
                        },
                        {
                            "destination": 13,
                            "relation": "amod",
                            "source": 14
                        },
                        {
                            "destination": 1,
                            "relation": "advcl",
                            "source": 15
                        },
                        {
                            "destination": 17,
                            "relation": "dobj",
                            "source": 15
                        },
                        {
                            "destination": 18,
                            "relation": "prep",
                            "source": 15
                        },
                        {
                            "destination": 14,
                            "relation": "nsubj",
                            "source": 15
                        },
                        {
                            "destination": 16,
                            "relation": "amod",
                            "source": 17
                        },
                        {
                            "destination": 21,
                            "relation": "pobj",
                            "source": 18
                        },
                        {
                            "destination": 19,
                            "relation": "det",
                            "source": 21
                        },
                        {
                            "destination": 20,
                            "relation": "amod",
                            "source": 21
                        },
                        {
                            "destination": 22,
                            "relation": "prep",
                            "source": 21
                        },
                        {
                            "destination": 24,
                            "relation": "pobj",
                            "source": 22
                        },
                        {
                            "destination": 23,
                            "relation": "nn",
                            "source": 24
                        }
                    ],
                    "roots": [
                        15
                    ]
                },
                "stanford-collapsed": {
                    "edges": [
                        {
                            "destination": 0,
                            "relation": "mark",
                            "source": 1
                        },
                        {
                            "destination": 7,
                            "relation": "dobj",
                            "source": 1
                        },
                        {
                            "destination": 2,
                            "relation": "quantmod",
                            "source": 7
                        },
                        {
                            "destination": 3,
                            "relation": "number",
                            "source": 7
                        },
                        {
                            "destination": 4,
                            "relation": "dep",
                            "source": 7
                        },
                        {
                            "destination": 5,
                            "relation": "dep",
                            "source": 7
                        },
                        {
                            "destination": 6,
                            "relation": "number",
                            "source": 7
                        },
                        {
                            "destination": 11,
                            "relation": "prep_of",
                            "source": 7
                        },
                        {
                            "destination": 9,
                            "relation": "amod",
                            "source": 11
                        },
                        {
                            "destination": 10,
                            "relation": "nn",
                            "source": 11
                        },
                        {
                            "destination": 13,
                            "relation": "amod",
                            "source": 14
                        },
                        {
                            "destination": 1,
                            "relation": "advcl",
                            "source": 15
                        },
                        {
                            "destination": 17,
                            "relation": "dobj",
                            "source": 15
                        },
                        {
                            "destination": 21,
                            "relation": "prep_into",
                            "source": 15
                        },
                        {
                            "destination": 14,
                            "relation": "nsubj",
                            "source": 15
                        },
                        {
                            "destination": 16,
                            "relation": "amod",
                            "source": 17
                        },
                        {
                            "destination": 19,
                            "relation": "det",
                            "source": 21
                        },
                        {
                            "destination": 20,
                            "relation": "amod",
                            "source": 21
                        },
                        {
                            "destination": 24,
                            "relation": "prep_of",
                            "source": 21
                        },
                        {
                            "destination": 23,
                            "relation": "nn",
                            "source": 24
                        }
                    ],
                    "roots": [
                        15
                    ]
                }
            },
            "lemmas": [
                "although",
                "represent",
                "only",
                "1",
                "%",
                "to",
                "2",
                "%",
                "of",
                "soft",
                "tissue",
                "sarcoma",
                ",",
                "vascular",
                "sarcoma",
                "provide",
                "unique",
                "insight",
                "into",
                "the",
                "general",
                "process",
                "of",
                "tumor",
                "angiogenesis",
                "."
            ],
            "startOffsets": [
                224,
                233,
                246,
                251,
                252,
                254,
                257,
                258,
                260,
                263,
                268,
                275,
                283,
                285,
                294,
                303,
                311,
                318,
                326,
                331,
                335,
                343,
                351,
                354,
                360,
                372
            ],
            "tags": [
                "IN",
                "VBG",
                "RB",
                "CD",
                "NN",
                "TO",
                "CD",
                "NN",
                "IN",
                "JJ",
                "NN",
                "NNS",
                ",",
                "JJ",
                "NNS",
                "VBP",
                "JJ",
                "NN",
                "IN",
                "DT",
                "JJ",
                "NN",
                "IN",
                "NN",
                "NN",
                "."
            ],
            "words": [
                "Although",
                "representing",
                "only",
                "1",
                "%",
                "to",
                "2",
                "%",
                "of",
                "soft",
                "tissue",
                "sarcomas",
                ",",
                "vascular",
                "sarcomas",
                "provide",
                "unique",
                "insight",
                "into",
                "the",
                "general",
                "process",
                "of",
                "tumor",
                "angiogenesis",
                "."
            ]
        },
        {
            "endOffsets": [
                381,
                382,
                385,
                395,
                406,
                411,
                416,
                427,
                430,
                436,
                438,
                447,
                459,
                472,
                473
            ],
            "entities": [
                "O",
                "O",
                "O",
                "O",
                "O",
                "O",
                "O",
                "O",
                "O",
                "O",
                "O",
                "O",
                "O",
                "O",
                "O"
            ],
            "graphs": {
                "stanford-basic": {
                    "edges": [
                        {
                            "destination": 2,
                            "relation": "neg",
                            "source": 4
                        },
                        {
                            "destination": 3,
                            "relation": "amod",
                            "source": 4
                        },
                        {
                            "destination": 0,
                            "relation": "advmod",
                            "source": 7
                        },
                        {
                            "destination": 4,
                            "relation": "nsubjpass",
                            "source": 7
                        },
                        {
                            "destination": 5,
                            "relation": "aux",
                            "source": 7
                        },
                        {
                            "destination": 6,
                            "relation": "auxpass",
                            "source": 7
                        },
                        {
                            "destination": 9,
                            "relation": "xcomp",
                            "source": 7
                        },
                        {
                            "destination": 8,
                            "relation": "aux",
                            "source": 9
                        },
                        {
                            "destination": 13,
                            "relation": "dobj",
                            "source": 9
                        },
                        {
                            "destination": 10,
                            "relation": "det",
                            "source": 13
                        },
                        {
                            "destination": 11,
                            "relation": "amod",
                            "source": 13
                        },
                        {
                            "destination": 12,
                            "relation": "amod",
                            "source": 13
                        }
                    ],
                    "roots": [
                        7
                    ]
                },
                "stanford-collapsed": {
                    "edges": [
                        {
                            "destination": 2,
                            "relation": "neg",
                            "source": 4
                        },
                        {
                            "destination": 3,
                            "relation": "amod",
                            "source": 4
                        },
                        {
                            "destination": 0,
                            "relation": "advmod",
                            "source": 7
                        },
                        {
                            "destination": 4,
                            "relation": "nsubjpass",
                            "source": 7
                        },
                        {
                            "destination": 5,
                            "relation": "aux",
                            "source": 7
                        },
                        {
                            "destination": 6,
                            "relation": "auxpass",
                            "source": 7
                        },
                        {
                            "destination": 9,
                            "relation": "xcomp",
                            "source": 7
                        },
                        {
                            "destination": 8,
                            "relation": "aux",
                            "source": 9
                        },
                        {
                            "destination": 13,
                            "relation": "dobj",
                            "source": 9
                        },
                        {
                            "destination": 10,
                            "relation": "det",
                            "source": 13
                        },
                        {
                            "destination": 11,
                            "relation": "amod",
                            "source": 13
                        },
                        {
                            "destination": 12,
                            "relation": "amod",
                            "source": 13
                        }
                    ],
                    "roots": [
                        7
                    ]
                }
            },
            "lemmas": [
                "however",
                ",",
                "no",
                "molecular",
                "candidate",
                "have",
                "be",
                "identify",
                "to",
                "guide",
                "a",
                "specific",
                "therapeutic",
                "intervention",
                "."
            ],
            "startOffsets": [
                374,
                381,
                383,
                386,
                396,
                407,
                412,
                417,
                428,
                431,
                437,
                439,
                448,
                460,
                472
            ],
            "tags": [
                "RB",
                ",",
                "DT",
                "JJ",
                "NNS",
                "VBP",
                "VBN",
                "VBN",
                "TO",
                "VB",
                "DT",
                "JJ",
                "JJ",
                "NN",
                "."
            ],
            "words": [
                "However",
                ",",
                "no",
                "molecular",
                "candidates",
                "have",
                "been",
                "identified",
                "to",
                "guide",
                "a",
                "specific",
                "therapeutic",
                "intervention",
                "."
            ]
        },
        {
            "endOffsets": [
                476,
                487,
                497,
                498,
                501,
                506,
                515,
                529,
                532,
                541,
                550,
                559,
                568,
                576,
                577,
                587,
                592,
                593,
                597,
                598,
                603,
                604,
                608,
                609,
                613,
                619,
                620
            ],
            "entities": [
                "O",
                "O",
                "O",
                "O",
                "O",
                "O",
                "O",
                "O",
                "O",
                "O",
                "O",
                "O",
                "B-Site",
                "O",
                "O",
                "O",
                "B-Gene_or_gene_product",
                "O",
                "B-Gene_or_gene_product",
                "O",
                "B-Gene_or_gene_product",
                "O",
                "B-Gene_or_gene_product",
                "O",
                "O",
                "B-Gene_or_gene_product",
                "O"
            ],
            "graphs": {
                "stanford-basic": {
                    "edges": [
                        {
                            "destination": 2,
                            "relation": "pobj",
                            "source": 0
                        },
                        {
                            "destination": 1,
                            "relation": "nn",
                            "source": 2
                        },
                        {
                            "destination": 0,
                            "relation": "prep",
                            "source": 5
                        },
                        {
                            "destination": 4,
                            "relation": "nsubj",
                            "source": 5
                        },
                        {
                            "destination": 7,
                            "relation": "dobj",
                            "source": 5
                        },
                        {
                            "destination": 15,
                            "relation": "prep",
                            "source": 7
                        },
                        {
                            "destination": 6,
                            "relation": "amod",
                            "source": 7
                        },
                        {
                            "destination": 8,
                            "relation": "prep",
                            "source": 7
                        },
                        {
                            "destination": 13,
                            "relation": "pobj",
                            "source": 8
                        },
                        {
                            "destination": 9,
                            "relation": "amod",
                            "source": 13
                        },
                        {
                            "destination": 10,
                            "relation": "amod",
                            "source": 13
                        },
                        {
                            "destination": 11,
                            "relation": "nn",
                            "source": 13
                        },
                        {
                            "destination": 12,
                            "relation": "nn",
                            "source": 13
                        },
                        {
                            "destination": 16,
                            "relation": "pobj",
                            "source": 15
                        },
                        {
                            "destination": 18,
                            "relation": "appos",
                            "source": 16
                        },
                        {
                            "destination": 20,
                            "relation": "conj",
                            "source": 18
                        },
                        {
                            "destination": 22,
                            "relation": "conj",
                            "source": 18
                        },
                        {
                            "destination": 24,
                            "relation": "cc",
                            "source": 18
                        },
                        {
                            "destination": 25,
                            "relation": "conj",
                            "source": 18
                        }
                    ],
                    "roots": [
                        5
                    ]
                },
                "stanford-collapsed": {
                    "edges": [
                        {
                            "destination": 1,
                            "relation": "nn",
                            "source": 2
                        },
                        {
                            "destination": 2,
                            "relation": "prep_by",
                            "source": 5
                        },
                        {
                            "destination": 4,
                            "relation": "nsubj",
                            "source": 5
                        },
                        {
                            "destination": 7,
                            "relation": "dobj",
                            "source": 5
                        },
                        {
                            "destination": 16,
                            "relation": "prep_including",
                            "source": 7
                        },
                        {
                            "destination": 6,
                            "relation": "amod",
                            "source": 7
                        },
                        {
                            "destination": 13,
                            "relation": "prep_of",
                            "source": 7
                        },
                        {
                            "destination": 9,
                            "relation": "amod",
                            "source": 13
                        },
                        {
                            "destination": 10,
                            "relation": "amod",
                            "source": 13
                        },
                        {
                            "destination": 11,
                            "relation": "nn",
                            "source": 13
                        },
                        {
                            "destination": 12,
                            "relation": "nn",
                            "source": 13
                        },
                        {
                            "destination": 18,
                            "relation": "appos",
                            "source": 16
                        },
                        {
                            "destination": 20,
                            "relation": "appos",
                            "source": 16
                        },
                        {
                            "destination": 22,
                            "relation": "appos",
                            "source": 16
                        },
                        {
                            "destination": 25,
                            "relation": "appos",
                            "source": 16
                        },
                        {
                            "destination": 20,
                            "relation": "conj_and",
                            "source": 18
                        },
                        {
                            "destination": 22,
                            "relation": "conj_and",
                            "source": 18
                        },
                        {
                            "destination": 25,
                            "relation": "conj_and",
                            "source": 18
                        }
                    ],
                    "roots": [
                        5
                    ]
                }
            },
            "lemmas": [
                "by",
                "expression",
                "profiling",
                ",",
                "as",
                "show",
                "distinct",
                "up-regulation",
                "of",
                "vascular",
                "specific",
                "receptor",
                "tyrosine",
                "kinase",
                ",",
                "include",
                "tie1",
                ",",
                "kdr",
                ",",
                "snrk",
                ",",
                "tek",
                ",",
                "and",
                "flt1",
                "."
            ],
            "startOffsets": [
                474,
                477,
                488,
                497,
                499,
                502,
                507,
                516,
                530,
                533,
                542,
                551,
                560,
                569,
                576,
                578,
                588,
                592,
                594,
                597,
                599,
                603,
                605,
                608,
                610,
                615,
                619
            ],
            "tags": [
                "IN",
                "NN",
                "NN",
                ",",
                "JJ",
                "NN",
                "JJ",
                "NN",
                "IN",
                "JJ",
                "JJ",
                "NN",
                "NN",
                "NNS",
                ",",
                "VBG",
                "NN",
                ",",
                "NN",
                ",",
                "NN",
                ",",
                "NN",
                ",",
                "CC",
                "NN",
                "."
            ],
            "words": [
                "By",
                "expression",
                "profiling",
                ",",
                "AS",
                "show",
                "distinct",
                "up-regulation",
                "of",
                "vascular",
                "specific",
                "receptor",
                "tyrosine",
                "kinases",
                ",",
                "including",
                "TIE1",
                ",",
                "KDR",
                ",",
                "SNRK",
                ",",
                "TEK",
                ",",
                "and",
                "FLT1",
                "."
            ]
        },
        {
            "endOffsets": [
                625,
                636,
                639,
                645,
                650,
                660,
                666,
                677,
                680,
                681,
                684,
                693,
                703,
                707,
                717,
                718
            ],
            "entities": [
                "O",
                "O",
                "O",
                "O",
                "O",
                "O",
                "O",
                "O",
                "O",
                "O",
                "O",
                "O",
                "O",
                "B-Gene_or_gene_product",
                "O",
                "O"
            ],
            "graphs": {
                "stanford-basic": {
                    "edges": [
                        {
                            "destination": 0,
                            "relation": "amod",
                            "source": 1
                        },
                        {
                            "destination": 2,
                            "relation": "prep",
                            "source": 1
                        },
                        {
                            "destination": 6,
                            "relation": "pobj",
                            "source": 2
                        },
                        {
                            "destination": 3,
                            "relation": "det",
                            "source": 6
                        },
                        {
                            "destination": 4,
                            "relation": "num",
                            "source": 6
                        },
                        {
                            "destination": 5,
                            "relation": "nn",
                            "source": 6
                        },
                        {
                            "destination": 1,
                            "relation": "nsubj",
                            "source": 7
                        },
                        {
                            "destination": 9,
                            "relation": "dobj",
                            "source": 7
                        },
                        {
                            "destination": 8,
                            "relation": "num",
                            "source": 9
                        },
                        {
                            "destination": 10,
                            "relation": "prep",
                            "source": 9
                        },
                        {
                            "destination": 11,
                            "relation": "pobj",
                            "source": 10
                        },
                        {
                            "destination": 12,
                            "relation": "vmod",
                            "source": 11
                        },
                        {
                            "destination": 14,
                            "relation": "dobj",
                            "source": 12
                        },
                        {
                            "destination": 13,
                            "relation": "nn",
                            "source": 14
                        }
                    ],
                    "roots": [
                        7
                    ]
                },
                "stanford-collapsed": {
                    "edges": [
                        {
                            "destination": 0,
                            "relation": "amod",
                            "source": 1
                        },
                        {
                            "destination": 6,
                            "relation": "prep_of",
                            "source": 1
                        },
                        {
                            "destination": 3,
                            "relation": "det",
                            "source": 6
                        },
                        {
                            "destination": 4,
                            "relation": "num",
                            "source": 6
                        },
                        {
                            "destination": 5,
                            "relation": "nn",
                            "source": 6
                        },
                        {
                            "destination": 1,
                            "relation": "nsubj",
                            "source": 7
                        },
                        {
                            "destination": 9,
                            "relation": "dobj",
                            "source": 7
                        },
                        {
                            "destination": 8,
                            "relation": "num",
                            "source": 9
                        },
                        {
                            "destination": 11,
                            "relation": "prep_of",
                            "source": 9
                        },
                        {
                            "destination": 12,
                            "relation": "vmod",
                            "source": 11
                        },
                        {
                            "destination": 14,
                            "relation": "dobj",
                            "source": 12
                        },
                        {
                            "destination": 13,
                            "relation": "nn",
                            "source": 14
                        }
                    ],
                    "roots": [
                        7
                    ]
                }
            },
            "lemmas": [
                "full",
                "sequencing",
                "of",
                "these",
                "five",
                "candidate",
                "gene",
                "identify",
                "10",
                "%",
                "of",
                "patient",
                "harbor",
                "kdr",
                "mutation",
                "."
            ],
            "startOffsets": [
                621,
                626,
                637,
                640,
                646,
                651,
                661,
                667,
                678,
                680,
                682,
                685,
                694,
                704,
                708,
                717
            ],
            "tags": [
                "JJ",
                "NN",
                "IN",
                "DT",
                "CD",
                "NN",
                "NNS",
                "VBD",
                "CD",
                "NN",
                "IN",
                "NNS",
                "VBG",
                "NN",
                "NNS",
                "."
            ],
            "words": [
                "Full",
                "sequencing",
                "of",
                "these",
                "five",
                "candidate",
                "genes",
                "identified",
                "10",
                "%",
                "of",
                "patients",
                "harboring",
                "KDR",
                "mutations",
                "."
            ]
        },
        {
            "endOffsets": [
                720,
                724,
                733,
                742,
                746,
                757,
                762,
                769,
                773,
                781,
                792,
                796,
                800,
                811,
                814,
                818,
                825,
                834,
                839,
                844,
                847,
                855,
                861,
                870,
                873,
                883,
                884
            ],
            "entities": [
                "O",
                "B-Gene_or_gene_product",
                "O",
                "O",
                "O",
                "O",
                "O",
                "O",
                "B-Gene_or_gene_product",
                "O",
                "O",
                "O",
                "O",
                "O",
                "O",
                "O",
                "B-TissueType",
                "O",
                "O",
                "O",
                "O",
                "O",
                "O",
                "O",
                "O",
                "O",
                "O"
            ],
            "graphs": {
                "stanford-basic": {
                    "edges": [
                        {
                            "destination": 0,
                            "relation": "det",
                            "source": 3
                        },
                        {
                            "destination": 1,
                            "relation": "nn",
                            "source": 3
                        },
                        {
                            "destination": 2,
                            "relation": "amod",
                            "source": 3
                        },
                        {
                            "destination": 3,
                            "relation": "nsubjpass",
                            "source": 5
                        },
                        {
                            "destination": 4,
                            "relation": "auxpass",
                            "source": 5
                        },
                        {
                            "destination": 6,
                            "relation": "prep",
                            "source": 5
                        },
                        {
                            "destination": 11,
                            "relation": "cc",
                            "source": 5
                        },
                        {
                            "destination": 13,
                            "relation": "conj",
                            "source": 5
                        },
                        {
                            "destination": 10,
                            "relation": "pobj",
                            "source": 6
                        },
                        {
                            "destination": 7,
                            "relation": "amod",
                            "source": 10
                        },
                        {
                            "destination": 8,
                            "relation": "nn",
                            "source": 10
                        },
                        {
                            "destination": 9,
                            "relation": "nn",
                            "source": 10
                        },
                        {
                            "destination": 19,
                            "relation": "prep",
                            "source": 13
                        },
                        {
                            "destination": 12,
                            "relation": "cop",
                            "source": 13
                        },
                        {
                            "destination": 14,
                            "relation": "prep",
                            "source": 13
                        },
                        {
                            "destination": 18,
                            "relation": "pobj",
                            "source": 14
                        },
                        {
                            "destination": 15,
                            "relation": "det",
                            "source": 18
                        },
                        {
                            "destination": 16,
                            "relation": "nn",
                            "source": 18
                        },
                        {
                            "destination": 17,
                            "relation": "amod",
                            "source": 18
                        },
                        {
                            "destination": 20,
                            "relation": "cc",
                            "source": 19
                        },
                        {
                            "destination": 21,
                            "relation": "conj",
                            "source": 19
                        },
                        {
                            "destination": 23,
                            "relation": "pobj",
                            "source": 19
                        },
                        {
                            "destination": 22,
                            "relation": "amod",
                            "source": 23
                        },
                        {
                            "destination": 24,
                            "relation": "prep",
                            "source": 23
                        },
                        {
                            "destination": 25,
                            "relation": "pobj",
                            "source": 24
                        }
                    ],
                    "roots": [
                        5
                    ]
                },
                "stanford-collapsed": {
                    "edges": [
                        {
                            "destination": 0,
                            "relation": "det",
                            "source": 3
                        },
                        {
                            "destination": 1,
                            "relation": "nn",
                            "source": 3
                        },
                        {
                            "destination": 2,
                            "relation": "amod",
                            "source": 3
                        },
                        {
                            "destination": 3,
                            "relation": "nsubjpass",
                            "source": 5
                        },
                        {
                            "destination": 4,
                            "relation": "auxpass",
                            "source": 5
                        },
                        {
                            "destination": 10,
                            "relation": "prep_with",
                            "source": 5
                        },
                        {
                            "destination": 13,
                            "relation": "conj_and",
                            "source": 5
                        },
                        {
                            "destination": 13,
                            "relation": "conj_and",
                            "source": 5
                        },
                        {
                            "destination": 7,
                            "relation": "amod",
                            "source": 10
                        },
                        {
                            "destination": 8,
                            "relation": "nn",
                            "source": 10
                        },
                        {
                            "destination": 9,
                            "relation": "nn",
                            "source": 10
                        },
                        {
                            "destination": 18,
                            "relation": "prep_to",
                            "source": 13
                        },
                        {
                            "destination": 3,
                            "relation": "nsubj",
                            "source": 13
                        },
                        {
                            "destination": 23,
                            "relation": "prep_with",
                            "source": 13
                        },
                        {
                            "destination": 12,
                            "relation": "cop",
                            "source": 13
                        },
                        {
                            "destination": 13,
                            "relation": "conj_or",
                            "source": 13
                        },
                        {
                            "destination": 23,
                            "relation": "prep_without",
                            "source": 13
                        },
                        {
                            "destination": 15,
                            "relation": "det",
                            "source": 18
                        },
                        {
                            "destination": 16,
                            "relation": "nn",
                            "source": 18
                        },
                        {
                            "destination": 17,
                            "relation": "amod",
                            "source": 18
                        },
                        {
                            "destination": 22,
                            "relation": "amod",
                            "source": 23
                        },
                        {
                            "destination": 25,
                            "relation": "prep_to",
                            "source": 23
                        }
                    ],
                    "roots": [
                        5
                    ]
                }
            },
            "lemmas": [
                "a",
                "kdr",
                "positive",
                "genotype",
                "be",
                "associate",
                "with",
                "strong",
                "kdr",
                "protein",
                "expression",
                "and",
                "be",
                "restricted",
                "to",
                "the",
                "breast",
                "anatomic",
                "site",
                "with",
                "or",
                "without",
                "prior",
                "exposure",
                "to",
                "radiation",
                "."
            ],
            "startOffsets": [
                719,
                721,
                725,
                734,
                743,
                747,
                758,
                763,
                770,
                774,
                782,
                793,
                797,
                801,
                812,
                815,
                819,
                826,
                835,
                840,
                845,
                848,
                856,
                862,
                871,
                874,
                883
            ],
            "tags": [
                "DT",
                "NN",
                "JJ",
                "NN",
                "VBD",
                "VBN",
                "IN",
                "JJ",
                "NN",
                "NN",
                "NN",
                "CC",
                "VBD",
                "JJ",
                "TO",
                "DT",
                "NN",
                "JJ",
                "NN",
                "IN",
                "CC",
                "IN",
                "JJ",
                "NN",
                "TO",
                "NN",
                "."
            ],
            "words": [
                "A",
                "KDR",
                "positive",
                "genotype",
                "was",
                "associated",
                "with",
                "strong",
                "KDR",
                "protein",
                "expression",
                "and",
                "was",
                "restricted",
                "to",
                "the",
                "breast",
                "anatomic",
                "site",
                "with",
                "or",
                "without",
                "prior",
                "exposure",
                "to",
                "radiation",
                "."
            ]
        },
        {
            "endOffsets": [
                894,
                907,
                910,
                914,
                922,
                927,
                933,
                939,
                946,
                953,
                965,
                976,
                979,
                983,
                990,
                991,
                997,
                1001,
                1011,
                1014,
                1024,
                1028,
                1039,
                1040
            ],
            "entities": [
                "O",
                "O",
                "O",
                "B-Gene_or_gene_product",
                "O",
                "O",
                "O",
                "O",
                "O",
                "O",
                "O",
                "O",
                "O",
                "O",
                "O",
                "O",
                "O",
                "O",
                "O",
                "O",
                "O",
                "B-Gene_or_gene_product",
                "O",
                "O"
            ],
            "graphs": {
                "stanford-basic": {
                    "edges": [
                        {
                            "destination": 0,
                            "relation": "amod",
                            "source": 1
                        },
                        {
                            "destination": 2,
                            "relation": "prep",
                            "source": 1
                        },
                        {
                            "destination": 4,
                            "relation": "pobj",
                            "source": 2
                        },
                        {
                            "destination": 3,
                            "relation": "nn",
                            "source": 4
                        },
                        {
                            "destination": 5,
                            "relation": "prep",
                            "source": 4
                        },
                        {
                            "destination": 7,
                            "relation": "pobj",
                            "source": 5
                        },
                        {
                            "destination": 6,
                            "relation": "nn",
                            "source": 7
                        },
                        {
                            "destination": 1,
                            "relation": "nsubj",
                            "source": 8
                        },
                        {
                            "destination": 11,
                            "relation": "dobj",
                            "source": 8
                        },
                        {
                            "destination": 9,
                            "relation": "nn",
                            "source": 11
                        },
                        {
                            "destination": 10,
                            "relation": "amod",
                            "source": 11
                        },
                        {
                            "destination": 12,
                            "relation": "prep",
                            "source": 11
                        },
                        {
                            "destination": 14,
                            "relation": "pobj",
                            "source": 12
                        },
                        {
                            "destination": 18,
                            "relation": "rcmod",
                            "source": 14
                        },
                        {
                            "destination": 13,
                            "relation": "det",
                            "source": 14
                        },
                        {
                            "destination": 16,
                            "relation": "nsubjpass",
                            "source": 18
                        },
                        {
                            "destination": 17,
                            "relation": "auxpass",
                            "source": 18
                        },
                        {
                            "destination": 19,
                            "relation": "prep",
                            "source": 18
                        },
                        {
                            "destination": 22,
                            "relation": "pobj",
                            "source": 19
                        },
                        {
                            "destination": 20,
                            "relation": "amod",
                            "source": 22
                        },
                        {
                            "destination": 21,
                            "relation": "nn",
                            "source": 22
                        }
                    ],
                    "roots": [
                        8
                    ]
                },
                "stanford-collapsed": {
                    "edges": [
                        {
                            "destination": 0,
                            "relation": "amod",
                            "source": 1
                        },
                        {
                            "destination": 4,
                            "relation": "prep_of",
                            "source": 1
                        },
                        {
                            "destination": 3,
                            "relation": "nn",
                            "source": 4
                        },
                        {
                            "destination": 7,
                            "relation": "prep_into",
                            "source": 4
                        },
                        {
                            "destination": 6,
                            "relation": "nn",
                            "source": 7
                        },
                        {
                            "destination": 1,
                            "relation": "nsubj",
                            "source": 8
                        },
                        {
                            "destination": 11,
                            "relation": "dobj",
                            "source": 8
                        },
                        {
                            "destination": 9,
                            "relation": "nn",
                            "source": 11
                        },
                        {
                            "destination": 10,
                            "relation": "amod",
                            "source": 11
                        },
                        {
                            "destination": 14,
                            "relation": "prep_of",
                            "source": 11
                        },
                        {
                            "destination": 18,
                            "relation": "rcmod",
                            "source": 14
                        },
                        {
                            "destination": 13,
                            "relation": "det",
                            "source": 14
                        },
                        {
                            "destination": 16,
                            "relation": "nsubjpass",
                            "source": 18
                        },
                        {
                            "destination": 17,
                            "relation": "auxpass",
                            "source": 18
                        },
                        {
                            "destination": 22,
                            "relation": "agent",
                            "source": 18
                        },
                        {
                            "destination": 20,
                            "relation": "amod",
                            "source": 22
                        },
                        {
                            "destination": 21,
                            "relation": "nn",
                            "source": 22
                        }
                    ],
                    "roots": [
                        8
                    ]
                }
            },
            "lemmas": [
                "transient",
                "transfection",
                "of",
                "kdr",
                "mutant",
                "into",
                "cos-7",
                "cell",
                "show",
                "ligand",
                "independent",
                "activation",
                "of",
                "the",
                "kinase",
                ",",
                "which",
                "be",
                "inhibit",
                "by",
                "specific",
                "kdr",
                "inhibitor",
                "."
            ],
            "startOffsets": [
                885,
                895,
                908,
                911,
                915,
                923,
                928,
                934,
                940,
                947,
                954,
                966,
                977,
                980,
                984,
                990,
                992,
                998,
                1002,
                1012,
                1016,
                1025,
                1029,
                1039
            ],
            "tags": [
                "JJ",
                "NN",
                "IN",
                "NN",
                "NNS",
                "IN",
                "NN",
                "NNS",
                "VBD",
                "NN",
                "JJ",
                "NN",
                "IN",
                "DT",
                "NN",
                ",",
                "WDT",
                "VBD",
                "VBN",
                "IN",
                "JJ",
                "NN",
                "NNS",
                "."
            ],
            "words": [
                "Transient",
                "transfection",
                "of",
                "KDR",
                "mutants",
                "into",
                "COS-7",
                "cells",
                "showed",
                "ligand",
                "independent",
                "activation",
                "of",
                "the",
                "kinase",
                ",",
                "which",
                "was",
                "inhibited",
                "by",
                "specific",
                "KDR",
                "inhibitors",
                "."
            ]
        },
        {
            "endOffsets": [
                1046,
                1051,
                1059,
                1061,
                1067,
                1071,
                1075,
                1084,
                1087,
                1096,
                1109,
                1116,
                1123,
                1132,
                1141,
                1149,
                1152,
                1156,
                1166,
                1169,
                1177,
                1181,
                1191,
                1199,
                1202,
                1203
            ],
            "entities": [
                "O",
                "O",
                "O",
                "O",
                "O",
                "O",
                "O",
                "O",
                "O",
                "O",
                "O",
                "B-Gene_or_gene_product",
                "I-Gene_or_gene_product",
                "I-Gene_or_gene_product",
                "O",
                "O",
                "O",
                "O",
                "O",
                "O",
                "O",
                "O",
                "O",
                "O",
                "O",
                "O"
            ],
            "graphs": {
                "stanford-basic": {
                    "edges": [
                        {
                            "destination": 0,
                            "relation": "det",
                            "source": 1
                        },
                        {
                            "destination": 1,
                            "relation": "nsubj",
                            "source": 2
                        },
                        {
                            "destination": 14,
                            "relation": "ccomp",
                            "source": 2
                        },
                        {
                            "destination": 3,
                            "relation": "det",
                            "source": 4
                        },
                        {
                            "destination": 5,
                            "relation": "prep",
                            "source": 4
                        },
                        {
                            "destination": 7,
                            "relation": "pobj",
                            "source": 5
                        },
                        {
                            "destination": 6,
                            "relation": "det",
                            "source": 7
                        },
                        {
                            "destination": 8,
                            "relation": "prep",
                            "source": 7
                        },
                        {
                            "destination": 13,
                            "relation": "pobj",
                            "source": 8
                        },
                        {
                            "destination": 9,
                            "relation": "amod",
                            "source": 13
                        },
                        {
                            "destination": 10,
                            "relation": "amod",
                            "source": 13
                        },
                        {
                            "destination": 11,
                            "relation": "nn",
                            "source": 13
                        },
                        {
                            "destination": 12,
                            "relation": "nn",
                            "source": 13
                        },
                        {
                            "destination": 4,
                            "relation": "nsubj",
                            "source": 14
                        },
                        {
                            "destination": 23,
                            "relation": "ccomp",
                            "source": 14
                        },
                        {
                            "destination": 16,
                            "relation": "prep",
                            "source": 15
                        },
                        {
                            "destination": 18,
                            "relation": "pobj",
                            "source": 16
                        },
                        {
                            "destination": 17,
                            "relation": "det",
                            "source": 18
                        },
                        {
                            "destination": 19,
                            "relation": "prep",
                            "source": 18
                        },
                        {
                            "destination": 20,
                            "relation": "pobj",
                            "source": 19
                        },
                        {
                            "destination": 21,
                            "relation": "cc",
                            "source": 20
                        },
                        {
                            "destination": 22,
                            "relation": "conj",
                            "source": 20
                        },
                        {
                            "destination": 15,
                            "relation": "nsubj",
                            "source": 23
                        },
                        {
                            "destination": 24,
                            "relation": "acomp",
                            "source": 23
                        }
                    ],
                    "roots": [
                        2
                    ]
                },
                "stanford-collapsed": {
                    "edges": [
                        {
                            "destination": 0,
                            "relation": "det",
                            "source": 1
                        },
                        {
                            "destination": 1,
                            "relation": "nsubj",
                            "source": 2
                        },
                        {
                            "destination": 14,
                            "relation": "ccomp",
                            "source": 2
                        },
                        {
                            "destination": 3,
                            "relation": "det",
                            "source": 4
                        },
                        {
                            "destination": 7,
                            "relation": "prep_for",
                            "source": 4
                        },
                        {
                            "destination": 6,
                            "relation": "det",
                            "source": 7
                        },
                        {
                            "destination": 13,
                            "relation": "prep_of",
                            "source": 7
                        },
                        {
                            "destination": 9,
                            "relation": "amod",
                            "source": 13
                        },
                        {
                            "destination": 10,
                            "relation": "amod",
                            "source": 13
                        },
                        {
                            "destination": 11,
                            "relation": "nn",
                            "source": 13
                        },
                        {
                            "destination": 12,
                            "relation": "nn",
                            "source": 13
                        },
                        {
                            "destination": 4,
                            "relation": "nsubj",
                            "source": 14
                        },
                        {
                            "destination": 23,
                            "relation": "ccomp",
                            "source": 14
                        },
                        {
                            "destination": 18,
                            "relation": "prep_in",
                            "source": 15
                        },
                        {
                            "destination": 17,
                            "relation": "det",
                            "source": 18
                        },
                        {
                            "destination": 20,
                            "relation": "prep_of",
                            "source": 18
                        },
                        {
                            "destination": 22,
                            "relation": "prep_of",
                            "source": 18
                        },
                        {
                            "destination": 22,
                            "relation": "conj_and",
                            "source": 20
                        },
                        {
                            "destination": 15,
                            "relation": "nsubj",
                            "source": 23
                        },
                        {
                            "destination": 24,
                            "relation": "acomp",
                            "source": 23
                        }
                    ],
                    "roots": [
                        2
                    ]
                }
            },
            "lemmas": [
                "these",
                "datum",
                "provide",
                "a",
                "basis",
                "for",
                "the",
                "activity",
                "of",
                "vascular",
                "endothelial",
                "growth",
                "factor",
                "receptor",
                "direct",
                "therapy",
                "in",
                "the",
                "treatment",
                "of",
                "primary",
                "and",
                "radiation",
                "induce",
                "as",
                "."
            ],
            "startOffsets": [
                1041,
                1047,
                1052,
                1060,
                1062,
                1068,
                1072,
                1076,
                1085,
                1088,
                1098,
                1110,
                1117,
                1124,
                1133,
                1142,
                1150,
                1153,
                1157,
                1167,
                1170,
                1178,
                1182,
                1192,
                1200,
                1202
            ],
            "tags": [
                "DT",
                "NNS",
                "VBP",
                "DT",
                "NN",
                "IN",
                "DT",
                "NN",
                "IN",
                "JJ",
                "JJ",
                "NN",
                "NN",
                "NN",
                "VBD",
                "NN",
                "IN",
                "DT",
                "NN",
                "IN",
                "JJ",
                "CC",
                "NN",
                "VBD",
                "JJ",
                "."
            ],
            "words": [
                "These",
                "data",
                "provide",
                "a",
                "basis",
                "for",
                "the",
                "activity",
                "of",
                "vascular",
                "endothelial",
                "growth",
                "factor",
                "receptor",
                "directed",
                "therapy",
                "in",
                "the",
                "treatment",
                "of",
                "primary",
                "and",
                "radiation",
                "induced",
                "AS",
                "."
            ]
        }
    ],
    "text": "Angiosarcomas (AS) represent a heterogeneous group of malignant vascular tumors\noccurring not only in different anatomic locations but also in distinct clinical \nsettings, such as radiation or associated chronic lymphedema. Although\nrepresenting only 1% to 2% of soft tissue sarcomas, vascular sarcomas provide\nunique insight into the general process of tumor angiogenesis. However, no\nmolecular candidates have been identified to guide a specific therapeutic\nintervention. By expression profiling, AS show distinct up-regulation of\nvascular-specific receptor tyrosine kinases, including TIE1, KDR, SNRK, TEK, and \nFLT1. Full sequencing of these five candidate genes identified 10% of patients\nharboring KDR mutations. A KDR-positive genotype was associated with strong KDR\nprotein expression and was restricted to the breast anatomic site with or without\nprior exposure to radiation. Transient transfection of KDR mutants into COS-7\ncells showed ligand-independent activation of the kinase, which was inhibited by \nspecific KDR inhibitors. These data provide a basis for the activity of vascular \nendothelial growth factor receptor-directed therapy in the treatment of primary\nand radiation-induced AS."
}