{
    "id": "19933982",
    "sentences": [
        {
            "endOffsets": [
                10,
                11,
                21,
                24,
                35,
                49,
                51,
                55,
                57,
                59,
                63,
                67,
                72,
                73,
                78,
                83,
                94,
                97,
                111,
                114,
                122,
                123
            ],
            "entities": [
                "O",
                "O",
                "O",
                "O",
                "B-Simple_chemical",
                "O",
                "O",
                "O",
                "O",
                "O",
                "B-Gene_or_gene_product",
                "O",
                "B-Gene_or_gene_product",
                "O",
                "O",
                "O",
                "O",
                "O",
                "O",
                "O",
                "O",
                "O"
            ],
            "graphs": {
                "stanford-basic": {
                    "edges": [
                        {
                            "destination": 2,
                            "relation": "dep",
                            "source": 0
                        },
                        {
                            "destination": 3,
                            "relation": "prep",
                            "source": 2
                        },
                        {
                            "destination": 5,
                            "relation": "pobj",
                            "source": 3
                        },
                        {
                            "destination": 16,
                            "relation": "rcmod",
                            "source": 5
                        },
                        {
                            "destination": 4,
                            "relation": "nn",
                            "source": 5
                        },
                        {
                            "destination": 7,
                            "relation": "cc",
                            "source": 6
                        },
                        {
                            "destination": 8,
                            "relation": "conj",
                            "source": 6
                        },
                        {
                            "destination": 10,
                            "relation": "dep",
                            "source": 6
                        },
                        {
                            "destination": 11,
                            "relation": "cc",
                            "source": 10
                        },
                        {
                            "destination": 12,
                            "relation": "conj",
                            "source": 10
                        },
                        {
                            "destination": 15,
                            "relation": "auxpass",
                            "source": 16
                        },
                        {
                            "destination": 17,
                            "relation": "prep",
                            "source": 16
                        },
                        {
                            "destination": 6,
                            "relation": "nsubjpass",
                            "source": 16
                        },
                        {
                            "destination": 14,
                            "relation": "aux",
                            "source": 16
                        },
                        {
                            "destination": 18,
                            "relation": "pobj",
                            "source": 17
                        },
                        {
                            "destination": 19,
                            "relation": "prep",
                            "source": 18
                        },
                        {
                            "destination": 20,
                            "relation": "pobj",
                            "source": 19
                        }
                    ],
                    "roots": [
                        0
                    ]
                },
                "stanford-collapsed": {
                    "edges": [
                        {
                            "destination": 2,
                            "relation": "dep",
                            "source": 0
                        },
                        {
                            "destination": 5,
                            "relation": "prep_in",
                            "source": 2
                        },
                        {
                            "destination": 16,
                            "relation": "rcmod",
                            "source": 5
                        },
                        {
                            "destination": 4,
                            "relation": "nn",
                            "source": 5
                        },
                        {
                            "destination": 8,
                            "relation": "conj_and",
                            "source": 6
                        },
                        {
                            "destination": 10,
                            "relation": "dep",
                            "source": 6
                        },
                        {
                            "destination": 12,
                            "relation": "dep",
                            "source": 6
                        },
                        {
                            "destination": 12,
                            "relation": "conj_and",
                            "source": 10
                        },
                        {
                            "destination": 15,
                            "relation": "auxpass",
                            "source": 16
                        },
                        {
                            "destination": 18,
                            "relation": "prep_in",
                            "source": 16
                        },
                        {
                            "destination": 6,
                            "relation": "nsubjpass",
                            "source": 16
                        },
                        {
                            "destination": 8,
                            "relation": "nsubjpass",
                            "source": 16
                        },
                        {
                            "destination": 14,
                            "relation": "aux",
                            "source": 16
                        },
                        {
                            "destination": 20,
                            "relation": "prep_of",
                            "source": 18
                        }
                    ],
                    "roots": [
                        0
                    ]
                }
            },
            "lemmas": [
                "background",
                ":",
                "mutation",
                "in",
                "isocitrate",
                "dehydrogenase",
                "1",
                "and",
                "2",
                "(",
                "idh1",
                "and",
                "idh2",
                ")",
                "have",
                "be",
                "implicate",
                "in",
                "tumorigenesis",
                "of",
                "glioma",
                "."
            ],
            "startOffsets": [
                0,
                10,
                12,
                22,
                25,
                36,
                50,
                52,
                56,
                58,
                59,
                64,
                68,
                72,
                74,
                79,
                84,
                95,
                98,
                112,
                115,
                122
            ],
            "tags": [
                "NN",
                ":",
                "NNS",
                "IN",
                "NN",
                "NN",
                "CD",
                "CC",
                "CD",
                "-LRB-",
                "NN",
                "CC",
                "NN",
                "-RRB-",
                "VBP",
                "VBN",
                "VBN",
                "IN",
                "NN",
                "IN",
                "NNS",
                "."
            ],
            "words": [
                "BACKGROUND",
                ":",
                "Mutations",
                "in",
                "isocitrate",
                "dehydrogenase",
                "1",
                "and",
                "2",
                "(",
                "IDH1",
                "and",
                "IDH2",
                ")",
                "have",
                "been",
                "implicated",
                "in",
                "tumorigenesis",
                "of",
                "gliomas",
                "."
            ]
        },
        {
            "endOffsets": [
                132,
                137,
                148,
                161,
                166,
                171,
                174,
                179,
                189,
                194,
                203,
                206,
                211,
                213,
                220,
                229,
                230,
                234,
                237,
                240,
                248,
                251,
                256,
                265,
                274,
                279,
                285,
                289,
                299,
                311,
                316,
                324,
                330,
                340,
                348,
                356,
                359,
                368,
                378,
                379
            ],
            "entities": [
                "O",
                "O",
                "O",
                "O",
                "O",
                "B-Gene_or_gene_product",
                "O",
                "B-Gene_or_gene_product",
                "O",
                "O",
                "O",
                "O",
                "O",
                "O",
                "O",
                "O",
                "O",
                "O",
                "O",
                "O",
                "O",
                "O",
                "O",
                "O",
                "O",
                "O",
                "O",
                "O",
                "O",
                "B-TissueType",
                "O",
                "O",
                "O",
                "O",
                "O",
                "O",
                "O",
                "O",
                "O",
                "O"
            ],
            "graphs": {
                "stanford-basic": {
                    "edges": [
                        {
                            "destination": 1,
                            "relation": "prep",
                            "source": 0
                        },
                        {
                            "destination": 3,
                            "relation": "pobj",
                            "source": 1
                        },
                        {
                            "destination": 2,
                            "relation": "amod",
                            "source": 3
                        },
                        {
                            "destination": 4,
                            "relation": "prep",
                            "source": 3
                        },
                        {
                            "destination": 8,
                            "relation": "pobj",
                            "source": 4
                        },
                        {
                            "destination": 6,
                            "relation": "cc",
                            "source": 5
                        },
                        {
                            "destination": 7,
                            "relation": "conj",
                            "source": 5
                        },
                        {
                            "destination": 5,
                            "relation": "nn",
                            "source": 8
                        },
                        {
                            "destination": 0,
                            "relation": "nsubjpass",
                            "source": 10
                        },
                        {
                            "destination": 17,
                            "relation": "cc",
                            "source": 10
                        },
                        {
                            "destination": 20,
                            "relation": "conj",
                            "source": 10
                        },
                        {
                            "destination": 9,
                            "relation": "auxpass",
                            "source": 10
                        },
                        {
                            "destination": 12,
                            "relation": "xcomp",
                            "source": 10
                        },
                        {
                            "destination": 15,
                            "relation": "dobj",
                            "source": 12
                        },
                        {
                            "destination": 11,
                            "relation": "aux",
                            "source": 12
                        },
                        {
                            "destination": 13,
                            "relation": "det",
                            "source": 15
                        },
                        {
                            "destination": 14,
                            "relation": "amod",
                            "source": 15
                        },
                        {
                            "destination": 18,
                            "relation": "nsubj",
                            "source": 20
                        },
                        {
                            "destination": 19,
                            "relation": "cop",
                            "source": 20
                        },
                        {
                            "destination": 26,
                            "relation": "advcl",
                            "source": 20
                        },
                        {
                            "destination": 22,
                            "relation": "det",
                            "source": 24
                        },
                        {
                            "destination": 23,
                            "relation": "amod",
                            "source": 24
                        },
                        {
                            "destination": 34,
                            "relation": "conj",
                            "source": 26
                        },
                        {
                            "destination": 21,
                            "relation": "mark",
                            "source": 26
                        },
                        {
                            "destination": 24,
                            "relation": "nsubj",
                            "source": 26
                        },
                        {
                            "destination": 25,
                            "relation": "advmod",
                            "source": 26
                        },
                        {
                            "destination": 27,
                            "relation": "prep",
                            "source": 26
                        },
                        {
                            "destination": 30,
                            "relation": "cc",
                            "source": 26
                        },
                        {
                            "destination": 29,
                            "relation": "pobj",
                            "source": 27
                        },
                        {
                            "destination": 28,
                            "relation": "amod",
                            "source": 29
                        },
                        {
                            "destination": 32,
                            "relation": "det",
                            "source": 33
                        },
                        {
                            "destination": 31,
                            "relation": "mark",
                            "source": 34
                        },
                        {
                            "destination": 33,
                            "relation": "nsubj",
                            "source": 34
                        },
                        {
                            "destination": 35,
                            "relation": "dobj",
                            "source": 34
                        },
                        {
                            "destination": 36,
                            "relation": "prep",
                            "source": 34
                        },
                        {
                            "destination": 38,
                            "relation": "pobj",
                            "source": 36
                        },
                        {
                            "destination": 37,
                            "relation": "amod",
                            "source": 38
                        }
                    ],
                    "roots": [
                        10
                    ]
                },
                "stanford-collapsed": {
                    "edges": [
                        {
                            "destination": 3,
                            "relation": "prep_with",
                            "source": 0
                        },
                        {
                            "destination": 2,
                            "relation": "amod",
                            "source": 3
                        },
                        {
                            "destination": 8,
                            "relation": "prep_with",
                            "source": 3
                        },
                        {
                            "destination": 7,
                            "relation": "conj_or",
                            "source": 5
                        },
                        {
                            "destination": 5,
                            "relation": "nn",
                            "source": 8
                        },
                        {
                            "destination": 7,
                            "relation": "nn",
                            "source": 8
                        },
                        {
                            "destination": 0,
                            "relation": "nsubjpass",
                            "source": 10
                        },
                        {
                            "destination": 20,
                            "relation": "conj_but",
                            "source": 10
                        },
                        {
                            "destination": 9,
                            "relation": "auxpass",
                            "source": 10
                        },
                        {
                            "destination": 12,
                            "relation": "xcomp",
                            "source": 10
                        },
                        {
                            "destination": 15,
                            "relation": "dobj",
                            "source": 12
                        },
                        {
                            "destination": 11,
                            "relation": "aux",
                            "source": 12
                        },
                        {
                            "destination": 13,
                            "relation": "det",
                            "source": 15
                        },
                        {
                            "destination": 14,
                            "relation": "amod",
                            "source": 15
                        },
                        {
                            "destination": 18,
                            "relation": "nsubj",
                            "source": 20
                        },
                        {
                            "destination": 34,
                            "relation": "advcl",
                            "source": 20
                        },
                        {
                            "destination": 19,
                            "relation": "cop",
                            "source": 20
                        },
                        {
                            "destination": 26,
                            "relation": "advcl",
                            "source": 20
                        },
                        {
                            "destination": 22,
                            "relation": "det",
                            "source": 24
                        },
                        {
                            "destination": 23,
                            "relation": "amod",
                            "source": 24
                        },
                        {
                            "destination": 34,
                            "relation": "conj_and",
                            "source": 26
                        },
                        {
                            "destination": 21,
                            "relation": "mark",
                            "source": 26
                        },
                        {
                            "destination": 24,
                            "relation": "nsubj",
                            "source": 26
                        },
                        {
                            "destination": 25,
                            "relation": "advmod",
                            "source": 26
                        },
                        {
                            "destination": 29,
                            "relation": "prep_for",
                            "source": 26
                        },
                        {
                            "destination": 28,
                            "relation": "amod",
                            "source": 29
                        },
                        {
                            "destination": 32,
                            "relation": "det",
                            "source": 33
                        },
                        {
                            "destination": 31,
                            "relation": "mark",
                            "source": 34
                        },
                        {
                            "destination": 33,
                            "relation": "nsubj",
                            "source": 34
                        },
                        {
                            "destination": 35,
                            "relation": "dobj",
                            "source": 34
                        },
                        {
                            "destination": 38,
                            "relation": "prep_to",
                            "source": 34
                        },
                        {
                            "destination": 37,
                            "relation": "amod",
                            "source": 38
                        }
                    ],
                    "roots": [
                        10
                    ]
                }
            },
            "lemmas": [
                "patient",
                "with",
                "high-grade",
                "astrocytoma",
                "with",
                "idh1",
                "or",
                "idh2",
                "mutation",
                "be",
                "report",
                "to",
                "have",
                "a",
                "better",
                "survival",
                ",",
                "but",
                "it",
                "be",
                "unknown",
                "if",
                "this",
                "improved",
                "survival",
                "also",
                "hold",
                "for",
                "low-grade",
                "astrocytoma",
                "and",
                "whether",
                "these",
                "mutation",
                "predict",
                "outcome",
                "to",
                "specific",
                "treatment",
                "."
            ],
            "startOffsets": [
                124,
                133,
                138,
                149,
                162,
                167,
                172,
                175,
                180,
                190,
                195,
                204,
                207,
                212,
                214,
                221,
                229,
                231,
                235,
                238,
                241,
                249,
                252,
                257,
                266,
                275,
                280,
                286,
                290,
                300,
                313,
                317,
                325,
                331,
                341,
                349,
                357,
                360,
                369,
                378
            ],
            "tags": [
                "NNS",
                "IN",
                "JJ",
                "NNS",
                "IN",
                "NN",
                "CC",
                "NN",
                "NNS",
                "VBD",
                "VBN",
                "TO",
                "VB",
                "DT",
                "JJR",
                "NN",
                ",",
                "CC",
                "PRP",
                "VBZ",
                "JJ",
                "IN",
                "DT",
                "JJ",
                "NN",
                "RB",
                "VBZ",
                "IN",
                "JJ",
                "NN",
                "CC",
                "IN",
                "DT",
                "NNS",
                "VBP",
                "NN",
                "TO",
                "JJ",
                "NN",
                "."
            ],
            "words": [
                "Patients",
                "with",
                "high-grade",
                "astrocytomas",
                "with",
                "IDH1",
                "or",
                "IDH2",
                "mutations",
                "were",
                "reported",
                "to",
                "have",
                "a",
                "better",
                "survival",
                ",",
                "but",
                "it",
                "is",
                "unknown",
                "if",
                "this",
                "improved",
                "survival",
                "also",
                "holds",
                "for",
                "low-grade",
                "astrocytoma",
                "and",
                "whether",
                "these",
                "mutations",
                "predict",
                "outcome",
                "to",
                "specific",
                "treatment",
                "."
            ]
        },
        {
            "endOffsets": [
                387,
                388,
                391,
                407,
                420,
                424,
                436,
                439,
                444,
                448,
                453,
                463,
                468,
                476,
                485,
                489,
                498,
                501,
                514,
                517,
                519,
                526,
                529,
                538,
                543,
                560,
                570,
                583,
                591,
                596,
                609,
                612,
                616,
                621,
                624,
                636,
                642,
                655,
                656
            ],
            "entities": [
                "O",
                "O",
                "O",
                "O",
                "O",
                "O",
                "O",
                "O",
                "B-Gene_or_gene_product",
                "O",
                "B-Gene_or_gene_product",
                "O",
                "O",
                "O",
                "O",
                "O",
                "O",
                "O",
                "B-Simple_chemical",
                "O",
                "O",
                "O",
                "O",
                "O",
                "O",
                "O",
                "O",
                "O",
                "O",
                "O",
                "B-Simple_chemical",
                "O",
                "O",
                "O",
                "O",
                "O",
                "O",
                "O",
                "O"
            ],
            "graphs": {
                "stanford-basic": {
                    "edges": [
                        {
                            "destination": 4,
                            "relation": "dep",
                            "source": 0
                        },
                        {
                            "destination": 17,
                            "relation": "prep",
                            "source": 4
                        },
                        {
                            "destination": 2,
                            "relation": "nsubj",
                            "source": 4
                        },
                        {
                            "destination": 3,
                            "relation": "advmod",
                            "source": 4
                        },
                        {
                            "destination": 6,
                            "relation": "dobj",
                            "source": 4
                        },
                        {
                            "destination": 24,
                            "relation": "prep",
                            "source": 4
                        },
                        {
                            "destination": 12,
                            "relation": "prep",
                            "source": 4
                        },
                        {
                            "destination": 5,
                            "relation": "det",
                            "source": 6
                        },
                        {
                            "destination": 7,
                            "relation": "prep",
                            "source": 6
                        },
                        {
                            "destination": 11,
                            "relation": "pobj",
                            "source": 7
                        },
                        {
                            "destination": 9,
                            "relation": "cc",
                            "source": 8
                        },
                        {
                            "destination": 10,
                            "relation": "conj",
                            "source": 8
                        },
                        {
                            "destination": 8,
                            "relation": "nn",
                            "source": 11
                        },
                        {
                            "destination": 14,
                            "relation": "pobj",
                            "source": 12
                        },
                        {
                            "destination": 15,
                            "relation": "cc",
                            "source": 14
                        },
                        {
                            "destination": 16,
                            "relation": "conj",
                            "source": 14
                        },
                        {
                            "destination": 13,
                            "relation": "amod",
                            "source": 14
                        },
                        {
                            "destination": 18,
                            "relation": "pobj",
                            "source": 17
                        },
                        {
                            "destination": 19,
                            "relation": "prep",
                            "source": 18
                        },
                        {
                            "destination": 21,
                            "relation": "pobj",
                            "source": 19
                        },
                        {
                            "destination": 20,
                            "relation": "det",
                            "source": 21
                        },
                        {
                            "destination": 22,
                            "relation": "prep",
                            "source": 21
                        },
                        {
                            "destination": 23,
                            "relation": "pobj",
                            "source": 22
                        },
                        {
                            "destination": 27,
                            "relation": "pobj",
                            "source": 24
                        },
                        {
                            "destination": 25,
                            "relation": "amod",
                            "source": 27
                        },
                        {
                            "destination": 26,
                            "relation": "amod",
                            "source": 27
                        },
                        {
                            "destination": 28,
                            "relation": "vmod",
                            "source": 27
                        },
                        {
                            "destination": 31,
                            "relation": "prep",
                            "source": 28
                        },
                        {
                            "destination": 36,
                            "relation": "prep",
                            "source": 28
                        },
                        {
                            "destination": 29,
                            "relation": "prep",
                            "source": 28
                        },
                        {
                            "destination": 30,
                            "relation": "pobj",
                            "source": 29
                        },
                        {
                            "destination": 33,
                            "relation": "pobj",
                            "source": 31
                        },
                        {
                            "destination": 32,
                            "relation": "det",
                            "source": 33
                        },
                        {
                            "destination": 34,
                            "relation": "prep",
                            "source": 33
                        },
                        {
                            "destination": 35,
                            "relation": "pobj",
                            "source": 34
                        },
                        {
                            "destination": 37,
                            "relation": "pobj",
                            "source": 36
                        }
                    ],
                    "roots": [
                        0
                    ]
                },
                "stanford-collapsed": {
                    "edges": [
                        {
                            "destination": 4,
                            "relation": "dep",
                            "source": 0
                        },
                        {
                            "destination": 16,
                            "relation": "prep_with",
                            "source": 4
                        },
                        {
                            "destination": 2,
                            "relation": "nsubj",
                            "source": 4
                        },
                        {
                            "destination": 18,
                            "relation": "prep_to",
                            "source": 4
                        },
                        {
                            "destination": 3,
                            "relation": "advmod",
                            "source": 4
                        },
                        {
                            "destination": 6,
                            "relation": "dobj",
                            "source": 4
                        },
                        {
                            "destination": 27,
                            "relation": "prep_with",
                            "source": 4
                        },
                        {
                            "destination": 14,
                            "relation": "prep_with",
                            "source": 4
                        },
                        {
                            "destination": 5,
                            "relation": "det",
                            "source": 6
                        },
                        {
                            "destination": 11,
                            "relation": "prep_of",
                            "source": 6
                        },
                        {
                            "destination": 10,
                            "relation": "conj_and",
                            "source": 8
                        },
                        {
                            "destination": 8,
                            "relation": "nn",
                            "source": 11
                        },
                        {
                            "destination": 10,
                            "relation": "nn",
                            "source": 11
                        },
                        {
                            "destination": 16,
                            "relation": "conj_and",
                            "source": 14
                        },
                        {
                            "destination": 13,
                            "relation": "amod",
                            "source": 14
                        },
                        {
                            "destination": 21,
                            "relation": "prep_in",
                            "source": 18
                        },
                        {
                            "destination": 20,
                            "relation": "det",
                            "source": 21
                        },
                        {
                            "destination": 23,
                            "relation": "prep_of",
                            "source": 21
                        },
                        {
                            "destination": 25,
                            "relation": "amod",
                            "source": 27
                        },
                        {
                            "destination": 26,
                            "relation": "amod",
                            "source": 27
                        },
                        {
                            "destination": 28,
                            "relation": "vmod",
                            "source": 27
                        },
                        {
                            "destination": 33,
                            "relation": "prep_at",
                            "source": 28
                        },
                        {
                            "destination": 37,
                            "relation": "prep_after",
                            "source": 28
                        },
                        {
                            "destination": 30,
                            "relation": "prep_with",
                            "source": 28
                        },
                        {
                            "destination": 32,
                            "relation": "det",
                            "source": 33
                        },
                        {
                            "destination": 35,
                            "relation": "prep_of",
                            "source": 33
                        }
                    ],
                    "roots": [
                        0
                    ]
                }
            },
            "lemmas": [
                "method",
                ":",
                "we",
                "retrospectively",
                "investigate",
                "the",
                "correlation",
                "of",
                "idh1",
                "and",
                "idh2",
                "mutation",
                "with",
                "overall",
                "survival",
                "and",
                "response",
                "to",
                "temozolomide",
                "in",
                "a",
                "cohort",
                "of",
                "patient",
                "with",
                "dedifferentiated",
                "low-grade",
                "astrocytoma",
                "treat",
                "with",
                "temozolomide",
                "at",
                "the",
                "time",
                "of",
                "progression",
                "after",
                "radiotherapy",
                "."
            ],
            "startOffsets": [
                380,
                387,
                389,
                392,
                408,
                421,
                425,
                437,
                440,
                445,
                449,
                454,
                464,
                469,
                477,
                486,
                490,
                499,
                502,
                515,
                518,
                520,
                527,
                530,
                539,
                544,
                561,
                571,
                584,
                592,
                597,
                610,
                613,
                617,
                622,
                625,
                637,
                643,
                655
            ],
            "tags": [
                "NNS",
                ":",
                "PRP",
                "RB",
                "VBD",
                "DT",
                "NN",
                "IN",
                "NN",
                "CC",
                "NN",
                "NNS",
                "IN",
                "JJ",
                "NN",
                "CC",
                "NN",
                "TO",
                "NN",
                "IN",
                "DT",
                "NN",
                "IN",
                "NNS",
                "IN",
                "JJ",
                "JJ",
                "NNS",
                "VBN",
                "IN",
                "NN",
                "IN",
                "DT",
                "NN",
                "IN",
                "NN",
                "IN",
                "NN",
                "."
            ],
            "words": [
                "METHODS",
                ":",
                "We",
                "retrospectively",
                "investigated",
                "the",
                "correlation",
                "of",
                "IDH1",
                "and",
                "IDH2",
                "mutations",
                "with",
                "overall",
                "survival",
                "and",
                "response",
                "to",
                "temozolomide",
                "in",
                "a",
                "cohort",
                "of",
                "patients",
                "with",
                "dedifferentiated",
                "low-grade",
                "astrocytomas",
                "treated",
                "with",
                "temozolomide",
                "at",
                "the",
                "time",
                "of",
                "progression",
                "after",
                "radiotherapy",
                "."
            ]
        },
        {
            "endOffsets": [
                664,
                665,
                670,
                680,
                685,
                693,
                696,
                699,
                700,
                703,
                707,
                710,
                722,
                735,
                736
            ],
            "entities": [
                "O",
                "O",
                "B-Gene_or_gene_product",
                "O",
                "O",
                "O",
                "O",
                "O",
                "O",
                "O",
                "O",
                "O",
                "O",
                "O",
                "O"
            ],
            "graphs": {
                "stanford-basic": {
                    "edges": [
                        {
                            "destination": 5,
                            "relation": "dep",
                            "source": 0
                        },
                        {
                            "destination": 2,
                            "relation": "nn",
                            "source": 3
                        },
                        {
                            "destination": 3,
                            "relation": "nsubj",
                            "source": 5
                        },
                        {
                            "destination": 4,
                            "relation": "cop",
                            "source": 5
                        },
                        {
                            "destination": 6,
                            "relation": "prep",
                            "source": 5
                        },
                        {
                            "destination": 8,
                            "relation": "pobj",
                            "source": 6
                        },
                        {
                            "destination": 7,
                            "relation": "num",
                            "source": 8
                        },
                        {
                            "destination": 9,
                            "relation": "prep",
                            "source": 8
                        },
                        {
                            "destination": 13,
                            "relation": "pobj",
                            "source": 9
                        },
                        {
                            "destination": 10,
                            "relation": "det",
                            "source": 13
                        },
                        {
                            "destination": 11,
                            "relation": "num",
                            "source": 13
                        },
                        {
                            "destination": 12,
                            "relation": "amod",
                            "source": 13
                        }
                    ],
                    "roots": [
                        0
                    ]
                },
                "stanford-collapsed": {
                    "edges": [
                        {
                            "destination": 5,
                            "relation": "dep",
                            "source": 0
                        },
                        {
                            "destination": 2,
                            "relation": "nn",
                            "source": 3
                        },
                        {
                            "destination": 3,
                            "relation": "nsubj",
                            "source": 5
                        },
                        {
                            "destination": 4,
                            "relation": "cop",
                            "source": 5
                        },
                        {
                            "destination": 8,
                            "relation": "prep_in",
                            "source": 5
                        },
                        {
                            "destination": 7,
                            "relation": "num",
                            "source": 8
                        },
                        {
                            "destination": 13,
                            "relation": "prep_of",
                            "source": 8
                        },
                        {
                            "destination": 10,
                            "relation": "det",
                            "source": 13
                        },
                        {
                            "destination": 11,
                            "relation": "num",
                            "source": 13
                        },
                        {
                            "destination": 12,
                            "relation": "amod",
                            "source": 13
                        }
                    ],
                    "roots": [
                        0
                    ]
                }
            },
            "lemmas": [
                "result",
                ":",
                "idh1",
                "mutation",
                "be",
                "present",
                "in",
                "86",
                "%",
                "of",
                "the",
                "49",
                "progressive",
                "astrocytoma",
                "."
            ],
            "startOffsets": [
                657,
                664,
                666,
                671,
                681,
                686,
                694,
                697,
                699,
                701,
                704,
                708,
                711,
                723,
                735
            ],
            "tags": [
                "NNS",
                ":",
                "NN",
                "NNS",
                "VBD",
                "JJ",
                "IN",
                "CD",
                "NN",
                "IN",
                "DT",
                "CD",
                "JJ",
                "NNS",
                "."
            ],
            "words": [
                "RESULTS",
                ":",
                "IDH1",
                "mutations",
                "were",
                "present",
                "in",
                "86",
                "%",
                "of",
                "the",
                "49",
                "progressive",
                "astrocytomas",
                "."
            ]
        },
        {
            "endOffsets": [
                739,
                749,
                752,
                757,
                762,
                768,
                769
            ],
            "entities": [
                "O",
                "O",
                "O",
                "B-Gene_or_gene_product",
                "O",
                "O",
                "O"
            ],
            "graphs": {
                "stanford-basic": {
                    "edges": [
                        {
                            "destination": 0,
                            "relation": "neg",
                            "source": 1
                        },
                        {
                            "destination": 2,
                            "relation": "prep",
                            "source": 1
                        },
                        {
                            "destination": 3,
                            "relation": "pobj",
                            "source": 2
                        },
                        {
                            "destination": 1,
                            "relation": "nsubjpass",
                            "source": 5
                        },
                        {
                            "destination": 4,
                            "relation": "auxpass",
                            "source": 5
                        }
                    ],
                    "roots": [
                        5
                    ]
                },
                "stanford-collapsed": {
                    "edges": [
                        {
                            "destination": 0,
                            "relation": "neg",
                            "source": 1
                        },
                        {
                            "destination": 3,
                            "relation": "prep_in",
                            "source": 1
                        },
                        {
                            "destination": 1,
                            "relation": "nsubjpass",
                            "source": 5
                        },
                        {
                            "destination": 4,
                            "relation": "auxpass",
                            "source": 5
                        }
                    ],
                    "roots": [
                        5
                    ]
                }
            },
            "lemmas": [
                "no",
                "mutation",
                "in",
                "idh2",
                "be",
                "find",
                "."
            ],
            "startOffsets": [
                737,
                740,
                750,
                753,
                758,
                763,
                768
            ],
            "tags": [
                "DT",
                "NNS",
                "IN",
                "NN",
                "VBD",
                "VBN",
                "."
            ],
            "words": [
                "No",
                "mutations",
                "in",
                "IDH2",
                "were",
                "found",
                "."
            ]
        },
        {
            "endOffsets": [
                778,
                781,
                786,
                796,
                801,
                807,
                814,
                818,
                832,
                841,
                849,
                858,
                860,
                866,
                875,
                878,
                881,
                884,
                891,
                892,
                893,
                897,
                901,
                905,
                912,
                920,
                923,
                936,
                946,
                947
            ],
            "entities": [
                "O",
                "O",
                "B-Gene_or_gene_product",
                "O",
                "O",
                "O",
                "O",
                "O",
                "O",
                "O",
                "O",
                "O",
                "O",
                "O",
                "O",
                "O",
                "O",
                "O",
                "O",
                "O",
                "O",
                "O",
                "O",
                "O",
                "O",
                "O",
                "O",
                "B-Simple_chemical",
                "O",
                "O"
            ],
            "graphs": {
                "stanford-basic": {
                    "edges": [
                        {
                            "destination": 1,
                            "relation": "prep",
                            "source": 0
                        },
                        {
                            "destination": 3,
                            "relation": "pobj",
                            "source": 1
                        },
                        {
                            "destination": 2,
                            "relation": "nn",
                            "source": 3
                        },
                        {
                            "destination": 0,
                            "relation": "nsubj",
                            "source": 6
                        },
                        {
                            "destination": 4,
                            "relation": "cop",
                            "source": 6
                        },
                        {
                            "destination": 5,
                            "relation": "amod",
                            "source": 6
                        },
                        {
                            "destination": 21,
                            "relation": "cc",
                            "source": 6
                        },
                        {
                            "destination": 7,
                            "relation": "cc",
                            "source": 6
                        },
                        {
                            "destination": 24,
                            "relation": "conj",
                            "source": 6
                        },
                        {
                            "destination": 9,
                            "relation": "conj",
                            "source": 6
                        },
                        {
                            "destination": 8,
                            "relation": "advmod",
                            "source": 9
                        },
                        {
                            "destination": 11,
                            "relation": "dobj",
                            "source": 9
                        },
                        {
                            "destination": 10,
                            "relation": "amod",
                            "source": 11
                        },
                        {
                            "destination": 14,
                            "relation": "dep",
                            "source": 11
                        },
                        {
                            "destination": 15,
                            "relation": "num",
                            "source": 14
                        },
                        {
                            "destination": 16,
                            "relation": "cc",
                            "source": 14
                        },
                        {
                            "destination": 18,
                            "relation": "conj",
                            "source": 14
                        },
                        {
                            "destination": 13,
                            "relation": "amod",
                            "source": 14
                        },
                        {
                            "destination": 17,
                            "relation": "num",
                            "source": 18
                        },
                        {
                            "destination": 22,
                            "relation": "aux",
                            "source": 24
                        },
                        {
                            "destination": 23,
                            "relation": "neg",
                            "source": 24
                        },
                        {
                            "destination": 25,
                            "relation": "dobj",
                            "source": 24
                        },
                        {
                            "destination": 26,
                            "relation": "prep",
                            "source": 25
                        },
                        {
                            "destination": 28,
                            "relation": "pobj",
                            "source": 26
                        },
                        {
                            "destination": 27,
                            "relation": "nn",
                            "source": 28
                        }
                    ],
                    "roots": [
                        6
                    ]
                },
                "stanford-collapsed": {
                    "edges": [
                        {
                            "destination": 3,
                            "relation": "prep_of",
                            "source": 0
                        },
                        {
                            "destination": 2,
                            "relation": "nn",
                            "source": 3
                        },
                        {
                            "destination": 0,
                            "relation": "nsubj",
                            "source": 6
                        },
                        {
                            "destination": 4,
                            "relation": "cop",
                            "source": 6
                        },
                        {
                            "destination": 5,
                            "relation": "amod",
                            "source": 6
                        },
                        {
                            "destination": 24,
                            "relation": "conj_but",
                            "source": 6
                        },
                        {
                            "destination": 9,
                            "relation": "conj_and",
                            "source": 6
                        },
                        {
                            "destination": 0,
                            "relation": "nsubj",
                            "source": 9
                        },
                        {
                            "destination": 8,
                            "relation": "advmod",
                            "source": 9
                        },
                        {
                            "destination": 11,
                            "relation": "dobj",
                            "source": 9
                        },
                        {
                            "destination": 18,
                            "relation": "dep",
                            "source": 11
                        },
                        {
                            "destination": 10,
                            "relation": "amod",
                            "source": 11
                        },
                        {
                            "destination": 14,
                            "relation": "dep",
                            "source": 11
                        },
                        {
                            "destination": 15,
                            "relation": "num",
                            "source": 14
                        },
                        {
                            "destination": 18,
                            "relation": "conj_vs",
                            "source": 14
                        },
                        {
                            "destination": 13,
                            "relation": "amod",
                            "source": 14
                        },
                        {
                            "destination": 17,
                            "relation": "num",
                            "source": 18
                        },
                        {
                            "destination": 0,
                            "relation": "nsubj",
                            "source": 24
                        },
                        {
                            "destination": 22,
                            "relation": "aux",
                            "source": 24
                        },
                        {
                            "destination": 23,
                            "relation": "neg",
                            "source": 24
                        },
                        {
                            "destination": 25,
                            "relation": "dobj",
                            "source": 24
                        },
                        {
                            "destination": 28,
                            "relation": "prep_of",
                            "source": 25
                        },
                        {
                            "destination": 27,
                            "relation": "nn",
                            "source": 28
                        }
                    ],
                    "roots": [
                        6
                    ]
                }
            },
            "lemmas": [
                "presence",
                "of",
                "idh1",
                "mutation",
                "be",
                "early",
                "event",
                "and",
                "significantly",
                "improve",
                "overall",
                "survival",
                "(",
                "median",
                "survival",
                "48",
                "vs",
                "98",
                "month",
                ")",
                ",",
                "but",
                "do",
                "not",
                "affect",
                "outcome",
                "of",
                "temozolomide",
                "treatment",
                "."
            ],
            "startOffsets": [
                770,
                779,
                782,
                787,
                797,
                802,
                808,
                815,
                819,
                833,
                842,
                850,
                859,
                860,
                867,
                876,
                879,
                882,
                885,
                891,
                892,
                894,
                898,
                902,
                906,
                913,
                921,
                924,
                937,
                946
            ],
            "tags": [
                "NN",
                "IN",
                "NN",
                "NNS",
                "VBD",
                "JJ",
                "NNS",
                "CC",
                "RB",
                "VBD",
                "JJ",
                "NN",
                "-LRB-",
                "JJ",
                "NN",
                "CD",
                "CC",
                "CD",
                "NNS",
                "-RRB-",
                ",",
                "CC",
                "VBD",
                "RB",
                "VB",
                "NN",
                "IN",
                "NN",
                "NN",
                "."
            ],
            "words": [
                "Presence",
                "of",
                "IDH1",
                "mutations",
                "were",
                "early",
                "events",
                "and",
                "significantly",
                "improved",
                "overall",
                "survival",
                "(",
                "median",
                "survival",
                "48",
                "vs",
                "98",
                "months",
                ")",
                ",",
                "but",
                "did",
                "not",
                "affect",
                "outcome",
                "of",
                "temozolomide",
                "treatment",
                "."
            ]
        },
        {
            "endOffsets": [
                958,
                959,
                965,
                973,
                982,
                987,
                992,
                1002,
                1011,
                1013,
                1022,
                1025,
                1033,
                1038,
                1041,
                1050,
                1059,
                1060,
                1064,
                1068,
                1078,
                1081,
                1085,
                1098,
                1107,
                1108
            ],
            "entities": [
                "O",
                "O",
                "O",
                "O",
                "O",
                "O",
                "B-Gene_or_gene_product",
                "O",
                "O",
                "O",
                "O",
                "O",
                "O",
                "O",
                "O",
                "O",
                "O",
                "O",
                "O",
                "O",
                "O",
                "O",
                "O",
                "B-Simple_chemical",
                "O",
                "O"
            ],
            "graphs": {
                "stanford-basic": {
                    "edges": [
                        {
                            "destination": 4,
                            "relation": "dep",
                            "source": 0
                        },
                        {
                            "destination": 2,
                            "relation": "det",
                            "source": 3
                        },
                        {
                            "destination": 3,
                            "relation": "nsubj",
                            "source": 4
                        },
                        {
                            "destination": 8,
                            "relation": "ccomp",
                            "source": 4
                        },
                        {
                            "destination": 6,
                            "relation": "nn",
                            "source": 7
                        },
                        {
                            "destination": 18,
                            "relation": "cc",
                            "source": 8
                        },
                        {
                            "destination": 20,
                            "relation": "conj",
                            "source": 8
                        },
                        {
                            "destination": 5,
                            "relation": "mark",
                            "source": 8
                        },
                        {
                            "destination": 7,
                            "relation": "nsubj",
                            "source": 8
                        },
                        {
                            "destination": 10,
                            "relation": "dobj",
                            "source": 8
                        },
                        {
                            "destination": 9,
                            "relation": "det",
                            "source": 10
                        },
                        {
                            "destination": 11,
                            "relation": "prep",
                            "source": 10
                        },
                        {
                            "destination": 12,
                            "relation": "pobj",
                            "source": 11
                        },
                        {
                            "destination": 13,
                            "relation": "prep",
                            "source": 12
                        },
                        {
                            "destination": 16,
                            "relation": "pobj",
                            "source": 13
                        },
                        {
                            "destination": 15,
                            "relation": "amod",
                            "source": 16
                        },
                        {
                            "destination": 14,
                            "relation": "det",
                            "source": 16
                        },
                        {
                            "destination": 19,
                            "relation": "cop",
                            "source": 20
                        },
                        {
                            "destination": 21,
                            "relation": "prep",
                            "source": 20
                        },
                        {
                            "destination": 24,
                            "relation": "pobj",
                            "source": 21
                        },
                        {
                            "destination": 22,
                            "relation": "det",
                            "source": 24
                        },
                        {
                            "destination": 23,
                            "relation": "nn",
                            "source": 24
                        }
                    ],
                    "roots": [
                        0
                    ]
                },
                "stanford-collapsed": {
                    "edges": [
                        {
                            "destination": 4,
                            "relation": "dep",
                            "source": 0
                        },
                        {
                            "destination": 2,
                            "relation": "det",
                            "source": 3
                        },
                        {
                            "destination": 3,
                            "relation": "nsubj",
                            "source": 4
                        },
                        {
                            "destination": 20,
                            "relation": "ccomp",
                            "source": 4
                        },
                        {
                            "destination": 8,
                            "relation": "ccomp",
                            "source": 4
                        },
                        {
                            "destination": 6,
                            "relation": "nn",
                            "source": 7
                        },
                        {
                            "destination": 20,
                            "relation": "conj_but",
                            "source": 8
                        },
                        {
                            "destination": 5,
                            "relation": "mark",
                            "source": 8
                        },
                        {
                            "destination": 7,
                            "relation": "nsubj",
                            "source": 8
                        },
                        {
                            "destination": 10,
                            "relation": "dobj",
                            "source": 8
                        },
                        {
                            "destination": 9,
                            "relation": "det",
                            "source": 10
                        },
                        {
                            "destination": 12,
                            "relation": "prep_of",
                            "source": 10
                        },
                        {
                            "destination": 16,
                            "relation": "prep_with",
                            "source": 12
                        },
                        {
                            "destination": 15,
                            "relation": "amod",
                            "source": 16
                        },
                        {
                            "destination": 14,
                            "relation": "det",
                            "source": 16
                        },
                        {
                            "destination": 19,
                            "relation": "cop",
                            "source": 20
                        },
                        {
                            "destination": 7,
                            "relation": "nsubj",
                            "source": 20
                        },
                        {
                            "destination": 24,
                            "relation": "prep_to",
                            "source": 20
                        },
                        {
                            "destination": 22,
                            "relation": "det",
                            "source": 24
                        },
                        {
                            "destination": 23,
                            "relation": "nn",
                            "source": 24
                        }
                    ],
                    "roots": [
                        0
                    ]
                }
            },
            "lemmas": [
                "conclusion",
                ":",
                "these",
                "result",
                "indicate",
                "that",
                "idh1",
                "mutation",
                "identify",
                "a",
                "subgroup",
                "of",
                "glioma",
                "with",
                "a",
                "improved",
                "survival",
                ",",
                "but",
                "be",
                "unrelated",
                "to",
                "the",
                "temozolomide",
                "response",
                "."
            ],
            "startOffsets": [
                948,
                958,
                960,
                966,
                974,
                983,
                988,
                993,
                1003,
                1012,
                1014,
                1023,
                1026,
                1034,
                1039,
                1042,
                1051,
                1059,
                1061,
                1065,
                1069,
                1079,
                1082,
                1086,
                1099,
                1107
            ],
            "tags": [
                "NN",
                ":",
                "DT",
                "NNS",
                "VBP",
                "IN",
                "NN",
                "NNS",
                "VBP",
                "DT",
                "NN",
                "IN",
                "NNS",
                "IN",
                "DT",
                "JJ",
                "NN",
                ",",
                "CC",
                "VBP",
                "JJ",
                "TO",
                "DT",
                "NN",
                "NN",
                "."
            ],
            "words": [
                "CONCLUSION",
                ":",
                "These",
                "results",
                "indicate",
                "that",
                "IDH1",
                "mutations",
                "identify",
                "a",
                "subgroup",
                "of",
                "gliomas",
                "with",
                "an",
                "improved",
                "survival",
                ",",
                "but",
                "are",
                "unrelated",
                "to",
                "the",
                "temozolomide",
                "response",
                "."
            ]
        }
    ],
    "text": "BACKGROUND: Mutations in isocitrate dehydrogenase 1 and 2 (IDH1 and IDH2) have\nbeen implicated in tumorigenesis of gliomas. Patients with high-grade\nastrocytomas with IDH1 or IDH2 mutations were reported to have a better survival,\nbut it is unknown if this improved survival also holds for low-grade astrocytoma \nand whether these mutations predict outcome to specific treatment.\nMETHODS: We retrospectively investigated the correlation of IDH1 and IDH2\nmutations with overall survival and response to temozolomide in a cohort of\npatients with dedifferentiated low-grade astrocytomas treated with temozolomide\nat the time of progression after radiotherapy.\nRESULTS: IDH1 mutations were present in 86% of the 49 progressive astrocytomas.\nNo mutations in IDH2 were found. Presence of IDH1 mutations were early events and\nsignificantly improved overall survival (median survival 48 vs 98 months), but\ndid not affect outcome of temozolomide treatment.\nCONCLUSION: These results indicate that IDH1 mutations identify a subgroup of\ngliomas with an improved survival, but are unrelated to the temozolomide\nresponse."
}