{
    "id": "20085938",
    "sentences": [
        {
            "endOffsets": [
                3,
                24,
                33,
                35,
                39,
                40,
                50,
                55,
                63,
                66,
                73,
                78,
                85,
                86,
                95,
                96,
                105,
                106,
                110,
                121,
                122
            ],
            "entities": [
                "O",
                "B-Gene_or_gene_product",
                "I-Gene_or_gene_product",
                "O",
                "B-Gene_or_gene_product",
                "O",
                "O",
                "O",
                "O",
                "O",
                "O",
                "B-BioProcess",
                "I-BioProcess",
                "O",
                "O",
                "O",
                "O",
                "O",
                "O",
                "B-BioProcess",
                "O"
            ],
            "graphs": {
                "stanford-basic": {
                    "edges": [
                        {
                            "destination": 0,
                            "relation": "det",
                            "source": 2
                        },
                        {
                            "destination": 1,
                            "relation": "nn",
                            "source": 2
                        },
                        {
                            "destination": 4,
                            "relation": "appos",
                            "source": 2
                        },
                        {
                            "destination": 8,
                            "relation": "dep",
                            "source": 2
                        },
                        {
                            "destination": 6,
                            "relation": "nn",
                            "source": 8
                        },
                        {
                            "destination": 7,
                            "relation": "nn",
                            "source": 8
                        },
                        {
                            "destination": 9,
                            "relation": "prep",
                            "source": 8
                        },
                        {
                            "destination": 12,
                            "relation": "pobj",
                            "source": 9
                        },
                        {
                            "destination": 10,
                            "relation": "nn",
                            "source": 12
                        },
                        {
                            "destination": 11,
                            "relation": "nn",
                            "source": 12
                        },
                        {
                            "destination": 14,
                            "relation": "appos",
                            "source": 12
                        },
                        {
                            "destination": 16,
                            "relation": "conj",
                            "source": 14
                        },
                        {
                            "destination": 18,
                            "relation": "cc",
                            "source": 14
                        },
                        {
                            "destination": 19,
                            "relation": "conj",
                            "source": 14
                        }
                    ],
                    "roots": [
                        2
                    ]
                },
                "stanford-collapsed": {
                    "edges": [
                        {
                            "destination": 0,
                            "relation": "det",
                            "source": 2
                        },
                        {
                            "destination": 1,
                            "relation": "nn",
                            "source": 2
                        },
                        {
                            "destination": 4,
                            "relation": "appos",
                            "source": 2
                        },
                        {
                            "destination": 8,
                            "relation": "dep",
                            "source": 2
                        },
                        {
                            "destination": 6,
                            "relation": "nn",
                            "source": 8
                        },
                        {
                            "destination": 7,
                            "relation": "nn",
                            "source": 8
                        },
                        {
                            "destination": 12,
                            "relation": "prep_on",
                            "source": 8
                        },
                        {
                            "destination": 16,
                            "relation": "appos",
                            "source": 12
                        },
                        {
                            "destination": 19,
                            "relation": "appos",
                            "source": 12
                        },
                        {
                            "destination": 10,
                            "relation": "nn",
                            "source": 12
                        },
                        {
                            "destination": 11,
                            "relation": "nn",
                            "source": 12
                        },
                        {
                            "destination": 14,
                            "relation": "appos",
                            "source": 12
                        },
                        {
                            "destination": 16,
                            "relation": "conj_and",
                            "source": 14
                        },
                        {
                            "destination": 19,
                            "relation": "conj_and",
                            "source": 14
                        }
                    ],
                    "roots": [
                        2
                    ]
                }
            },
            "lemmas": [
                "the",
                "phosphatidylinositol",
                "3-kinase",
                "(",
                "pi3k",
                ")",
                "signaling",
                "axis",
                "impact",
                "on",
                "cancer",
                "cell",
                "growth",
                ",",
                "survival",
                ",",
                "motility",
                ",",
                "and",
                "metabolism",
                "."
            ],
            "startOffsets": [
                0,
                4,
                25,
                34,
                35,
                39,
                41,
                51,
                56,
                64,
                67,
                74,
                79,
                85,
                87,
                95,
                97,
                105,
                107,
                111,
                121
            ],
            "tags": [
                "DT",
                "NN",
                "NN",
                "-LRB-",
                "NN",
                "-RRB-",
                "NN",
                "NN",
                "NNS",
                "IN",
                "NN",
                "NN",
                "NN",
                ",",
                "NN",
                ",",
                "NN",
                ",",
                "CC",
                "NN",
                "."
            ],
            "words": [
                "The",
                "phosphatidylinositol",
                "3-kinase",
                "(",
                "PI3K",
                ")",
                "signaling",
                "axis",
                "impacts",
                "on",
                "cancer",
                "cell",
                "growth",
                ",",
                "survival",
                ",",
                "motility",
                ",",
                "and",
                "metabolism",
                "."
            ]
        },
        {
            "endOffsets": [
                127,
                135,
                138,
                148,
                151,
                159,
                170,
                181,
                184,
                192,
                193,
                203,
                211,
                220,
                224,
                238,
                241,
                248,
                257,
                261,
                272,
                273
            ],
            "entities": [
                "O",
                "O",
                "O",
                "O",
                "O",
                "O",
                "O",
                "O",
                "O",
                "O",
                "O",
                "O",
                "O",
                "O",
                "O",
                "O",
                "O",
                "O",
                "O",
                "O",
                "O",
                "O"
            ],
            "graphs": {
                "stanford-basic": {
                    "edges": [
                        {
                            "destination": 0,
                            "relation": "det",
                            "source": 1
                        },
                        {
                            "destination": 1,
                            "relation": "nsubjpass",
                            "source": 3
                        },
                        {
                            "destination": 2,
                            "relation": "auxpass",
                            "source": 3
                        },
                        {
                            "destination": 4,
                            "relation": "prep",
                            "source": 3
                        },
                        {
                            "destination": 8,
                            "relation": "prep",
                            "source": 3
                        },
                        {
                            "destination": 11,
                            "relation": "prep",
                            "source": 3
                        },
                        {
                            "destination": 7,
                            "relation": "pobj",
                            "source": 4
                        },
                        {
                            "destination": 5,
                            "relation": "amod",
                            "source": 7
                        },
                        {
                            "destination": 6,
                            "relation": "amod",
                            "source": 7
                        },
                        {
                            "destination": 9,
                            "relation": "pobj",
                            "source": 8
                        },
                        {
                            "destination": 13,
                            "relation": "pobj",
                            "source": 11
                        },
                        {
                            "destination": 15,
                            "relation": "conj",
                            "source": 13
                        },
                        {
                            "destination": 16,
                            "relation": "prep",
                            "source": 13
                        },
                        {
                            "destination": 12,
                            "relation": "amod",
                            "source": 13
                        },
                        {
                            "destination": 14,
                            "relation": "cc",
                            "source": 13
                        },
                        {
                            "destination": 17,
                            "relation": "pobj",
                            "source": 16
                        },
                        {
                            "destination": 18,
                            "relation": "vmod",
                            "source": 17
                        },
                        {
                            "destination": 20,
                            "relation": "dobj",
                            "source": 18
                        },
                        {
                            "destination": 19,
                            "relation": "amod",
                            "source": 20
                        }
                    ],
                    "roots": [
                        3
                    ]
                },
                "stanford-collapsed": {
                    "edges": [
                        {
                            "destination": 0,
                            "relation": "det",
                            "source": 1
                        },
                        {
                            "destination": 15,
                            "relation": "prep_including",
                            "source": 3
                        },
                        {
                            "destination": 1,
                            "relation": "nsubjpass",
                            "source": 3
                        },
                        {
                            "destination": 2,
                            "relation": "auxpass",
                            "source": 3
                        },
                        {
                            "destination": 7,
                            "relation": "agent",
                            "source": 3
                        },
                        {
                            "destination": 9,
                            "relation": "prep_in",
                            "source": 3
                        },
                        {
                            "destination": 13,
                            "relation": "prep_including",
                            "source": 3
                        },
                        {
                            "destination": 5,
                            "relation": "amod",
                            "source": 7
                        },
                        {
                            "destination": 6,
                            "relation": "amod",
                            "source": 7
                        },
                        {
                            "destination": 15,
                            "relation": "conj_and",
                            "source": 13
                        },
                        {
                            "destination": 17,
                            "relation": "prep_of",
                            "source": 13
                        },
                        {
                            "destination": 12,
                            "relation": "amod",
                            "source": 13
                        },
                        {
                            "destination": 18,
                            "relation": "vmod",
                            "source": 17
                        },
                        {
                            "destination": 20,
                            "relation": "dobj",
                            "source": 18
                        },
                        {
                            "destination": 19,
                            "relation": "amod",
                            "source": 20
                        }
                    ],
                    "roots": [
                        3
                    ]
                }
            },
            "lemmas": [
                "this",
                "pathway",
                "be",
                "activate",
                "by",
                "several",
                "different",
                "mechanism",
                "in",
                "cancer",
                ",",
                "include",
                "somatic",
                "mutation",
                "and",
                "amplification",
                "of",
                "gene",
                "encode",
                "key",
                "component",
                "."
            ],
            "startOffsets": [
                123,
                128,
                136,
                139,
                149,
                152,
                161,
                171,
                182,
                185,
                192,
                194,
                204,
                212,
                221,
                225,
                239,
                243,
                249,
                258,
                262,
                272
            ],
            "tags": [
                "DT",
                "NN",
                "VBZ",
                "VBN",
                "IN",
                "JJ",
                "JJ",
                "NNS",
                "IN",
                "NNS",
                ",",
                "VBG",
                "JJ",
                "NN",
                "CC",
                "NN",
                "IN",
                "NNS",
                "VBG",
                "JJ",
                "NNS",
                "."
            ],
            "words": [
                "This",
                "pathway",
                "is",
                "activated",
                "by",
                "several",
                "different",
                "mechanisms",
                "in",
                "cancers",
                ",",
                "including",
                "somatic",
                "mutation",
                "and",
                "amplification",
                "of",
                "genes",
                "encoding",
                "key",
                "components",
                "."
            ]
        },
        {
            "endOffsets": [
                276,
                285,
                286,
                291,
                301,
                305,
                311,
                320,
                330,
                334,
                347,
                353,
                356,
                360,
                366,
                383,
                384
            ],
            "entities": [
                "O",
                "O",
                "O",
                "B-Gene_or_gene_product",
                "O",
                "O",
                "O",
                "O",
                "O",
                "O",
                "O",
                "O",
                "O",
                "O",
                "B-BioProcess",
                "I-BioProcess",
                "O"
            ],
            "graphs": {
                "stanford-basic": {
                    "edges": [
                        {
                            "destination": 1,
                            "relation": "pobj",
                            "source": 0
                        },
                        {
                            "destination": 3,
                            "relation": "nn",
                            "source": 4
                        },
                        {
                            "destination": 0,
                            "relation": "prep",
                            "source": 6
                        },
                        {
                            "destination": 4,
                            "relation": "nsubj",
                            "source": 6
                        },
                        {
                            "destination": 5,
                            "relation": "aux",
                            "source": 6
                        },
                        {
                            "destination": 8,
                            "relation": "dobj",
                            "source": 6
                        },
                        {
                            "destination": 9,
                            "relation": "prep",
                            "source": 6
                        },
                        {
                            "destination": 7,
                            "relation": "amod",
                            "source": 8
                        },
                        {
                            "destination": 11,
                            "relation": "pobj",
                            "source": 9
                        },
                        {
                            "destination": 10,
                            "relation": "amod",
                            "source": 11
                        },
                        {
                            "destination": 12,
                            "relation": "prep",
                            "source": 11
                        },
                        {
                            "destination": 15,
                            "relation": "pobj",
                            "source": 12
                        },
                        {
                            "destination": 13,
                            "relation": "det",
                            "source": 15
                        },
                        {
                            "destination": 14,
                            "relation": "nn",
                            "source": 15
                        }
                    ],
                    "roots": [
                        6
                    ]
                },
                "stanford-collapsed": {
                    "edges": [
                        {
                            "destination": 13,
                            "relation": "det",
                            "source": 15
                        },
                        {
                            "destination": 14,
                            "relation": "nn",
                            "source": 15
                        },
                        {
                            "destination": 3,
                            "relation": "nn",
                            "source": 4
                        },
                        {
                            "destination": 1,
                            "relation": "prep_in",
                            "source": 6
                        },
                        {
                            "destination": 4,
                            "relation": "nsubj",
                            "source": 6
                        },
                        {
                            "destination": 5,
                            "relation": "aux",
                            "source": 6
                        },
                        {
                            "destination": 8,
                            "relation": "dobj",
                            "source": 6
                        },
                        {
                            "destination": 11,
                            "relation": "prep_for",
                            "source": 6
                        },
                        {
                            "destination": 7,
                            "relation": "amod",
                            "source": 8
                        },
                        {
                            "destination": 15,
                            "relation": "prep_in",
                            "source": 11
                        },
                        {
                            "destination": 10,
                            "relation": "amod",
                            "source": 11
                        }
                    ],
                    "roots": [
                        6
                    ]
                }
            },
            "lemmas": [
                "in",
                "addition",
                ",",
                "pi3k",
                "signaling",
                "may",
                "serve",
                "integral",
                "function",
                "for",
                "noncancerous",
                "cell",
                "in",
                "the",
                "tumor",
                "microenvironment",
                "."
            ],
            "startOffsets": [
                274,
                277,
                285,
                287,
                292,
                302,
                306,
                312,
                321,
                331,
                335,
                348,
                354,
                357,
                361,
                367,
                383
            ],
            "tags": [
                "IN",
                "NN",
                ",",
                "NN",
                "NN",
                "MD",
                "VB",
                "JJ",
                "NNS",
                "IN",
                "JJ",
                "NNS",
                "IN",
                "DT",
                "NN",
                "NN",
                "."
            ],
            "words": [
                "In",
                "addition",
                ",",
                "PI3K",
                "signaling",
                "may",
                "serve",
                "integral",
                "functions",
                "for",
                "noncancerous",
                "cells",
                "in",
                "the",
                "tumor",
                "microenvironment",
                "."
            ]
        },
        {
            "endOffsets": [
                397,
                398,
                411,
                421,
                425,
                430,
                438,
                442,
                448,
                458,
                461,
                463,
                469,
                474,
                475,
                479,
                492,
                496,
                502,
                511,
                519,
                523,
                533,
                536,
                544,
                553,
                564,
                567,
                579,
                583,
                588,
                589
            ],
            "entities": [
                "O",
                "O",
                "O",
                "O",
                "O",
                "B-Gene_or_gene_product",
                "O",
                "O",
                "O",
                "O",
                "O",
                "O",
                "O",
                "B-Gene_or_gene_product",
                "O",
                "O",
                "O",
                "O",
                "O",
                "O",
                "O",
                "O",
                "O",
                "O",
                "O",
                "O",
                "O",
                "O",
                "O",
                "O",
                "O",
                "O"
            ],
            "graphs": {
                "stanford-basic": {
                    "edges": [
                        {
                            "destination": 3,
                            "relation": "vmod",
                            "source": 2
                        },
                        {
                            "destination": 6,
                            "relation": "dobj",
                            "source": 3
                        },
                        {
                            "destination": 4,
                            "relation": "det",
                            "source": 6
                        },
                        {
                            "destination": 5,
                            "relation": "nn",
                            "source": 6
                        },
                        {
                            "destination": 15,
                            "relation": "cc",
                            "source": 9
                        },
                        {
                            "destination": 0,
                            "relation": "advmod",
                            "source": 9
                        },
                        {
                            "destination": 2,
                            "relation": "nsubjpass",
                            "source": 9
                        },
                        {
                            "destination": 22,
                            "relation": "conj",
                            "source": 9
                        },
                        {
                            "destination": 7,
                            "relation": "aux",
                            "source": 9
                        },
                        {
                            "destination": 8,
                            "relation": "auxpass",
                            "source": 9
                        },
                        {
                            "destination": 10,
                            "relation": "prep",
                            "source": 9
                        },
                        {
                            "destination": 13,
                            "relation": "pobj",
                            "source": 10
                        },
                        {
                            "destination": 11,
                            "relation": "det",
                            "source": 13
                        },
                        {
                            "destination": 12,
                            "relation": "amod",
                            "source": 13
                        },
                        {
                            "destination": 17,
                            "relation": "cc",
                            "source": 16
                        },
                        {
                            "destination": 20,
                            "relation": "conj",
                            "source": 16
                        },
                        {
                            "destination": 18,
                            "relation": "amod",
                            "source": 20
                        },
                        {
                            "destination": 19,
                            "relation": "amod",
                            "source": 20
                        },
                        {
                            "destination": 16,
                            "relation": "nsubj",
                            "source": 22
                        },
                        {
                            "destination": 21,
                            "relation": "aux",
                            "source": 22
                        },
                        {
                            "destination": 24,
                            "relation": "xcomp",
                            "source": 22
                        },
                        {
                            "destination": 23,
                            "relation": "aux",
                            "source": 24
                        },
                        {
                            "destination": 26,
                            "relation": "dobj",
                            "source": 24
                        },
                        {
                            "destination": 29,
                            "relation": "vmod",
                            "source": 24
                        },
                        {
                            "destination": 25,
                            "relation": "amod",
                            "source": 26
                        },
                        {
                            "destination": 27,
                            "relation": "aux",
                            "source": 29
                        },
                        {
                            "destination": 28,
                            "relation": "advmod",
                            "source": 29
                        },
                        {
                            "destination": 30,
                            "relation": "dobj",
                            "source": 29
                        }
                    ],
                    "roots": [
                        9
                    ]
                },
                "stanford-collapsed": {
                    "edges": [
                        {
                            "destination": 3,
                            "relation": "vmod",
                            "source": 2
                        },
                        {
                            "destination": 6,
                            "relation": "dobj",
                            "source": 3
                        },
                        {
                            "destination": 4,
                            "relation": "det",
                            "source": 6
                        },
                        {
                            "destination": 5,
                            "relation": "nn",
                            "source": 6
                        },
                        {
                            "destination": 0,
                            "relation": "advmod",
                            "source": 9
                        },
                        {
                            "destination": 2,
                            "relation": "nsubjpass",
                            "source": 9
                        },
                        {
                            "destination": 22,
                            "relation": "conj_and",
                            "source": 9
                        },
                        {
                            "destination": 7,
                            "relation": "aux",
                            "source": 9
                        },
                        {
                            "destination": 8,
                            "relation": "auxpass",
                            "source": 9
                        },
                        {
                            "destination": 13,
                            "relation": "prep_at",
                            "source": 9
                        },
                        {
                            "destination": 11,
                            "relation": "det",
                            "source": 13
                        },
                        {
                            "destination": 12,
                            "relation": "amod",
                            "source": 13
                        },
                        {
                            "destination": 20,
                            "relation": "conj_and",
                            "source": 16
                        },
                        {
                            "destination": 18,
                            "relation": "amod",
                            "source": 20
                        },
                        {
                            "destination": 19,
                            "relation": "amod",
                            "source": 20
                        },
                        {
                            "destination": 16,
                            "relation": "nsubj",
                            "source": 22
                        },
                        {
                            "destination": 20,
                            "relation": "nsubj",
                            "source": 22
                        },
                        {
                            "destination": 21,
                            "relation": "aux",
                            "source": 22
                        },
                        {
                            "destination": 24,
                            "relation": "xcomp",
                            "source": 22
                        },
                        {
                            "destination": 23,
                            "relation": "aux",
                            "source": 24
                        },
                        {
                            "destination": 26,
                            "relation": "dobj",
                            "source": 24
                        },
                        {
                            "destination": 29,
                            "relation": "vmod",
                            "source": 24
                        },
                        {
                            "destination": 25,
                            "relation": "amod",
                            "source": 26
                        },
                        {
                            "destination": 27,
                            "relation": "aux",
                            "source": 29
                        },
                        {
                            "destination": 28,
                            "relation": "advmod",
                            "source": 29
                        },
                        {
                            "destination": 30,
                            "relation": "dobj",
                            "source": 29
                        }
                    ],
                    "roots": [
                        9
                    ]
                }
            },
            "lemmas": [
                "consequently",
                ",",
                "therapeutics",
                "target",
                "the",
                "pi3k",
                "pathway",
                "be",
                "be",
                "develop",
                "at",
                "a",
                "rapid",
                "pace",
                ",",
                "and",
                "preclinical",
                "and",
                "early",
                "clinical",
                "study",
                "be",
                "begin",
                "to",
                "suggest",
                "specific",
                "strategy",
                "to",
                "effectively",
                "use",
                "they",
                "."
            ],
            "startOffsets": [
                385,
                397,
                399,
                412,
                422,
                426,
                431,
                439,
                443,
                449,
                459,
                462,
                464,
                470,
                474,
                476,
                481,
                493,
                497,
                503,
                512,
                520,
                524,
                534,
                537,
                545,
                554,
                565,
                568,
                580,
                584,
                588
            ],
            "tags": [
                "RB",
                ",",
                "NNS",
                "VBG",
                "DT",
                "NN",
                "NN",
                "VBP",
                "VBG",
                "VBN",
                "IN",
                "DT",
                "JJ",
                "NN",
                ",",
                "CC",
                "JJ",
                "CC",
                "JJ",
                "JJ",
                "NNS",
                "VBP",
                "VBG",
                "TO",
                "VB",
                "JJ",
                "NNS",
                "TO",
                "RB",
                "VB",
                "PRP",
                "."
            ],
            "words": [
                "Consequently",
                ",",
                "therapeutics",
                "targeting",
                "the",
                "PI3K",
                "pathway",
                "are",
                "being",
                "developed",
                "at",
                "a",
                "rapid",
                "pace",
                ",",
                "and",
                "preclinical",
                "and",
                "early",
                "clinical",
                "studies",
                "are",
                "beginning",
                "to",
                "suggest",
                "specific",
                "strategies",
                "to",
                "effectively",
                "use",
                "them",
                "."
            ]
        },
        {
            "endOffsets": [
                597,
                598,
                602,
                610,
                615,
                618,
                623,
                633,
                636,
                638,
                644,
                650,
                653,
                661,
                670,
                680,
                687,
                696,
                702,
                706,
                710,
                713,
                726,
                730,
                740,
                744,
                749,
                752,
                760,
                774,
                785,
                789,
                793,
                797,
                798
            ],
            "entities": [
                "O",
                "O",
                "O",
                "O",
                "O",
                "O",
                "B-Gene_or_gene_product",
                "O",
                "O",
                "O",
                "O",
                "O",
                "O",
                "O",
                "O",
                "O",
                "O",
                "O",
                "O",
                "O",
                "O",
                "O",
                "O",
                "O",
                "O",
                "O",
                "O",
                "O",
                "O",
                "O",
                "O",
                "O",
                "O",
                "O",
                "O"
            ],
            "graphs": {
                "stanford-basic": {
                    "edges": [
                        {
                            "destination": 2,
                            "relation": "det",
                            "source": 4
                        },
                        {
                            "destination": 3,
                            "relation": "amod",
                            "source": 4
                        },
                        {
                            "destination": 5,
                            "relation": "prep",
                            "source": 4
                        },
                        {
                            "destination": 7,
                            "relation": "pobj",
                            "source": 5
                        },
                        {
                            "destination": 6,
                            "relation": "nn",
                            "source": 7
                        },
                        {
                            "destination": 8,
                            "relation": "prep",
                            "source": 7
                        },
                        {
                            "destination": 11,
                            "relation": "pobj",
                            "source": 8
                        },
                        {
                            "destination": 9,
                            "relation": "det",
                            "source": 11
                        },
                        {
                            "destination": 10,
                            "relation": "amod",
                            "source": 11
                        },
                        {
                            "destination": 12,
                            "relation": "prep",
                            "source": 11
                        },
                        {
                            "destination": 15,
                            "relation": "pobj",
                            "source": 12
                        },
                        {
                            "destination": 13,
                            "relation": "amod",
                            "source": 15
                        },
                        {
                            "destination": 14,
                            "relation": "amod",
                            "source": 15
                        },
                        {
                            "destination": 0,
                            "relation": "advmod",
                            "source": 16
                        },
                        {
                            "destination": 17,
                            "relation": "dobj",
                            "source": 16
                        },
                        {
                            "destination": 18,
                            "relation": "prep",
                            "source": 16
                        },
                        {
                            "destination": 4,
                            "relation": "nsubj",
                            "source": 16
                        },
                        {
                            "destination": 23,
                            "relation": "cc",
                            "source": 16
                        },
                        {
                            "destination": 24,
                            "relation": "conj",
                            "source": 16
                        },
                        {
                            "destination": 20,
                            "relation": "pobj",
                            "source": 18
                        },
                        {
                            "destination": 19,
                            "relation": "poss",
                            "source": 20
                        },
                        {
                            "destination": 21,
                            "relation": "prep",
                            "source": 20
                        },
                        {
                            "destination": 22,
                            "relation": "pobj",
                            "source": 21
                        },
                        {
                            "destination": 26,
                            "relation": "dobj",
                            "source": 24
                        },
                        {
                            "destination": 25,
                            "relation": "det",
                            "source": 26
                        },
                        {
                            "destination": 28,
                            "relation": "vmod",
                            "source": 26
                        },
                        {
                            "destination": 31,
                            "relation": "prep",
                            "source": 28
                        },
                        {
                            "destination": 27,
                            "relation": "aux",
                            "source": 28
                        },
                        {
                            "destination": 30,
                            "relation": "dobj",
                            "source": 28
                        },
                        {
                            "destination": 29,
                            "relation": "amod",
                            "source": 30
                        },
                        {
                            "destination": 33,
                            "relation": "pobj",
                            "source": 31
                        },
                        {
                            "destination": 32,
                            "relation": "poss",
                            "source": 33
                        }
                    ],
                    "roots": [
                        16
                    ]
                },
                "stanford-collapsed": {
                    "edges": [
                        {
                            "destination": 2,
                            "relation": "det",
                            "source": 4
                        },
                        {
                            "destination": 3,
                            "relation": "amod",
                            "source": 4
                        },
                        {
                            "destination": 7,
                            "relation": "prep_of",
                            "source": 4
                        },
                        {
                            "destination": 6,
                            "relation": "nn",
                            "source": 7
                        },
                        {
                            "destination": 11,
                            "relation": "prep_in",
                            "source": 7
                        },
                        {
                            "destination": 15,
                            "relation": "prep_of",
                            "source": 11
                        },
                        {
                            "destination": 9,
                            "relation": "det",
                            "source": 11
                        },
                        {
                            "destination": 10,
                            "relation": "amod",
                            "source": 11
                        },
                        {
                            "destination": 13,
                            "relation": "amod",
                            "source": 15
                        },
                        {
                            "destination": 14,
                            "relation": "amod",
                            "source": 15
                        },
                        {
                            "destination": 0,
                            "relation": "advmod",
                            "source": 16
                        },
                        {
                            "destination": 17,
                            "relation": "dobj",
                            "source": 16
                        },
                        {
                            "destination": 4,
                            "relation": "nsubj",
                            "source": 16
                        },
                        {
                            "destination": 20,
                            "relation": "prep_about",
                            "source": 16
                        },
                        {
                            "destination": 24,
                            "relation": "conj_and",
                            "source": 16
                        },
                        {
                            "destination": 19,
                            "relation": "poss",
                            "source": 20
                        },
                        {
                            "destination": 22,
                            "relation": "prep_in",
                            "source": 20
                        },
                        {
                            "destination": 4,
                            "relation": "nsubj",
                            "source": 24
                        },
                        {
                            "destination": 26,
                            "relation": "dobj",
                            "source": 24
                        },
                        {
                            "destination": 25,
                            "relation": "det",
                            "source": 26
                        },
                        {
                            "destination": 28,
                            "relation": "vmod",
                            "source": 26
                        },
                        {
                            "destination": 33,
                            "relation": "prep_for",
                            "source": 28
                        },
                        {
                            "destination": 27,
                            "relation": "aux",
                            "source": 28
                        },
                        {
                            "destination": 30,
                            "relation": "dobj",
                            "source": 28
                        },
                        {
                            "destination": 29,
                            "relation": "amod",
                            "source": 30
                        },
                        {
                            "destination": 32,
                            "relation": "poss",
                            "source": 33
                        }
                    ],
                    "roots": [
                        16
                    ]
                }
            },
            "lemmas": [
                "however",
                ",",
                "the",
                "central",
                "role",
                "of",
                "pi3k",
                "signaling",
                "in",
                "a",
                "large",
                "array",
                "of",
                "diverse",
                "biologic",
                "process",
                "raise",
                "concern",
                "about",
                "its",
                "use",
                "in",
                "therapeutics",
                "and",
                "increase",
                "the",
                "need",
                "to",
                "develop",
                "sophisticated",
                "strategy",
                "for",
                "its",
                "use",
                "."
            ],
            "startOffsets": [
                590,
                597,
                599,
                603,
                611,
                616,
                619,
                624,
                634,
                637,
                639,
                645,
                651,
                654,
                662,
                671,
                681,
                688,
                697,
                703,
                707,
                711,
                714,
                727,
                731,
                741,
                745,
                750,
                753,
                761,
                775,
                786,
                790,
                794,
                797
            ],
            "tags": [
                "RB",
                ",",
                "DT",
                "JJ",
                "NN",
                "IN",
                "NN",
                "NN",
                "IN",
                "DT",
                "JJ",
                "NN",
                "IN",
                "JJ",
                "JJ",
                "NNS",
                "VBZ",
                "NNS",
                "IN",
                "PRP$",
                "NN",
                "IN",
                "NNS",
                "CC",
                "VBZ",
                "DT",
                "NN",
                "TO",
                "VB",
                "JJ",
                "NNS",
                "IN",
                "PRP$",
                "NN",
                "."
            ],
            "words": [
                "However",
                ",",
                "the",
                "central",
                "role",
                "of",
                "PI3K",
                "signaling",
                "in",
                "a",
                "large",
                "array",
                "of",
                "diverse",
                "biologic",
                "processes",
                "raises",
                "concerns",
                "about",
                "its",
                "use",
                "in",
                "therapeutics",
                "and",
                "increases",
                "the",
                "need",
                "to",
                "develop",
                "sophisticated",
                "strategies",
                "for",
                "its",
                "use",
                "."
            ]
        },
        {
            "endOffsets": [
                801,
                806,
                813,
                814,
                817,
                822,
                830,
                834,
                839,
                849,
                857,
                861,
                868,
                872,
                881,
                884,
                890,
                896,
                897
            ],
            "entities": [
                "O",
                "O",
                "O",
                "O",
                "O",
                "O",
                "O",
                "O",
                "B-Gene_or_gene_product",
                "O",
                "O",
                "O",
                "O",
                "O",
                "O",
                "O",
                "O",
                "O",
                "O"
            ],
            "graphs": {
                "stanford-basic": {
                    "edges": [
                        {
                            "destination": 2,
                            "relation": "pobj",
                            "source": 0
                        },
                        {
                            "destination": 1,
                            "relation": "det",
                            "source": 2
                        },
                        {
                            "destination": 0,
                            "relation": "prep",
                            "source": 6
                        },
                        {
                            "destination": 4,
                            "relation": "nsubj",
                            "source": 6
                        },
                        {
                            "destination": 5,
                            "relation": "aux",
                            "source": 6
                        },
                        {
                            "destination": 10,
                            "relation": "ccomp",
                            "source": 6
                        },
                        {
                            "destination": 8,
                            "relation": "nn",
                            "source": 9
                        },
                        {
                            "destination": 7,
                            "relation": "advmod",
                            "source": 10
                        },
                        {
                            "destination": 9,
                            "relation": "nsubj",
                            "source": 10
                        },
                        {
                            "destination": 12,
                            "relation": "dobj",
                            "source": 10
                        },
                        {
                            "destination": 15,
                            "relation": "prep",
                            "source": 12
                        },
                        {
                            "destination": 11,
                            "relation": "det",
                            "source": 12
                        },
                        {
                            "destination": 13,
                            "relation": "cc",
                            "source": 12
                        },
                        {
                            "destination": 14,
                            "relation": "conj",
                            "source": 12
                        },
                        {
                            "destination": 17,
                            "relation": "pobj",
                            "source": 15
                        },
                        {
                            "destination": 16,
                            "relation": "nn",
                            "source": 17
                        }
                    ],
                    "roots": [
                        6
                    ]
                },
                "stanford-collapsed": {
                    "edges": [
                        {
                            "destination": 1,
                            "relation": "det",
                            "source": 2
                        },
                        {
                            "destination": 2,
                            "relation": "prep_in",
                            "source": 6
                        },
                        {
                            "destination": 4,
                            "relation": "nsubj",
                            "source": 6
                        },
                        {
                            "destination": 5,
                            "relation": "aux",
                            "source": 6
                        },
                        {
                            "destination": 10,
                            "relation": "ccomp",
                            "source": 6
                        },
                        {
                            "destination": 8,
                            "relation": "nn",
                            "source": 9
                        },
                        {
                            "destination": 7,
                            "relation": "advmod",
                            "source": 10
                        },
                        {
                            "destination": 9,
                            "relation": "nsubj",
                            "source": 10
                        },
                        {
                            "destination": 12,
                            "relation": "dobj",
                            "source": 10
                        },
                        {
                            "destination": 14,
                            "relation": "dobj",
                            "source": 10
                        },
                        {
                            "destination": 17,
                            "relation": "prep_of",
                            "source": 12
                        },
                        {
                            "destination": 11,
                            "relation": "det",
                            "source": 12
                        },
                        {
                            "destination": 14,
                            "relation": "conj_and",
                            "source": 12
                        },
                        {
                            "destination": 16,
                            "relation": "nn",
                            "source": 17
                        }
                    ],
                    "roots": [
                        6
                    ]
                }
            },
            "lemmas": [
                "in",
                "this",
                "review",
                ",",
                "we",
                "will",
                "discuss",
                "how",
                "pi3k",
                "signaling",
                "affect",
                "the",
                "growth",
                "and",
                "survival",
                "of",
                "tumor",
                "cell",
                "."
            ],
            "startOffsets": [
                799,
                802,
                807,
                813,
                815,
                818,
                823,
                831,
                835,
                840,
                850,
                858,
                862,
                869,
                873,
                882,
                885,
                891,
                896
            ],
            "tags": [
                "IN",
                "DT",
                "NN",
                ",",
                "PRP",
                "MD",
                "VB",
                "WRB",
                "NN",
                "NN",
                "VBZ",
                "DT",
                "NN",
                "CC",
                "NN",
                "IN",
                "NN",
                "NNS",
                "."
            ],
            "words": [
                "In",
                "this",
                "review",
                ",",
                "we",
                "will",
                "discuss",
                "how",
                "PI3K",
                "signaling",
                "affects",
                "the",
                "growth",
                "and",
                "survival",
                "of",
                "tumor",
                "cells",
                "."
            ]
        },
        {
            "endOffsets": [
                902,
                907,
                915,
                916,
                919,
                924,
                933,
                937,
                948,
                951,
                955,
                960,
                970,
                978,
                979,
                986,
                992,
                995,
                998,
                1010,
                1015,
                1021,
                1034,
                1035,
                1039,
                1044,
                1056,
                1059,
                1064,
                1068,
                1072,
                1082,
                1085,
                1092,
                1093
            ],
            "entities": [
                "O",
                "O",
                "O",
                "O",
                "O",
                "O",
                "O",
                "O",
                "O",
                "O",
                "O",
                "B-Gene_or_gene_product",
                "O",
                "O",
                "O",
                "O",
                "O",
                "O",
                "O",
                "O",
                "O",
                "O",
                "O",
                "O",
                "O",
                "O",
                "O",
                "O",
                "O",
                "O",
                "O",
                "O",
                "O",
                "O",
                "O"
            ],
            "graphs": {
                "stanford-basic": {
                    "edges": [
                        {
                            "destination": 2,
                            "relation": "pobj",
                            "source": 0
                        },
                        {
                            "destination": 1,
                            "relation": "det",
                            "source": 2
                        },
                        {
                            "destination": 0,
                            "relation": "prep",
                            "source": 6
                        },
                        {
                            "destination": 4,
                            "relation": "nsubj",
                            "source": 6
                        },
                        {
                            "destination": 5,
                            "relation": "aux",
                            "source": 6
                        },
                        {
                            "destination": 28,
                            "relation": "ccomp",
                            "source": 6
                        },
                        {
                            "destination": 15,
                            "relation": "dep",
                            "source": 8
                        },
                        {
                            "destination": 19,
                            "relation": "conj",
                            "source": 8
                        },
                        {
                            "destination": 9,
                            "relation": "prep",
                            "source": 8
                        },
                        {
                            "destination": 13,
                            "relation": "pobj",
                            "source": 9
                        },
                        {
                            "destination": 10,
                            "relation": "det",
                            "source": 13
                        },
                        {
                            "destination": 11,
                            "relation": "nn",
                            "source": 13
                        },
                        {
                            "destination": 12,
                            "relation": "nn",
                            "source": 13
                        },
                        {
                            "destination": 17,
                            "relation": "cc",
                            "source": 16
                        },
                        {
                            "destination": 18,
                            "relation": "conj",
                            "source": 16
                        },
                        {
                            "destination": 16,
                            "relation": "advmod",
                            "source": 19
                        },
                        {
                            "destination": 20,
                            "relation": "prep",
                            "source": 19
                        },
                        {
                            "destination": 22,
                            "relation": "pobj",
                            "source": 20
                        },
                        {
                            "destination": 21,
                            "relation": "amod",
                            "source": 22
                        },
                        {
                            "destination": 25,
                            "relation": "advmod",
                            "source": 26
                        },
                        {
                            "destination": 7,
                            "relation": "advmod",
                            "source": 28
                        },
                        {
                            "destination": 8,
                            "relation": "nsubjpass",
                            "source": 28
                        },
                        {
                            "destination": 24,
                            "relation": "aux",
                            "source": 28
                        },
                        {
                            "destination": 26,
                            "relation": "advmod",
                            "source": 28
                        },
                        {
                            "destination": 27,
                            "relation": "auxpass",
                            "source": 28
                        },
                        {
                            "destination": 29,
                            "relation": "prep",
                            "source": 28
                        },
                        {
                            "destination": 31,
                            "relation": "pobj",
                            "source": 29
                        },
                        {
                            "destination": 32,
                            "relation": "prep",
                            "source": 31
                        },
                        {
                            "destination": 30,
                            "relation": "det",
                            "source": 31
                        },
                        {
                            "destination": 33,
                            "relation": "pobj",
                            "source": 32
                        }
                    ],
                    "roots": [
                        6
                    ]
                },
                "stanford-collapsed": {
                    "edges": [
                        {
                            "destination": 1,
                            "relation": "det",
                            "source": 2
                        },
                        {
                            "destination": 2,
                            "relation": "prep_from",
                            "source": 6
                        },
                        {
                            "destination": 4,
                            "relation": "nsubj",
                            "source": 6
                        },
                        {
                            "destination": 5,
                            "relation": "aux",
                            "source": 6
                        },
                        {
                            "destination": 28,
                            "relation": "ccomp",
                            "source": 6
                        },
                        {
                            "destination": 15,
                            "relation": "dep",
                            "source": 8
                        },
                        {
                            "destination": 19,
                            "relation": "conj",
                            "source": 8
                        },
                        {
                            "destination": 13,
                            "relation": "prep_of",
                            "source": 8
                        },
                        {
                            "destination": 10,
                            "relation": "det",
                            "source": 13
                        },
                        {
                            "destination": 11,
                            "relation": "nn",
                            "source": 13
                        },
                        {
                            "destination": 12,
                            "relation": "nn",
                            "source": 13
                        },
                        {
                            "destination": 18,
                            "relation": "conj_or",
                            "source": 16
                        },
                        {
                            "destination": 16,
                            "relation": "advmod",
                            "source": 19
                        },
                        {
                            "destination": 18,
                            "relation": "advmod",
                            "source": 19
                        },
                        {
                            "destination": 22,
                            "relation": "prep_with",
                            "source": 19
                        },
                        {
                            "destination": 21,
                            "relation": "amod",
                            "source": 22
                        },
                        {
                            "destination": 25,
                            "relation": "advmod",
                            "source": 26
                        },
                        {
                            "destination": 31,
                            "relation": "prep_for",
                            "source": 28
                        },
                        {
                            "destination": 7,
                            "relation": "advmod",
                            "source": 28
                        },
                        {
                            "destination": 8,
                            "relation": "nsubjpass",
                            "source": 28
                        },
                        {
                            "destination": 24,
                            "relation": "aux",
                            "source": 28
                        },
                        {
                            "destination": 26,
                            "relation": "advmod",
                            "source": 28
                        },
                        {
                            "destination": 27,
                            "relation": "auxpass",
                            "source": 28
                        },
                        {
                            "destination": 33,
                            "relation": "prep_of",
                            "source": 31
                        },
                        {
                            "destination": 30,
                            "relation": "det",
                            "source": 31
                        }
                    ],
                    "roots": [
                        6
                    ]
                }
            },
            "lemmas": [
                "from",
                "this",
                "vantage",
                ",",
                "we",
                "will",
                "consider",
                "how",
                "inhibitor",
                "of",
                "the",
                "pi3k",
                "signaling",
                "cascade",
                ",",
                "either",
                "alone",
                "or",
                "in",
                "combination",
                "with",
                "other",
                "therapeutics",
                ",",
                "can",
                "most",
                "effectively",
                "be",
                "use",
                "for",
                "the",
                "treatment",
                "of",
                "cancer",
                "."
            ],
            "startOffsets": [
                898,
                903,
                908,
                915,
                917,
                920,
                925,
                934,
                938,
                949,
                952,
                956,
                961,
                971,
                978,
                980,
                987,
                993,
                996,
                999,
                1011,
                1016,
                1022,
                1034,
                1036,
                1040,
                1045,
                1057,
                1060,
                1065,
                1069,
                1073,
                1083,
                1086,
                1092
            ],
            "tags": [
                "IN",
                "DT",
                "NN",
                ",",
                "PRP",
                "MD",
                "VB",
                "WRB",
                "NNS",
                "IN",
                "DT",
                "NN",
                "NN",
                "NN",
                ",",
                "CC",
                "RB",
                "CC",
                "IN",
                "NN",
                "IN",
                "JJ",
                "NNS",
                ",",
                "MD",
                "RBS",
                "RB",
                "VB",
                "VBN",
                "IN",
                "DT",
                "NN",
                "IN",
                "NN",
                "."
            ],
            "words": [
                "From",
                "this",
                "vantage",
                ",",
                "we",
                "will",
                "consider",
                "how",
                "inhibitors",
                "of",
                "the",
                "PI3K",
                "signaling",
                "cascade",
                ",",
                "either",
                "alone",
                "or",
                "in",
                "combination",
                "with",
                "other",
                "therapeutics",
                ",",
                "can",
                "most",
                "effectively",
                "be",
                "used",
                "for",
                "the",
                "treatment",
                "of",
                "cancer",
                "."
            ]
        }
    ],
    "text": "The phosphatidylinositol 3-kinase (PI3K) signaling axis impacts on cancer cell\ngrowth, survival, motility, and metabolism. This pathway is activated by several \ndifferent mechanisms in cancers, including somatic mutation and amplification of \ngenes encoding key components. In addition, PI3K signaling may serve integral\nfunctions for noncancerous cells in the tumor microenvironment. Consequently,\ntherapeutics targeting the PI3K pathway are being developed at a rapid pace, and \npreclinical and early clinical studies are beginning to suggest specific\nstrategies to effectively use them. However, the central role of PI3K signaling\nin a large array of diverse biologic processes raises concerns about its use in\ntherapeutics and increases the need to develop sophisticated strategies for its\nuse. In this review, we will discuss how PI3K signaling affects the growth and\nsurvival of tumor cells. From this vantage, we will consider how inhibitors of\nthe PI3K signaling cascade, either alone or in combination with other\ntherapeutics, can most effectively be used for the treatment of cancer."
}