{
    "id": "20151405",
    "sentences": [
        {
            "endOffsets": [
                9,
                12,
                16,
                20,
                34,
                36,
                39,
                40,
                45,
                49,
                61,
                65,
                69,
                77,
                78,
                89,
                102,
                103,
                107,
                111,
                117,
                120,
                125,
                134,
                140,
                146,
                149,
                154,
                155
            ],
            "entities": [
                "O",
                "O",
                "O",
                "O",
                "O",
                "O",
                "B-Gene_or_gene_product",
                "O",
                "O",
                "O",
                "O",
                "O",
                "B-Gene_or_gene_product",
                "O",
                "O",
                "O",
                "O",
                "O",
                "O",
                "O",
                "O",
                "O",
                "O",
                "O",
                "O",
                "O",
                "O",
                "O",
                "O"
            ],
            "graphs": {
                "stanford-basic": {
                    "edges": [
                        {
                            "destination": 1,
                            "relation": "prep",
                            "source": 0
                        },
                        {
                            "destination": 8,
                            "relation": "pobj",
                            "source": 1
                        },
                        {
                            "destination": 2,
                            "relation": "det",
                            "source": 8
                        },
                        {
                            "destination": 3,
                            "relation": "nn",
                            "source": 8
                        },
                        {
                            "destination": 4,
                            "relation": "nn",
                            "source": 8
                        },
                        {
                            "destination": 6,
                            "relation": "appos",
                            "source": 8
                        },
                        {
                            "destination": 0,
                            "relation": "nsubj",
                            "source": 10
                        },
                        {
                            "destination": 18,
                            "relation": "cc",
                            "source": 10
                        },
                        {
                            "destination": 20,
                            "relation": "conj",
                            "source": 10
                        },
                        {
                            "destination": 9,
                            "relation": "cop",
                            "source": 10
                        },
                        {
                            "destination": 11,
                            "relation": "prep",
                            "source": 10
                        },
                        {
                            "destination": 13,
                            "relation": "pobj",
                            "source": 11
                        },
                        {
                            "destination": 16,
                            "relation": "appos",
                            "source": 13
                        },
                        {
                            "destination": 12,
                            "relation": "nn",
                            "source": 13
                        },
                        {
                            "destination": 15,
                            "relation": "amod",
                            "source": 16
                        },
                        {
                            "destination": 19,
                            "relation": "auxpass",
                            "source": 20
                        },
                        {
                            "destination": 21,
                            "relation": "prep",
                            "source": 20
                        },
                        {
                            "destination": 27,
                            "relation": "advmod",
                            "source": 20
                        },
                        {
                            "destination": 25,
                            "relation": "pobj",
                            "source": 21
                        },
                        {
                            "destination": 22,
                            "relation": "amod",
                            "source": 25
                        },
                        {
                            "destination": 23,
                            "relation": "amod",
                            "source": 25
                        },
                        {
                            "destination": 24,
                            "relation": "nn",
                            "source": 25
                        },
                        {
                            "destination": 26,
                            "relation": "advmod",
                            "source": 27
                        }
                    ],
                    "roots": [
                        10
                    ]
                },
                "stanford-collapsed": {
                    "edges": [
                        {
                            "destination": 8,
                            "relation": "prep_in",
                            "source": 0
                        },
                        {
                            "destination": 2,
                            "relation": "det",
                            "source": 8
                        },
                        {
                            "destination": 3,
                            "relation": "nn",
                            "source": 8
                        },
                        {
                            "destination": 4,
                            "relation": "nn",
                            "source": 8
                        },
                        {
                            "destination": 6,
                            "relation": "appos",
                            "source": 8
                        },
                        {
                            "destination": 0,
                            "relation": "nsubj",
                            "source": 10
                        },
                        {
                            "destination": 20,
                            "relation": "conj_and",
                            "source": 10
                        },
                        {
                            "destination": 9,
                            "relation": "cop",
                            "source": 10
                        },
                        {
                            "destination": 13,
                            "relation": "prep_for",
                            "source": 10
                        },
                        {
                            "destination": 16,
                            "relation": "appos",
                            "source": 13
                        },
                        {
                            "destination": 12,
                            "relation": "nn",
                            "source": 13
                        },
                        {
                            "destination": 15,
                            "relation": "amod",
                            "source": 16
                        },
                        {
                            "destination": 0,
                            "relation": "nsubjpass",
                            "source": 20
                        },
                        {
                            "destination": 19,
                            "relation": "auxpass",
                            "source": 20
                        },
                        {
                            "destination": 25,
                            "relation": "prep_in",
                            "source": 20
                        },
                        {
                            "destination": 27,
                            "relation": "advmod",
                            "source": 20
                        },
                        {
                            "destination": 22,
                            "relation": "amod",
                            "source": 25
                        },
                        {
                            "destination": 23,
                            "relation": "amod",
                            "source": 25
                        },
                        {
                            "destination": 24,
                            "relation": "nn",
                            "source": 25
                        },
                        {
                            "destination": 26,
                            "relation": "advmod",
                            "source": 27
                        }
                    ],
                    "roots": [
                        10
                    ]
                }
            },
            "lemmas": [
                "mutation",
                "in",
                "the",
                "von",
                "Hippel-Lindau",
                "(",
                "vhl",
                ")",
                "gene",
                "be",
                "responsible",
                "for",
                "vhl",
                "disease",
                ",",
                "congenital",
                "polycythemia",
                ",",
                "and",
                "be",
                "find",
                "in",
                "many",
                "sporadic",
                "tumor",
                "type",
                "as",
                "well",
                "."
            ],
            "startOffsets": [
                0,
                10,
                13,
                17,
                21,
                35,
                36,
                39,
                41,
                46,
                50,
                62,
                66,
                70,
                77,
                79,
                90,
                102,
                104,
                108,
                112,
                118,
                121,
                126,
                135,
                141,
                147,
                150,
                154
            ],
            "tags": [
                "NNS",
                "IN",
                "DT",
                "NN",
                "NNP",
                "-LRB-",
                "NN",
                "-RRB-",
                "NN",
                "VBP",
                "JJ",
                "IN",
                "NN",
                "NN",
                ",",
                "JJ",
                "NN",
                ",",
                "CC",
                "VBP",
                "VBN",
                "IN",
                "JJ",
                "JJ",
                "NN",
                "NNS",
                "RB",
                "RB",
                "."
            ],
            "words": [
                "Mutations",
                "in",
                "the",
                "von",
                "Hippel-Lindau",
                "(",
                "VHL",
                ")",
                "gene",
                "are",
                "responsible",
                "for",
                "VHL",
                "disease",
                ",",
                "congenital",
                "polycythemia",
                ",",
                "and",
                "are",
                "found",
                "in",
                "many",
                "sporadic",
                "tumor",
                "types",
                "as",
                "well",
                "."
            ]
        },
        {
            "endOffsets": [
                163,
                166,
                170,
                180,
                184,
                194,
                205,
                214,
                223,
                227,
                237,
                242,
                247,
                251,
                256,
                265,
                273,
                274
            ],
            "entities": [
                "O",
                "O",
                "B-Gene_or_gene_product",
                "O",
                "O",
                "O",
                "O",
                "O",
                "O",
                "O",
                "O",
                "O",
                "O",
                "O",
                "O",
                "O",
                "O",
                "O"
            ],
            "graphs": {
                "stanford-basic": {
                    "edges": [
                        {
                            "destination": 1,
                            "relation": "prep",
                            "source": 0
                        },
                        {
                            "destination": 3,
                            "relation": "pobj",
                            "source": 1
                        },
                        {
                            "destination": 2,
                            "relation": "nn",
                            "source": 3
                        },
                        {
                            "destination": 0,
                            "relation": "nsubjpass",
                            "source": 5
                        },
                        {
                            "destination": 4,
                            "relation": "auxpass",
                            "source": 5
                        },
                        {
                            "destination": 6,
                            "relation": "prep",
                            "source": 5
                        },
                        {
                            "destination": 8,
                            "relation": "pobj",
                            "source": 6
                        },
                        {
                            "destination": 16,
                            "relation": "rcmod",
                            "source": 8
                        },
                        {
                            "destination": 7,
                            "relation": "amod",
                            "source": 8
                        },
                        {
                            "destination": 9,
                            "relation": "cc",
                            "source": 8
                        },
                        {
                            "destination": 10,
                            "relation": "conj",
                            "source": 8
                        },
                        {
                            "destination": 15,
                            "relation": "advmod",
                            "source": 16
                        },
                        {
                            "destination": 11,
                            "relation": "nsubjpass",
                            "source": 16
                        },
                        {
                            "destination": 12,
                            "relation": "aux",
                            "source": 16
                        },
                        {
                            "destination": 13,
                            "relation": "neg",
                            "source": 16
                        },
                        {
                            "destination": 14,
                            "relation": "auxpass",
                            "source": 16
                        }
                    ],
                    "roots": [
                        5
                    ]
                },
                "stanford-collapsed": {
                    "edges": [
                        {
                            "destination": 3,
                            "relation": "prep_of",
                            "source": 0
                        },
                        {
                            "destination": 2,
                            "relation": "nn",
                            "source": 3
                        },
                        {
                            "destination": 0,
                            "relation": "nsubjpass",
                            "source": 5
                        },
                        {
                            "destination": 4,
                            "relation": "auxpass",
                            "source": 5
                        },
                        {
                            "destination": 8,
                            "relation": "prep_throughout",
                            "source": 5
                        },
                        {
                            "destination": 10,
                            "relation": "prep_throughout",
                            "source": 5
                        },
                        {
                            "destination": 16,
                            "relation": "rcmod",
                            "source": 8
                        },
                        {
                            "destination": 7,
                            "relation": "amod",
                            "source": 8
                        },
                        {
                            "destination": 10,
                            "relation": "conj_and",
                            "source": 8
                        },
                        {
                            "destination": 15,
                            "relation": "advmod",
                            "source": 16
                        },
                        {
                            "destination": 11,
                            "relation": "nsubjpass",
                            "source": 16
                        },
                        {
                            "destination": 12,
                            "relation": "aux",
                            "source": 16
                        },
                        {
                            "destination": 13,
                            "relation": "neg",
                            "source": 16
                        },
                        {
                            "destination": 14,
                            "relation": "auxpass",
                            "source": 16
                        }
                    ],
                    "roots": [
                        5
                    ]
                }
            },
            "lemmas": [
                "report",
                "of",
                "vhl",
                "mutation",
                "be",
                "disperse",
                "throughout",
                "original",
                "article",
                "and",
                "database",
                "that",
                "have",
                "not",
                "be",
                "recently",
                "update",
                "."
            ],
            "startOffsets": [
                156,
                164,
                167,
                171,
                181,
                185,
                195,
                206,
                215,
                224,
                228,
                238,
                243,
                248,
                252,
                257,
                266,
                273
            ],
            "tags": [
                "NNS",
                "IN",
                "NN",
                "NNS",
                "VBP",
                "VBN",
                "IN",
                "JJ",
                "NNS",
                "CC",
                "NNS",
                "WDT",
                "VBP",
                "RB",
                "VBN",
                "RB",
                "VBN",
                "."
            ],
            "words": [
                "Reports",
                "of",
                "VHL",
                "mutations",
                "are",
                "dispersed",
                "throughout",
                "original",
                "articles",
                "and",
                "databases",
                "that",
                "have",
                "not",
                "been",
                "recently",
                "updated",
                "."
            ]
        },
        {
            "endOffsets": [
                277,
                286,
                288,
                302,
                311,
                317,
                320,
                326,
                335,
                339,
                347,
                351,
                361,
                362,
                370,
                375,
                380,
                388,
                391,
                396,
                400,
                406,
                412,
                413
            ],
            "entities": [
                "O",
                "O",
                "O",
                "O",
                "O",
                "O",
                "O",
                "O",
                "O",
                "O",
                "O",
                "B-Gene_or_gene_product",
                "O",
                "O",
                "O",
                "O",
                "O",
                "O",
                "O",
                "O",
                "O",
                "O",
                "O",
                "O"
            ],
            "graphs": {
                "stanford-basic": {
                    "edges": [
                        {
                            "destination": 0,
                            "relation": "nsubj",
                            "source": 1
                        },
                        {
                            "destination": 5,
                            "relation": "dobj",
                            "source": 1
                        },
                        {
                            "destination": 2,
                            "relation": "det",
                            "source": 5
                        },
                        {
                            "destination": 3,
                            "relation": "amod",
                            "source": 5
                        },
                        {
                            "destination": 4,
                            "relation": "nn",
                            "source": 5
                        },
                        {
                            "destination": 6,
                            "relation": "prep",
                            "source": 5
                        },
                        {
                            "destination": 8,
                            "relation": "pobj",
                            "source": 6
                        },
                        {
                            "destination": 7,
                            "relation": "num",
                            "source": 8
                        },
                        {
                            "destination": 9,
                            "relation": "cc",
                            "source": 8
                        },
                        {
                            "destination": 12,
                            "relation": "conj",
                            "source": 8
                        },
                        {
                            "destination": 14,
                            "relation": "vmod",
                            "source": 8
                        },
                        {
                            "destination": 10,
                            "relation": "amod",
                            "source": 12
                        },
                        {
                            "destination": 11,
                            "relation": "nn",
                            "source": 12
                        },
                        {
                            "destination": 15,
                            "relation": "prep",
                            "source": 14
                        },
                        {
                            "destination": 17,
                            "relation": "pobj",
                            "source": 15
                        },
                        {
                            "destination": 16,
                            "relation": "det",
                            "source": 17
                        },
                        {
                            "destination": 18,
                            "relation": "prep",
                            "source": 17
                        },
                        {
                            "destination": 22,
                            "relation": "pobj",
                            "source": 18
                        },
                        {
                            "destination": 19,
                            "relation": "quantmod",
                            "source": 20
                        },
                        {
                            "destination": 20,
                            "relation": "num",
                            "source": 22
                        },
                        {
                            "destination": 21,
                            "relation": "nn",
                            "source": 22
                        }
                    ],
                    "roots": [
                        1
                    ]
                },
                "stanford-collapsed": {
                    "edges": [
                        {
                            "destination": 0,
                            "relation": "nsubj",
                            "source": 1
                        },
                        {
                            "destination": 5,
                            "relation": "dobj",
                            "source": 1
                        },
                        {
                            "destination": 2,
                            "relation": "det",
                            "source": 5
                        },
                        {
                            "destination": 3,
                            "relation": "amod",
                            "source": 5
                        },
                        {
                            "destination": 4,
                            "relation": "nn",
                            "source": 5
                        },
                        {
                            "destination": 8,
                            "relation": "prep_of",
                            "source": 5
                        },
                        {
                            "destination": 12,
                            "relation": "prep_of",
                            "source": 5
                        },
                        {
                            "destination": 7,
                            "relation": "num",
                            "source": 8
                        },
                        {
                            "destination": 12,
                            "relation": "conj_and",
                            "source": 8
                        },
                        {
                            "destination": 14,
                            "relation": "vmod",
                            "source": 8
                        },
                        {
                            "destination": 10,
                            "relation": "amod",
                            "source": 12
                        },
                        {
                            "destination": 11,
                            "relation": "nn",
                            "source": 12
                        },
                        {
                            "destination": 17,
                            "relation": "prep_from",
                            "source": 14
                        },
                        {
                            "destination": 16,
                            "relation": "det",
                            "source": 17
                        },
                        {
                            "destination": 22,
                            "relation": "prep_of",
                            "source": 17
                        },
                        {
                            "destination": 19,
                            "relation": "quantmod",
                            "source": 20
                        },
                        {
                            "destination": 20,
                            "relation": "num",
                            "source": 22
                        },
                        {
                            "destination": 21,
                            "relation": "nn",
                            "source": 22
                        }
                    ],
                    "roots": [
                        1
                    ]
                }
            },
            "lemmas": [
                "we",
                "compile",
                "a",
                "comprehensive",
                "mutation",
                "table",
                "of",
                "1,548",
                "germline",
                "and",
                "somatic",
                "vhl",
                "mutation",
                ",",
                "derive",
                "from",
                "this",
                "protein",
                "of",
                "only",
                "213",
                "amino",
                "acid",
                "."
            ],
            "startOffsets": [
                275,
                278,
                287,
                289,
                303,
                312,
                318,
                321,
                327,
                336,
                340,
                348,
                352,
                361,
                363,
                371,
                376,
                381,
                389,
                392,
                397,
                401,
                407,
                412
            ],
            "tags": [
                "PRP",
                "VBD",
                "DT",
                "JJ",
                "NN",
                "NN",
                "IN",
                "CD",
                "NN",
                "CC",
                "JJ",
                "NN",
                "NNS",
                ",",
                "VBN",
                "IN",
                "DT",
                "NN",
                "IN",
                "RB",
                "CD",
                "NN",
                "NNS",
                "."
            ],
            "words": [
                "We",
                "compiled",
                "a",
                "comprehensive",
                "mutation",
                "table",
                "of",
                "1,548",
                "germline",
                "and",
                "somatic",
                "VHL",
                "mutations",
                ",",
                "derived",
                "from",
                "this",
                "protein",
                "of",
                "only",
                "213",
                "amino",
                "acids",
                "."
            ]
        },
        {
            "endOffsets": [
                416,
                425,
                434,
                444,
                448,
                453,
                462,
                474,
                478,
                482,
                486,
                495,
                496,
                506,
                509,
                520,
                532,
                541,
                546,
                550,
                562,
                564,
                567,
                573,
                583,
                584,
                585
            ],
            "entities": [
                "O",
                "O",
                "O",
                "O",
                "O",
                "O",
                "O",
                "O",
                "O",
                "O",
                "B-Gene_or_gene_product",
                "O",
                "O",
                "O",
                "O",
                "O",
                "O",
                "O",
                "O",
                "O",
                "O",
                "O",
                "O",
                "O",
                "O",
                "O",
                "O"
            ],
            "graphs": {
                "stanford-basic": {
                    "edges": [
                        {
                            "destination": 0,
                            "relation": "nsubj",
                            "source": 1
                        },
                        {
                            "destination": 3,
                            "relation": "dobj",
                            "source": 1
                        },
                        {
                            "destination": 2,
                            "relation": "amod",
                            "source": 3
                        },
                        {
                            "destination": 4,
                            "relation": "cc",
                            "source": 3
                        },
                        {
                            "destination": 7,
                            "relation": "conj",
                            "source": 3
                        },
                        {
                            "destination": 5,
                            "relation": "nn",
                            "source": 7
                        },
                        {
                            "destination": 6,
                            "relation": "nn",
                            "source": 7
                        },
                        {
                            "destination": 8,
                            "relation": "prep",
                            "source": 7
                        },
                        {
                            "destination": 24,
                            "relation": "dep",
                            "source": 7
                        },
                        {
                            "destination": 13,
                            "relation": "prep",
                            "source": 7
                        },
                        {
                            "destination": 11,
                            "relation": "pobj",
                            "source": 8
                        },
                        {
                            "destination": 9,
                            "relation": "num",
                            "source": 11
                        },
                        {
                            "destination": 10,
                            "relation": "nn",
                            "source": 11
                        },
                        {
                            "destination": 17,
                            "relation": "pobj",
                            "source": 13
                        },
                        {
                            "destination": 15,
                            "relation": "advmod",
                            "source": 17
                        },
                        {
                            "destination": 16,
                            "relation": "amod",
                            "source": 17
                        },
                        {
                            "destination": 18,
                            "relation": "prep",
                            "source": 17
                        },
                        {
                            "destination": 14,
                            "relation": "num",
                            "source": 17
                        },
                        {
                            "destination": 20,
                            "relation": "pobj",
                            "source": 18
                        },
                        {
                            "destination": 19,
                            "relation": "det",
                            "source": 20
                        },
                        {
                            "destination": 22,
                            "relation": "num",
                            "source": 24
                        },
                        {
                            "destination": 23,
                            "relation": "amod",
                            "source": 24
                        }
                    ],
                    "roots": [
                        1
                    ]
                },
                "stanford-collapsed": {
                    "edges": [
                        {
                            "destination": 0,
                            "relation": "nsubj",
                            "source": 1
                        },
                        {
                            "destination": 3,
                            "relation": "dobj",
                            "source": 1
                        },
                        {
                            "destination": 7,
                            "relation": "dobj",
                            "source": 1
                        },
                        {
                            "destination": 2,
                            "relation": "amod",
                            "source": 3
                        },
                        {
                            "destination": 7,
                            "relation": "conj_and",
                            "source": 3
                        },
                        {
                            "destination": 17,
                            "relation": "prep_including",
                            "source": 7
                        },
                        {
                            "destination": 5,
                            "relation": "nn",
                            "source": 7
                        },
                        {
                            "destination": 6,
                            "relation": "nn",
                            "source": 7
                        },
                        {
                            "destination": 24,
                            "relation": "dep",
                            "source": 7
                        },
                        {
                            "destination": 11,
                            "relation": "prep_for",
                            "source": 7
                        },
                        {
                            "destination": 9,
                            "relation": "num",
                            "source": 11
                        },
                        {
                            "destination": 10,
                            "relation": "nn",
                            "source": 11
                        },
                        {
                            "destination": 15,
                            "relation": "advmod",
                            "source": 17
                        },
                        {
                            "destination": 16,
                            "relation": "amod",
                            "source": 17
                        },
                        {
                            "destination": 20,
                            "relation": "prep_from",
                            "source": 17
                        },
                        {
                            "destination": 14,
                            "relation": "num",
                            "source": 17
                        },
                        {
                            "destination": 19,
                            "relation": "det",
                            "source": 20
                        },
                        {
                            "destination": 22,
                            "relation": "num",
                            "source": 24
                        },
                        {
                            "destination": 23,
                            "relation": "amod",
                            "source": 24
                        }
                    ],
                    "roots": [
                        1
                    ]
                }
            },
            "lemmas": [
                "we",
                "describe",
                "detailed",
                "phenotype",
                "and",
                "gene",
                "mutation",
                "information",
                "for",
                "945",
                "vhl",
                "family",
                ",",
                "include",
                "30",
                "previously",
                "unpublished",
                "kindred",
                "from",
                "the",
                "Netherlands",
                "(",
                "six",
                "novel",
                "mutation",
                ")",
                "."
            ],
            "startOffsets": [
                414,
                417,
                426,
                435,
                445,
                449,
                454,
                463,
                475,
                479,
                483,
                487,
                495,
                497,
                507,
                510,
                521,
                533,
                542,
                547,
                551,
                563,
                564,
                568,
                574,
                583,
                584
            ],
            "tags": [
                "PRP",
                "VBP",
                "JJ",
                "NN",
                "CC",
                "NN",
                "NN",
                "NN",
                "IN",
                "CD",
                "NN",
                "NNS",
                ",",
                "VBG",
                "CD",
                "RB",
                "JJ",
                "NNS",
                "IN",
                "DT",
                "NNP",
                "-LRB-",
                "CD",
                "JJ",
                "NNS",
                "-RRB-",
                "."
            ],
            "words": [
                "We",
                "describe",
                "detailed",
                "phenotype",
                "and",
                "gene",
                "mutation",
                "information",
                "for",
                "945",
                "VHL",
                "families",
                ",",
                "including",
                "30",
                "previously",
                "unpublished",
                "kindreds",
                "from",
                "The",
                "Netherlands",
                "(",
                "six",
                "novel",
                "mutations",
                ")",
                "."
            ]
        },
        {
            "endOffsets": [
                591,
                596,
                606,
                610,
                615,
                625,
                633,
                636,
                645,
                649,
                659,
                662,
                667,
                668
            ],
            "entities": [
                "O",
                "O",
                "O",
                "O",
                "O",
                "O",
                "O",
                "O",
                "O",
                "B-Gene_or_gene_product",
                "O",
                "O",
                "O",
                "O"
            ],
            "graphs": {
                "stanford-basic": {
                    "edges": [
                        {
                            "destination": 0,
                            "relation": "det",
                            "source": 1
                        },
                        {
                            "destination": 1,
                            "relation": "nsubj",
                            "source": 2
                        },
                        {
                            "destination": 6,
                            "relation": "dobj",
                            "source": 2
                        },
                        {
                            "destination": 11,
                            "relation": "prep",
                            "source": 2
                        },
                        {
                            "destination": 4,
                            "relation": "advmod",
                            "source": 5
                        },
                        {
                            "destination": 3,
                            "relation": "det",
                            "source": 6
                        },
                        {
                            "destination": 5,
                            "relation": "amod",
                            "source": 6
                        },
                        {
                            "destination": 7,
                            "relation": "prep",
                            "source": 6
                        },
                        {
                            "destination": 10,
                            "relation": "pobj",
                            "source": 7
                        },
                        {
                            "destination": 8,
                            "relation": "nn",
                            "source": 10
                        },
                        {
                            "destination": 9,
                            "relation": "nn",
                            "source": 10
                        },
                        {
                            "destination": 12,
                            "relation": "pobj",
                            "source": 11
                        }
                    ],
                    "roots": [
                        2
                    ]
                },
                "stanford-collapsed": {
                    "edges": [
                        {
                            "destination": 0,
                            "relation": "det",
                            "source": 1
                        },
                        {
                            "destination": 1,
                            "relation": "nsubj",
                            "source": 2
                        },
                        {
                            "destination": 6,
                            "relation": "dobj",
                            "source": 2
                        },
                        {
                            "destination": 12,
                            "relation": "prep_to",
                            "source": 2
                        },
                        {
                            "destination": 4,
                            "relation": "advmod",
                            "source": 5
                        },
                        {
                            "destination": 3,
                            "relation": "det",
                            "source": 6
                        },
                        {
                            "destination": 5,
                            "relation": "amod",
                            "source": 6
                        },
                        {
                            "destination": 10,
                            "relation": "prep_of",
                            "source": 6
                        },
                        {
                            "destination": 8,
                            "relation": "nn",
                            "source": 10
                        },
                        {
                            "destination": 9,
                            "relation": "nn",
                            "source": 10
                        }
                    ],
                    "roots": [
                        2
                    ]
                }
            },
            "lemmas": [
                "these",
                "datum",
                "represent",
                "the",
                "most",
                "extensive",
                "catalog",
                "of",
                "germline",
                "vhl",
                "mutation",
                "to",
                "date",
                "."
            ],
            "startOffsets": [
                586,
                592,
                597,
                607,
                611,
                616,
                626,
                634,
                637,
                646,
                650,
                660,
                663,
                667
            ],
            "tags": [
                "DT",
                "NNS",
                "VBP",
                "DT",
                "RBS",
                "JJ",
                "NN",
                "IN",
                "NN",
                "NN",
                "NNS",
                "TO",
                "NN",
                "."
            ],
            "words": [
                "These",
                "data",
                "represent",
                "the",
                "most",
                "extensive",
                "catalog",
                "of",
                "germline",
                "VHL",
                "mutations",
                "to",
                "date",
                "."
            ]
        },
        {
            "endOffsets": [
                671,
                676,
                683,
                687,
                695,
                696,
                702,
                706,
                717,
                730,
                733,
                740,
                744,
                759,
                760,
                764,
                783,
                796,
                797
            ],
            "entities": [
                "O",
                "O",
                "O",
                "B-Gene_or_gene_product",
                "O",
                "O",
                "O",
                "O",
                "O",
                "O",
                "O",
                "O",
                "B-Gene_or_gene_product",
                "O",
                "O",
                "O",
                "O",
                "O",
                "O"
            ],
            "graphs": {
                "stanford-basic": {
                    "edges": [
                        {
                            "destination": 0,
                            "relation": "nsubj",
                            "source": 2
                        },
                        {
                            "destination": 1,
                            "relation": "advmod",
                            "source": 2
                        },
                        {
                            "destination": 4,
                            "relation": "dobj",
                            "source": 2
                        },
                        {
                            "destination": 15,
                            "relation": "cc",
                            "source": 4
                        },
                        {
                            "destination": 17,
                            "relation": "conj",
                            "source": 4
                        },
                        {
                            "destination": 3,
                            "relation": "nn",
                            "source": 4
                        },
                        {
                            "destination": 6,
                            "relation": "vmod",
                            "source": 4
                        },
                        {
                            "destination": 7,
                            "relation": "cc",
                            "source": 6
                        },
                        {
                            "destination": 8,
                            "relation": "conj",
                            "source": 6
                        },
                        {
                            "destination": 9,
                            "relation": "dobj",
                            "source": 6
                        },
                        {
                            "destination": 10,
                            "relation": "prep",
                            "source": 9
                        },
                        {
                            "destination": 13,
                            "relation": "pobj",
                            "source": 10
                        },
                        {
                            "destination": 11,
                            "relation": "amod",
                            "source": 13
                        },
                        {
                            "destination": 12,
                            "relation": "nn",
                            "source": 13
                        },
                        {
                            "destination": 16,
                            "relation": "amod",
                            "source": 17
                        }
                    ],
                    "roots": [
                        2
                    ]
                },
                "stanford-collapsed": {
                    "edges": [
                        {
                            "destination": 0,
                            "relation": "nsubj",
                            "source": 2
                        },
                        {
                            "destination": 1,
                            "relation": "advmod",
                            "source": 2
                        },
                        {
                            "destination": 17,
                            "relation": "dobj",
                            "source": 2
                        },
                        {
                            "destination": 4,
                            "relation": "dobj",
                            "source": 2
                        },
                        {
                            "destination": 17,
                            "relation": "conj_and",
                            "source": 4
                        },
                        {
                            "destination": 3,
                            "relation": "nn",
                            "source": 4
                        },
                        {
                            "destination": 6,
                            "relation": "vmod",
                            "source": 4
                        },
                        {
                            "destination": 8,
                            "relation": "vmod",
                            "source": 4
                        },
                        {
                            "destination": 8,
                            "relation": "conj_and",
                            "source": 6
                        },
                        {
                            "destination": 9,
                            "relation": "dobj",
                            "source": 6
                        },
                        {
                            "destination": 13,
                            "relation": "prep_of",
                            "source": 9
                        },
                        {
                            "destination": 11,
                            "relation": "amod",
                            "source": 13
                        },
                        {
                            "destination": 12,
                            "relation": "nn",
                            "source": 13
                        },
                        {
                            "destination": 16,
                            "relation": "amod",
                            "source": 17
                        }
                    ],
                    "roots": [
                        2
                    ]
                }
            },
            "lemmas": [
                "we",
                "also",
                "review",
                "vhl",
                "disease",
                ",",
                "know",
                "and",
                "theorize",
                "pathogenesis",
                "of",
                "common",
                "vhl",
                "manifestation",
                ",",
                "and",
                "genotype-phenotype",
                "correlation",
                "."
            ],
            "startOffsets": [
                669,
                672,
                677,
                684,
                688,
                695,
                697,
                703,
                708,
                718,
                731,
                734,
                741,
                745,
                759,
                761,
                765,
                784,
                796
            ],
            "tags": [
                "PRP",
                "RB",
                "VBP",
                "NN",
                "NN",
                ",",
                "VBN",
                "CC",
                "VBN",
                "NN",
                "IN",
                "JJ",
                "NN",
                "NNS",
                ",",
                "CC",
                "JJ",
                "NNS",
                "."
            ],
            "words": [
                "We",
                "also",
                "review",
                "VHL",
                "disease",
                ",",
                "known",
                "and",
                "theorized",
                "pathogenesis",
                "of",
                "common",
                "VHL",
                "manifestations",
                ",",
                "and",
                "genotype-phenotype",
                "correlations",
                "."
            ]
        },
        {
            "endOffsets": [
                806,
                809,
                813,
                817,
                826,
                827,
                837,
                846,
                856,
                866,
                869,
                880,
                894,
                895,
                905,
                909,
                918,
                921,
                930,
                936,
                937,
                941,
                942,
                951,
                952,
                955,
                956,
                967,
                968,
                971,
                972,
                981,
                982,
                984,
                985,
                994,
                1004,
                1005,
                1015,
                1016,
                1019,
                1020,
                1026,
                1027,
                1035,
                1045,
                1046,
                1050,
                1052,
                1053,
                1060,
                1070,
                1071
            ],
            "entities": [
                "O",
                "O",
                "O",
                "B-Gene_or_gene_product",
                "O",
                "O",
                "O",
                "O",
                "O",
                "O",
                "O",
                "O",
                "O",
                "O",
                "O",
                "O",
                "O",
                "O",
                "O",
                "O",
                "O",
                "O",
                "O",
                "O",
                "O",
                "O",
                "O",
                "O",
                "O",
                "O",
                "O",
                "O",
                "O",
                "O",
                "O",
                "O",
                "O",
                "O",
                "O",
                "O",
                "O",
                "O",
                "O",
                "O",
                "O",
                "O",
                "O",
                "O",
                "O",
                "O",
                "O",
                "O",
                "O"
            ],
            "graphs": {
                "stanford-basic": {
                    "edges": [
                        {
                            "destination": 1,
                            "relation": "prep",
                            "source": 0
                        },
                        {
                            "destination": 6,
                            "relation": "prep",
                            "source": 0
                        },
                        {
                            "destination": 4,
                            "relation": "pobj",
                            "source": 1
                        },
                        {
                            "destination": 2,
                            "relation": "det",
                            "source": 4
                        },
                        {
                            "destination": 3,
                            "relation": "nn",
                            "source": 4
                        },
                        {
                            "destination": 8,
                            "relation": "pobj",
                            "source": 6
                        },
                        {
                            "destination": 7,
                            "relation": "nn",
                            "source": 8
                        },
                        {
                            "destination": 9,
                            "relation": "vmod",
                            "source": 8
                        },
                        {
                            "destination": 10,
                            "relation": "prep",
                            "source": 9
                        },
                        {
                            "destination": 12,
                            "relation": "pobj",
                            "source": 10
                        },
                        {
                            "destination": 11,
                            "relation": "amod",
                            "source": 12
                        },
                        {
                            "destination": 0,
                            "relation": "nsubj",
                            "source": 14
                        },
                        {
                            "destination": 16,
                            "relation": "dobj",
                            "source": 14
                        },
                        {
                            "destination": 15,
                            "relation": "det",
                            "source": 16
                        },
                        {
                            "destination": 17,
                            "relation": "prep",
                            "source": 16
                        },
                        {
                            "destination": 23,
                            "relation": "dep",
                            "source": 16
                        },
                        {
                            "destination": 19,
                            "relation": "pobj",
                            "source": 17
                        },
                        {
                            "destination": 18,
                            "relation": "nn",
                            "source": 19
                        },
                        {
                            "destination": 21,
                            "relation": "number",
                            "source": 22
                        },
                        {
                            "destination": 31,
                            "relation": "conj",
                            "source": 23
                        },
                        {
                            "destination": 47,
                            "relation": "cc",
                            "source": 23
                        },
                        {
                            "destination": 51,
                            "relation": "conj",
                            "source": 23
                        },
                        {
                            "destination": 36,
                            "relation": "conj",
                            "source": 23
                        },
                        {
                            "destination": 22,
                            "relation": "amod",
                            "source": 23
                        },
                        {
                            "destination": 41,
                            "relation": "conj",
                            "source": 23
                        },
                        {
                            "destination": 27,
                            "relation": "conj",
                            "source": 23
                        },
                        {
                            "destination": 25,
                            "relation": "number",
                            "source": 26
                        },
                        {
                            "destination": 26,
                            "relation": "amod",
                            "source": 27
                        },
                        {
                            "destination": 29,
                            "relation": "number",
                            "source": 30
                        },
                        {
                            "destination": 30,
                            "relation": "amod",
                            "source": 31
                        },
                        {
                            "destination": 33,
                            "relation": "num",
                            "source": 34
                        },
                        {
                            "destination": 34,
                            "relation": "npadvmod",
                            "source": 35
                        },
                        {
                            "destination": 35,
                            "relation": "amod",
                            "source": 36
                        },
                        {
                            "destination": 37,
                            "relation": "cc",
                            "source": 36
                        },
                        {
                            "destination": 38,
                            "relation": "conj",
                            "source": 36
                        },
                        {
                            "destination": 40,
                            "relation": "num",
                            "source": 41
                        },
                        {
                            "destination": 45,
                            "relation": "dep",
                            "source": 41
                        },
                        {
                            "destination": 43,
                            "relation": "cc",
                            "source": 42
                        },
                        {
                            "destination": 44,
                            "relation": "conj",
                            "source": 42
                        },
                        {
                            "destination": 42,
                            "relation": "amod",
                            "source": 45
                        },
                        {
                            "destination": 48,
                            "relation": "number",
                            "source": 49
                        },
                        {
                            "destination": 49,
                            "relation": "amod",
                            "source": 51
                        },
                        {
                            "destination": 50,
                            "relation": "nn",
                            "source": 51
                        }
                    ],
                    "roots": [
                        14
                    ]
                },
                "stanford-collapsed": {
                    "edges": [
                        {
                            "destination": 4,
                            "relation": "prep_of",
                            "source": 0
                        },
                        {
                            "destination": 8,
                            "relation": "prep_excluding",
                            "source": 0
                        },
                        {
                            "destination": 2,
                            "relation": "det",
                            "source": 4
                        },
                        {
                            "destination": 3,
                            "relation": "nn",
                            "source": 4
                        },
                        {
                            "destination": 7,
                            "relation": "nn",
                            "source": 8
                        },
                        {
                            "destination": 9,
                            "relation": "vmod",
                            "source": 8
                        },
                        {
                            "destination": 12,
                            "relation": "prep_in",
                            "source": 9
                        },
                        {
                            "destination": 11,
                            "relation": "amod",
                            "source": 12
                        },
                        {
                            "destination": 0,
                            "relation": "nsubj",
                            "source": 14
                        },
                        {
                            "destination": 16,
                            "relation": "dobj",
                            "source": 14
                        },
                        {
                            "destination": 15,
                            "relation": "det",
                            "source": 16
                        },
                        {
                            "destination": 31,
                            "relation": "dep",
                            "source": 16
                        },
                        {
                            "destination": 19,
                            "relation": "prep_of",
                            "source": 16
                        },
                        {
                            "destination": 51,
                            "relation": "dep",
                            "source": 16
                        },
                        {
                            "destination": 36,
                            "relation": "dep",
                            "source": 16
                        },
                        {
                            "destination": 23,
                            "relation": "dep",
                            "source": 16
                        },
                        {
                            "destination": 41,
                            "relation": "dep",
                            "source": 16
                        },
                        {
                            "destination": 27,
                            "relation": "dep",
                            "source": 16
                        },
                        {
                            "destination": 18,
                            "relation": "nn",
                            "source": 19
                        },
                        {
                            "destination": 21,
                            "relation": "number",
                            "source": 22
                        },
                        {
                            "destination": 31,
                            "relation": "conj_and",
                            "source": 23
                        },
                        {
                            "destination": 51,
                            "relation": "conj_and",
                            "source": 23
                        },
                        {
                            "destination": 36,
                            "relation": "conj_and",
                            "source": 23
                        },
                        {
                            "destination": 22,
                            "relation": "amod",
                            "source": 23
                        },
                        {
                            "destination": 38,
                            "relation": "conj_and",
                            "source": 23
                        },
                        {
                            "destination": 41,
                            "relation": "conj_and",
                            "source": 23
                        },
                        {
                            "destination": 27,
                            "relation": "conj_and",
                            "source": 23
                        },
                        {
                            "destination": 25,
                            "relation": "number",
                            "source": 26
                        },
                        {
                            "destination": 26,
                            "relation": "amod",
                            "source": 27
                        },
                        {
                            "destination": 29,
                            "relation": "number",
                            "source": 30
                        },
                        {
                            "destination": 30,
                            "relation": "amod",
                            "source": 31
                        },
                        {
                            "destination": 33,
                            "relation": "num",
                            "source": 34
                        },
                        {
                            "destination": 34,
                            "relation": "npadvmod",
                            "source": 35
                        },
                        {
                            "destination": 35,
                            "relation": "amod",
                            "source": 36
                        },
                        {
                            "destination": 38,
                            "relation": "conj_and",
                            "source": 36
                        },
                        {
                            "destination": 40,
                            "relation": "num",
                            "source": 41
                        },
                        {
                            "destination": 45,
                            "relation": "dep",
                            "source": 41
                        },
                        {
                            "destination": 44,
                            "relation": "conj_and",
                            "source": 42
                        },
                        {
                            "destination": 42,
                            "relation": "amod",
                            "source": 45
                        },
                        {
                            "destination": 44,
                            "relation": "amod",
                            "source": 45
                        },
                        {
                            "destination": 48,
                            "relation": "number",
                            "source": 49
                        },
                        {
                            "destination": 49,
                            "relation": "amod",
                            "source": 51
                        },
                        {
                            "destination": 50,
                            "relation": "nn",
                            "source": 51
                        }
                    ],
                    "roots": [
                        14
                    ]
                }
            },
            "lemmas": [
                "analysis",
                "of",
                "all",
                "vhl",
                "family",
                ",",
                "exclude",
                "germline",
                "mutation",
                "result",
                "in",
                "congenital",
                "polycythemia",
                ",",
                "describe",
                "the",
                "spectrum",
                "of",
                "mutation",
                "type",
                ":",
                "52",
                "%",
                "missense",
                ",",
                "13",
                "%",
                "frameshift",
                ",",
                "11",
                "%",
                "nonsense",
                ",",
                "6",
                "%",
                "in-frame",
                "deletion",
                "and",
                "insertion",
                ",",
                "11",
                "%",
                "large",
                "and",
                "complete",
                "deletion",
                ",",
                "and",
                "7",
                "%",
                "splice",
                "mutation",
                "."
            ],
            "startOffsets": [
                798,
                807,
                810,
                814,
                818,
                826,
                828,
                838,
                847,
                857,
                867,
                870,
                881,
                894,
                896,
                906,
                910,
                919,
                922,
                931,
                936,
                939,
                941,
                943,
                951,
                953,
                955,
                957,
                967,
                969,
                971,
                973,
                981,
                983,
                984,
                986,
                995,
                1004,
                1005,
                1015,
                1017,
                1019,
                1021,
                1026,
                1027,
                1036,
                1045,
                1047,
                1051,
                1052,
                1054,
                1061,
                1070
            ],
            "tags": [
                "NN",
                "IN",
                "DT",
                "NN",
                "NNS",
                ",",
                "VBG",
                "NN",
                "NNS",
                "VBG",
                "IN",
                "JJ",
                "NNS",
                ",",
                "VBZ",
                "DT",
                "NN",
                "IN",
                "NN",
                "NNS",
                ":",
                "CD",
                "NN",
                "NN",
                ",",
                "CD",
                "NN",
                "NN",
                ",",
                "CD",
                "NN",
                "NN",
                ",",
                "CD",
                "NN",
                "RB",
                "NNS",
                "CC",
                "NNS",
                ",",
                "CD",
                "NN",
                "JJ",
                "CC",
                "JJ",
                "NNS",
                ",",
                "CC",
                "CD",
                "NN",
                "NN",
                "NNS",
                "."
            ],
            "words": [
                "Analysis",
                "of",
                "all",
                "VHL",
                "families",
                ",",
                "excluding",
                "germline",
                "mutations",
                "resulting",
                "in",
                "congenital",
                "polycythemias",
                ",",
                "describes",
                "the",
                "spectrum",
                "of",
                "mutation",
                "types",
                ":",
                "52",
                "%",
                "missense",
                ",",
                "13",
                "%",
                "frameshift",
                ",",
                "11",
                "%",
                "nonsense",
                ",",
                "6",
                "%",
                "in-frame",
                "deletions",
                "and",
                "insertions",
                ",",
                "11",
                "%",
                "large",
                "and",
                "complete",
                "deletions",
                ",",
                "and",
                "7",
                "%",
                "splice",
                "mutations",
                "."
            ]
        },
        {
            "endOffsets": [
                1076,
                1088,
                1100,
                1103,
                1107,
                1117,
                1120,
                1129,
                1132,
                1143,
                1152,
                1156,
                1165,
                1168,
                1170,
                1180,
                1188,
                1192,
                1203,
                1208,
                1218,
                1226,
                1238,
                1239
            ],
            "entities": [
                "O",
                "O",
                "O",
                "O",
                "B-Gene_or_gene_product",
                "O",
                "O",
                "O",
                "O",
                "O",
                "O",
                "O",
                "O",
                "O",
                "O",
                "O",
                "O",
                "O",
                "O",
                "O",
                "O",
                "B-Species",
                "O",
                "O"
            ],
            "graphs": {
                "stanford-basic": {
                    "edges": [
                        {
                            "destination": 0,
                            "relation": "det",
                            "source": 2
                        },
                        {
                            "destination": 1,
                            "relation": "amod",
                            "source": 2
                        },
                        {
                            "destination": 3,
                            "relation": "prep",
                            "source": 2
                        },
                        {
                            "destination": 5,
                            "relation": "pobj",
                            "source": 3
                        },
                        {
                            "destination": 4,
                            "relation": "nn",
                            "source": 5
                        },
                        {
                            "destination": 2,
                            "relation": "nsubjpass",
                            "source": 7
                        },
                        {
                            "destination": 6,
                            "relation": "auxpass",
                            "source": 7
                        },
                        {
                            "destination": 9,
                            "relation": "xcomp",
                            "source": 7
                        },
                        {
                            "destination": 20,
                            "relation": "advcl",
                            "source": 9
                        },
                        {
                            "destination": 8,
                            "relation": "aux",
                            "source": 9
                        },
                        {
                            "destination": 10,
                            "relation": "dobj",
                            "source": 9
                        },
                        {
                            "destination": 13,
                            "relation": "prep",
                            "source": 9
                        },
                        {
                            "destination": 11,
                            "relation": "cc",
                            "source": 10
                        },
                        {
                            "destination": 12,
                            "relation": "conj",
                            "source": 10
                        },
                        {
                            "destination": 16,
                            "relation": "pobj",
                            "source": 13
                        },
                        {
                            "destination": 15,
                            "relation": "amod",
                            "source": 16
                        },
                        {
                            "destination": 17,
                            "relation": "prep",
                            "source": 16
                        },
                        {
                            "destination": 14,
                            "relation": "det",
                            "source": 16
                        },
                        {
                            "destination": 18,
                            "relation": "pobj",
                            "source": 17
                        },
                        {
                            "destination": 19,
                            "relation": "advmod",
                            "source": 20
                        },
                        {
                            "destination": 22,
                            "relation": "dobj",
                            "source": 20
                        },
                        {
                            "destination": 21,
                            "relation": "nn",
                            "source": 22
                        }
                    ],
                    "roots": [
                        7
                    ]
                },
                "stanford-collapsed": {
                    "edges": [
                        {
                            "destination": 0,
                            "relation": "det",
                            "source": 2
                        },
                        {
                            "destination": 1,
                            "relation": "amod",
                            "source": 2
                        },
                        {
                            "destination": 5,
                            "relation": "prep_of",
                            "source": 2
                        },
                        {
                            "destination": 4,
                            "relation": "nn",
                            "source": 5
                        },
                        {
                            "destination": 2,
                            "relation": "nsubjpass",
                            "source": 7
                        },
                        {
                            "destination": 6,
                            "relation": "auxpass",
                            "source": 7
                        },
                        {
                            "destination": 9,
                            "relation": "xcomp",
                            "source": 7
                        },
                        {
                            "destination": 16,
                            "relation": "prep_as",
                            "source": 9
                        },
                        {
                            "destination": 20,
                            "relation": "advcl",
                            "source": 9
                        },
                        {
                            "destination": 8,
                            "relation": "aux",
                            "source": 9
                        },
                        {
                            "destination": 10,
                            "relation": "dobj",
                            "source": 9
                        },
                        {
                            "destination": 12,
                            "relation": "dobj",
                            "source": 9
                        },
                        {
                            "destination": 12,
                            "relation": "conj_and",
                            "source": 10
                        },
                        {
                            "destination": 15,
                            "relation": "amod",
                            "source": 16
                        },
                        {
                            "destination": 18,
                            "relation": "prep_for",
                            "source": 16
                        },
                        {
                            "destination": 14,
                            "relation": "det",
                            "source": 16
                        },
                        {
                            "destination": 19,
                            "relation": "advmod",
                            "source": 20
                        },
                        {
                            "destination": 22,
                            "relation": "dobj",
                            "source": 20
                        },
                        {
                            "destination": 21,
                            "relation": "nn",
                            "source": 22
                        }
                    ],
                    "roots": [
                        7
                    ]
                }
            },
            "lemmas": [
                "this",
                "easy-to-use",
                "compilation",
                "of",
                "vhl",
                "mutation",
                "be",
                "intend",
                "to",
                "facilitate",
                "research",
                "and",
                "function",
                "as",
                "a",
                "necessary",
                "adjunct",
                "for",
                "physician",
                "when",
                "provide",
                "patient",
                "information",
                "."
            ],
            "startOffsets": [
                1072,
                1077,
                1089,
                1101,
                1104,
                1108,
                1118,
                1121,
                1130,
                1133,
                1144,
                1153,
                1157,
                1166,
                1169,
                1171,
                1181,
                1189,
                1193,
                1204,
                1209,
                1219,
                1227,
                1238
            ],
            "tags": [
                "DT",
                "JJ",
                "NN",
                "IN",
                "NN",
                "NNS",
                "VBZ",
                "VBN",
                "TO",
                "VB",
                "NN",
                "CC",
                "NN",
                "IN",
                "DT",
                "JJ",
                "NN",
                "IN",
                "NNS",
                "WRB",
                "VBG",
                "NN",
                "NN",
                "."
            ],
            "words": [
                "This",
                "easy-to-use",
                "compilation",
                "of",
                "VHL",
                "mutations",
                "is",
                "intended",
                "to",
                "facilitate",
                "research",
                "and",
                "function",
                "as",
                "a",
                "necessary",
                "adjunct",
                "for",
                "physicians",
                "when",
                "providing",
                "patient",
                "information",
                "."
            ]
        }
    ],
    "text": "Mutations in the von Hippel-Lindau (VHL) gene are responsible for VHL disease,\ncongenital polycythemia, and are found in many sporadic tumor types as well.\nReports of VHL mutations are dispersed throughout original articles and databases\nthat have not been recently updated. We compiled a comprehensive mutation table\nof 1,548 germline and somatic VHL mutations, derived from this protein of only\n213 amino acids. We describe detailed phenotype and gene mutation information for\n945 VHL families, including 30 previously unpublished kindreds from The\nNetherlands (six novel mutations). These data represent the most extensive\ncatalog of germline VHL mutations to date. We also review VHL disease, known and \ntheorized pathogenesis of common VHL manifestations, and genotype-phenotype\ncorrelations. Analysis of all VHL families, excluding germline mutations\nresulting in congenital polycythemias, describes the spectrum of mutation types: \n52% missense, 13% frameshift, 11% nonsense, 6% in-frame deletions/insertions, 11%\nlarge/complete deletions, and 7% splice mutations. This easy-to-use compilation\nof VHL mutations is intended to facilitate research and function as a necessary\nadjunct for physicians when providing patient information."
}