{
    "id": "20165957",
    "sentences": [
        {
            "endOffsets": [
                8,
                18,
                26,
                28,
                31,
                32,
                35,
                38,
                48,
                57,
                72,
                81,
                88,
                91,
                101,
                104,
                109,
                113,
                118,
                119
            ],
            "entities": [
                "O",
                "O",
                "O",
                "O",
                "B-Family",
                "O",
                "O",
                "O",
                "O",
                "O",
                "O",
                "O",
                "O",
                "O",
                "O",
                "O",
                "B-Gene_or_gene_product",
                "O",
                "B-Gene_or_gene_product",
                "O"
            ],
            "graphs": {
                "stanford-basic": {
                    "edges": [
                        {
                            "destination": 0,
                            "relation": "amod",
                            "source": 2
                        },
                        {
                            "destination": 1,
                            "relation": "nn",
                            "source": 2
                        },
                        {
                            "destination": 4,
                            "relation": "appos",
                            "source": 2
                        },
                        {
                            "destination": 2,
                            "relation": "nsubj",
                            "source": 11
                        },
                        {
                            "destination": 6,
                            "relation": "cop",
                            "source": 11
                        },
                        {
                            "destination": 7,
                            "relation": "det",
                            "source": 11
                        },
                        {
                            "destination": 8,
                            "relation": "amod",
                            "source": 11
                        },
                        {
                            "destination": 9,
                            "relation": "amod",
                            "source": 11
                        },
                        {
                            "destination": 10,
                            "relation": "amod",
                            "source": 11
                        },
                        {
                            "destination": 12,
                            "relation": "vmod",
                            "source": 11
                        },
                        {
                            "destination": 13,
                            "relation": "prep",
                            "source": 12
                        },
                        {
                            "destination": 14,
                            "relation": "pobj",
                            "source": 13
                        },
                        {
                            "destination": 15,
                            "relation": "prep",
                            "source": 14
                        },
                        {
                            "destination": 16,
                            "relation": "pobj",
                            "source": 15
                        },
                        {
                            "destination": 17,
                            "relation": "cc",
                            "source": 16
                        },
                        {
                            "destination": 18,
                            "relation": "conj",
                            "source": 16
                        }
                    ],
                    "roots": [
                        11
                    ]
                },
                "stanford-collapsed": {
                    "edges": [
                        {
                            "destination": 0,
                            "relation": "amod",
                            "source": 2
                        },
                        {
                            "destination": 1,
                            "relation": "nn",
                            "source": 2
                        },
                        {
                            "destination": 4,
                            "relation": "appos",
                            "source": 2
                        },
                        {
                            "destination": 2,
                            "relation": "nsubj",
                            "source": 11
                        },
                        {
                            "destination": 6,
                            "relation": "cop",
                            "source": 11
                        },
                        {
                            "destination": 7,
                            "relation": "det",
                            "source": 11
                        },
                        {
                            "destination": 8,
                            "relation": "amod",
                            "source": 11
                        },
                        {
                            "destination": 9,
                            "relation": "amod",
                            "source": 11
                        },
                        {
                            "destination": 10,
                            "relation": "amod",
                            "source": 11
                        },
                        {
                            "destination": 12,
                            "relation": "vmod",
                            "source": 11
                        },
                        {
                            "destination": 14,
                            "relation": "agent",
                            "source": 12
                        },
                        {
                            "destination": 16,
                            "relation": "prep_in",
                            "source": 14
                        },
                        {
                            "destination": 18,
                            "relation": "prep_in",
                            "source": 14
                        },
                        {
                            "destination": 18,
                            "relation": "conj_and",
                            "source": 16
                        }
                    ],
                    "roots": [
                        11
                    ]
                }
            },
            "lemmas": [
                "tuberous",
                "sclerosis",
                "complex",
                "(",
                "TSC",
                ")",
                "be",
                "a",
                "autosomal",
                "dominant",
                "neurocutaneous",
                "syndrome",
                "cause",
                "by",
                "mutation",
                "in",
                "tsc1",
                "and",
                "tsc2",
                "."
            ],
            "startOffsets": [
                0,
                9,
                19,
                27,
                28,
                31,
                33,
                36,
                39,
                49,
                58,
                73,
                82,
                89,
                92,
                102,
                105,
                110,
                114,
                118
            ],
            "tags": [
                "JJ",
                "NN",
                "NN",
                "-LRB-",
                "NNP",
                "-RRB-",
                "VBZ",
                "DT",
                "JJ",
                "JJ",
                "JJ",
                "NN",
                "VBN",
                "IN",
                "NNS",
                "IN",
                "NN",
                "CC",
                "NN",
                "."
            ],
            "words": [
                "Tuberous",
                "sclerosis",
                "complex",
                "(",
                "TSC",
                ")",
                "is",
                "an",
                "autosomal",
                "dominant",
                "neurocutaneous",
                "syndrome",
                "caused",
                "by",
                "mutations",
                "in",
                "TSC1",
                "and",
                "TSC2",
                "."
            ]
        },
        {
            "endOffsets": [
                127,
                128,
                134,
                135,
                139,
                148,
                153,
                156,
                165,
                176,
                181,
                194,
                204,
                215,
                223,
                224
            ],
            "entities": [
                "O",
                "O",
                "O",
                "O",
                "B-Family",
                "O",
                "O",
                "O",
                "O",
                "O",
                "O",
                "O",
                "O",
                "O",
                "O",
                "O"
            ],
            "graphs": {
                "stanford-basic": {
                    "edges": [
                        {
                            "destination": 2,
                            "relation": "num",
                            "source": 3
                        },
                        {
                            "destination": 5,
                            "relation": "dep",
                            "source": 3
                        },
                        {
                            "destination": 4,
                            "relation": "nn",
                            "source": 5
                        },
                        {
                            "destination": 0,
                            "relation": "advmod",
                            "source": 6
                        },
                        {
                            "destination": 3,
                            "relation": "nsubj",
                            "source": 6
                        },
                        {
                            "destination": 8,
                            "relation": "dobj",
                            "source": 6
                        },
                        {
                            "destination": 7,
                            "relation": "neg",
                            "source": 8
                        },
                        {
                            "destination": 9,
                            "relation": "vmod",
                            "source": 8
                        },
                        {
                            "destination": 10,
                            "relation": "prep",
                            "source": 9
                        },
                        {
                            "destination": 14,
                            "relation": "pobj",
                            "source": 10
                        },
                        {
                            "destination": 11,
                            "relation": "amod",
                            "source": 14
                        },
                        {
                            "destination": 12,
                            "relation": "amod",
                            "source": 14
                        },
                        {
                            "destination": 13,
                            "relation": "amod",
                            "source": 14
                        }
                    ],
                    "roots": [
                        6
                    ]
                },
                "stanford-collapsed": {
                    "edges": [
                        {
                            "destination": 2,
                            "relation": "num",
                            "source": 3
                        },
                        {
                            "destination": 5,
                            "relation": "dep",
                            "source": 3
                        },
                        {
                            "destination": 4,
                            "relation": "nn",
                            "source": 5
                        },
                        {
                            "destination": 0,
                            "relation": "advmod",
                            "source": 6
                        },
                        {
                            "destination": 3,
                            "relation": "nsubj",
                            "source": 6
                        },
                        {
                            "destination": 8,
                            "relation": "dobj",
                            "source": 6
                        },
                        {
                            "destination": 7,
                            "relation": "neg",
                            "source": 8
                        },
                        {
                            "destination": 9,
                            "relation": "vmod",
                            "source": 8
                        },
                        {
                            "destination": 14,
                            "relation": "prep_with",
                            "source": 9
                        },
                        {
                            "destination": 11,
                            "relation": "amod",
                            "source": 14
                        },
                        {
                            "destination": 12,
                            "relation": "amod",
                            "source": 14
                        },
                        {
                            "destination": 13,
                            "relation": "amod",
                            "source": 14
                        }
                    ],
                    "roots": [
                        6
                    ]
                }
            },
            "lemmas": [
                "however",
                ",",
                "10-15",
                "%",
                "tsc",
                "patient",
                "have",
                "no",
                "mutation",
                "identify",
                "with",
                "conventional",
                "molecular",
                "diagnostic",
                "study",
                "."
            ],
            "startOffsets": [
                120,
                127,
                129,
                134,
                136,
                140,
                149,
                154,
                157,
                166,
                177,
                182,
                195,
                205,
                216,
                223
            ],
            "tags": [
                "RB",
                ",",
                "CD",
                "NN",
                "NN",
                "NNS",
                "VBP",
                "DT",
                "NN",
                "VBN",
                "IN",
                "JJ",
                "JJ",
                "JJ",
                "NNS",
                "."
            ],
            "words": [
                "However",
                ",",
                "10-15",
                "%",
                "TSC",
                "patients",
                "have",
                "no",
                "mutation",
                "identified",
                "with",
                "conventional",
                "molecular",
                "diagnostic",
                "studies",
                "."
            ]
        },
        {
            "endOffsets": [
                227,
                232,
                236,
                247,
                262,
                272,
                275,
                279,
                290,
                293,
                300,
                304,
                314,
                317,
                321,
                325,
                334,
                338,
                342,
                345,
                350,
                353,
                358,
                367,
                378,
                381,
                394,
                402,
                403
            ],
            "entities": [
                "O",
                "O",
                "O",
                "O",
                "O",
                "O",
                "O",
                "O",
                "O",
                "O",
                "O",
                "O",
                "O",
                "O",
                "O",
                "B-Family",
                "O",
                "O",
                "O",
                "O",
                "B-Gene_or_gene_product",
                "O",
                "B-Gene_or_gene_product",
                "O",
                "O",
                "O",
                "O",
                "O",
                "O"
            ],
            "graphs": {
                "stanford-basic": {
                    "edges": [
                        {
                            "destination": 0,
                            "relation": "nsubj",
                            "source": 1
                        },
                        {
                            "destination": 5,
                            "relation": "dobj",
                            "source": 1
                        },
                        {
                            "destination": 10,
                            "relation": "vmod",
                            "source": 1
                        },
                        {
                            "destination": 2,
                            "relation": "det",
                            "source": 5
                        },
                        {
                            "destination": 3,
                            "relation": "amod",
                            "source": 5
                        },
                        {
                            "destination": 4,
                            "relation": "nn",
                            "source": 5
                        },
                        {
                            "destination": 6,
                            "relation": "prep",
                            "source": 5
                        },
                        {
                            "destination": 8,
                            "relation": "pobj",
                            "source": 6
                        },
                        {
                            "destination": 7,
                            "relation": "num",
                            "source": 8
                        },
                        {
                            "destination": 9,
                            "relation": "aux",
                            "source": 10
                        },
                        {
                            "destination": 11,
                            "relation": "prep",
                            "source": 10
                        },
                        {
                            "destination": 13,
                            "relation": "prep",
                            "source": 10
                        },
                        {
                            "destination": 12,
                            "relation": "pobj",
                            "source": 11
                        },
                        {
                            "destination": 16,
                            "relation": "pobj",
                            "source": 13
                        },
                        {
                            "destination": 15,
                            "relation": "nn",
                            "source": 16
                        },
                        {
                            "destination": 18,
                            "relation": "rcmod",
                            "source": 16
                        },
                        {
                            "destination": 14,
                            "relation": "num",
                            "source": 16
                        },
                        {
                            "destination": 17,
                            "relation": "nsubj",
                            "source": 18
                        },
                        {
                            "destination": 23,
                            "relation": "dobj",
                            "source": 18
                        },
                        {
                            "destination": 21,
                            "relation": "cc",
                            "source": 20
                        },
                        {
                            "destination": 22,
                            "relation": "conj",
                            "source": 20
                        },
                        {
                            "destination": 19,
                            "relation": "neg",
                            "source": 23
                        },
                        {
                            "destination": 20,
                            "relation": "nn",
                            "source": 23
                        },
                        {
                            "destination": 24,
                            "relation": "vmod",
                            "source": 23
                        },
                        {
                            "destination": 25,
                            "relation": "prep",
                            "source": 24
                        },
                        {
                            "destination": 27,
                            "relation": "pobj",
                            "source": 25
                        },
                        {
                            "destination": 26,
                            "relation": "amod",
                            "source": 27
                        }
                    ],
                    "roots": [
                        1
                    ]
                },
                "stanford-collapsed": {
                    "edges": [
                        {
                            "destination": 0,
                            "relation": "nsubj",
                            "source": 1
                        },
                        {
                            "destination": 5,
                            "relation": "dobj",
                            "source": 1
                        },
                        {
                            "destination": 10,
                            "relation": "vmod",
                            "source": 1
                        },
                        {
                            "destination": 2,
                            "relation": "det",
                            "source": 5
                        },
                        {
                            "destination": 3,
                            "relation": "amod",
                            "source": 5
                        },
                        {
                            "destination": 4,
                            "relation": "nn",
                            "source": 5
                        },
                        {
                            "destination": 8,
                            "relation": "prep_of",
                            "source": 5
                        },
                        {
                            "destination": 7,
                            "relation": "num",
                            "source": 8
                        },
                        {
                            "destination": 16,
                            "relation": "prep_in",
                            "source": 10
                        },
                        {
                            "destination": 9,
                            "relation": "aux",
                            "source": 10
                        },
                        {
                            "destination": 12,
                            "relation": "prep_for",
                            "source": 10
                        },
                        {
                            "destination": 15,
                            "relation": "nn",
                            "source": 16
                        },
                        {
                            "destination": 18,
                            "relation": "rcmod",
                            "source": 16
                        },
                        {
                            "destination": 14,
                            "relation": "num",
                            "source": 16
                        },
                        {
                            "destination": 17,
                            "relation": "nsubj",
                            "source": 18
                        },
                        {
                            "destination": 23,
                            "relation": "dobj",
                            "source": 18
                        },
                        {
                            "destination": 22,
                            "relation": "conj_or",
                            "source": 20
                        },
                        {
                            "destination": 19,
                            "relation": "neg",
                            "source": 23
                        },
                        {
                            "destination": 20,
                            "relation": "nn",
                            "source": 23
                        },
                        {
                            "destination": 22,
                            "relation": "nn",
                            "source": 23
                        },
                        {
                            "destination": 24,
                            "relation": "vmod",
                            "source": 23
                        },
                        {
                            "destination": 27,
                            "relation": "agent",
                            "source": 24
                        },
                        {
                            "destination": 26,
                            "relation": "amod",
                            "source": 27
                        }
                    ],
                    "roots": [
                        1
                    ]
                }
            },
            "lemmas": [
                "we",
                "use",
                "the",
                "ultra-deep",
                "pyrosequencing",
                "technique",
                "of",
                "454",
                "sequencing",
                "to",
                "search",
                "for",
                "mosaicism",
                "in",
                "38",
                "tsc",
                "patient",
                "who",
                "have",
                "no",
                "tsc1",
                "or",
                "tsc2",
                "mutation",
                "identify",
                "by",
                "conventional",
                "method",
                "."
            ],
            "startOffsets": [
                225,
                228,
                233,
                237,
                248,
                263,
                273,
                276,
                280,
                291,
                294,
                301,
                305,
                315,
                319,
                322,
                326,
                335,
                339,
                343,
                346,
                351,
                354,
                359,
                368,
                379,
                382,
                395,
                402
            ],
            "tags": [
                "PRP",
                "VBD",
                "DT",
                "JJ",
                "NN",
                "NN",
                "IN",
                "CD",
                "NN",
                "TO",
                "VB",
                "IN",
                "NN",
                "IN",
                "CD",
                "NN",
                "NNS",
                "WP",
                "VBD",
                "DT",
                "NN",
                "CC",
                "NN",
                "NN",
                "VBN",
                "IN",
                "JJ",
                "NNS",
                "."
            ],
            "words": [
                "We",
                "used",
                "the",
                "ultra-deep",
                "pyrosequencing",
                "technique",
                "of",
                "454",
                "Sequencing",
                "to",
                "search",
                "for",
                "mosaicism",
                "in",
                "38",
                "TSC",
                "patients",
                "who",
                "had",
                "no",
                "TSC1",
                "or",
                "TSC2",
                "mutation",
                "identified",
                "by",
                "conventional",
                "methods",
                "."
            ]
        },
        {
            "endOffsets": [
                407,
                412,
                422,
                427,
                438,
                439,
                444,
                447,
                451,
                452,
                457,
                467,
                470,
                480,
                489,
                490,
                501,
                506,
                516,
                517
            ],
            "entities": [
                "O",
                "B-Gene_or_gene_product",
                "O",
                "O",
                "O",
                "O",
                "O",
                "O",
                "O",
                "O",
                "O",
                "O",
                "O",
                "O",
                "O",
                "O",
                "O",
                "O",
                "O",
                "O"
            ],
            "graphs": {
                "stanford-basic": {
                    "edges": [
                        {
                            "destination": 0,
                            "relation": "num",
                            "source": 2
                        },
                        {
                            "destination": 1,
                            "relation": "nn",
                            "source": 2
                        },
                        {
                            "destination": 2,
                            "relation": "nsubjpass",
                            "source": 4
                        },
                        {
                            "destination": 3,
                            "relation": "auxpass",
                            "source": 4
                        },
                        {
                            "destination": 7,
                            "relation": "prep",
                            "source": 6
                        },
                        {
                            "destination": 9,
                            "relation": "pobj",
                            "source": 7
                        },
                        {
                            "destination": 8,
                            "relation": "num",
                            "source": 9
                        },
                        {
                            "destination": 16,
                            "relation": "acomp",
                            "source": 10
                        },
                        {
                            "destination": 4,
                            "relation": "ccomp",
                            "source": 10
                        },
                        {
                            "destination": 6,
                            "relation": "nsubj",
                            "source": 10
                        },
                        {
                            "destination": 11,
                            "relation": "dobj",
                            "source": 10
                        },
                        {
                            "destination": 12,
                            "relation": "prep",
                            "source": 10
                        },
                        {
                            "destination": 14,
                            "relation": "pobj",
                            "source": 12
                        },
                        {
                            "destination": 13,
                            "relation": "amod",
                            "source": 14
                        },
                        {
                            "destination": 17,
                            "relation": "prep",
                            "source": 16
                        },
                        {
                            "destination": 18,
                            "relation": "pobj",
                            "source": 17
                        }
                    ],
                    "roots": [
                        10
                    ]
                },
                "stanford-collapsed": {
                    "edges": [
                        {
                            "destination": 0,
                            "relation": "num",
                            "source": 2
                        },
                        {
                            "destination": 1,
                            "relation": "nn",
                            "source": 2
                        },
                        {
                            "destination": 2,
                            "relation": "nsubjpass",
                            "source": 4
                        },
                        {
                            "destination": 3,
                            "relation": "auxpass",
                            "source": 4
                        },
                        {
                            "destination": 9,
                            "relation": "prep_at",
                            "source": 6
                        },
                        {
                            "destination": 8,
                            "relation": "num",
                            "source": 9
                        },
                        {
                            "destination": 16,
                            "relation": "acomp",
                            "source": 10
                        },
                        {
                            "destination": 4,
                            "relation": "ccomp",
                            "source": 10
                        },
                        {
                            "destination": 6,
                            "relation": "nsubj",
                            "source": 10
                        },
                        {
                            "destination": 11,
                            "relation": "dobj",
                            "source": 10
                        },
                        {
                            "destination": 14,
                            "relation": "prep_in",
                            "source": 10
                        },
                        {
                            "destination": 13,
                            "relation": "amod",
                            "source": 14
                        },
                        {
                            "destination": 18,
                            "relation": "prep_with",
                            "source": 16
                        }
                    ],
                    "roots": [
                        10
                    ]
                }
            },
            "lemmas": [
                "two",
                "tsc2",
                "mutation",
                "be",
                "identify",
                ",",
                "each",
                "at",
                "5.3",
                "%",
                "read",
                "frequency",
                "in",
                "different",
                "patient",
                ",",
                "consistent",
                "with",
                "mosaicism",
                "."
            ],
            "startOffsets": [
                404,
                408,
                413,
                423,
                428,
                438,
                440,
                445,
                448,
                451,
                453,
                458,
                468,
                471,
                481,
                489,
                491,
                502,
                507,
                516
            ],
            "tags": [
                "CD",
                "NN",
                "NNS",
                "VBD",
                "VBN",
                ",",
                "DT",
                "IN",
                "CD",
                "NN",
                "VBD",
                "NN",
                "IN",
                "JJ",
                "NNS",
                ",",
                "JJ",
                "IN",
                "NN",
                "."
            ],
            "words": [
                "Two",
                "TSC2",
                "mutations",
                "were",
                "identified",
                ",",
                "each",
                "at",
                "5.3",
                "%",
                "read",
                "frequency",
                "in",
                "different",
                "patients",
                ",",
                "consistent",
                "with",
                "mosaicism",
                "."
            ]
        },
        {
            "endOffsets": [
                522,
                529,
                539,
                544,
                554,
                557,
                565,
                573,
                574
            ],
            "entities": [
                "O",
                "O",
                "O",
                "O",
                "O",
                "O",
                "O",
                "O",
                "O"
            ],
            "graphs": {
                "stanford-basic": {
                    "edges": [
                        {
                            "destination": 0,
                            "relation": "det",
                            "source": 2
                        },
                        {
                            "destination": 1,
                            "relation": "amod",
                            "source": 2
                        },
                        {
                            "destination": 2,
                            "relation": "nsubjpass",
                            "source": 4
                        },
                        {
                            "destination": 3,
                            "relation": "auxpass",
                            "source": 4
                        },
                        {
                            "destination": 5,
                            "relation": "prep",
                            "source": 4
                        },
                        {
                            "destination": 7,
                            "relation": "pobj",
                            "source": 5
                        },
                        {
                            "destination": 6,
                            "relation": "amod",
                            "source": 7
                        }
                    ],
                    "roots": [
                        4
                    ]
                },
                "stanford-collapsed": {
                    "edges": [
                        {
                            "destination": 0,
                            "relation": "det",
                            "source": 2
                        },
                        {
                            "destination": 1,
                            "relation": "amod",
                            "source": 2
                        },
                        {
                            "destination": 2,
                            "relation": "nsubjpass",
                            "source": 4
                        },
                        {
                            "destination": 3,
                            "relation": "auxpass",
                            "source": 4
                        },
                        {
                            "destination": 7,
                            "relation": "agent",
                            "source": 4
                        },
                        {
                            "destination": 6,
                            "relation": "amod",
                            "source": 7
                        }
                    ],
                    "roots": [
                        4
                    ]
                }
            },
            "lemmas": [
                "both",
                "mosaic",
                "mutation",
                "be",
                "confirm",
                "by",
                "several",
                "method",
                "."
            ],
            "startOffsets": [
                518,
                523,
                530,
                540,
                545,
                555,
                558,
                566,
                573
            ],
            "tags": [
                "DT",
                "JJ",
                "NNS",
                "VBD",
                "VBN",
                "IN",
                "JJ",
                "NNS",
                "."
            ],
            "words": [
                "Both",
                "mosaic",
                "mutations",
                "were",
                "confirmed",
                "by",
                "several",
                "methods",
                "."
            ]
        },
        {
            "endOffsets": [
                579,
                582,
                585,
                593,
                598,
                604,
                607,
                612,
                625,
                630,
                637,
                647,
                648,
                654,
                658,
                663,
                670,
                673,
                681,
                690,
                691
            ],
            "entities": [
                "O",
                "O",
                "O",
                "O",
                "O",
                "O",
                "O",
                "O",
                "O",
                "O",
                "O",
                "O",
                "O",
                "O",
                "O",
                "O",
                "O",
                "O",
                "O",
                "O",
                "O"
            ],
            "graphs": {
                "stanford-basic": {
                    "edges": [
                        {
                            "destination": 1,
                            "relation": "prep",
                            "source": 0
                        },
                        {
                            "destination": 3,
                            "relation": "pobj",
                            "source": 1
                        },
                        {
                            "destination": 2,
                            "relation": "num",
                            "source": 3
                        },
                        {
                            "destination": 0,
                            "relation": "nsubjpass",
                            "source": 5
                        },
                        {
                            "destination": 4,
                            "relation": "auxpass",
                            "source": 5
                        },
                        {
                            "destination": 7,
                            "relation": "xcomp",
                            "source": 5
                        },
                        {
                            "destination": 6,
                            "relation": "aux",
                            "source": 7
                        },
                        {
                            "destination": 11,
                            "relation": "dobj",
                            "source": 7
                        },
                        {
                            "destination": 16,
                            "relation": "rcmod",
                            "source": 11
                        },
                        {
                            "destination": 8,
                            "relation": "amod",
                            "source": 11
                        },
                        {
                            "destination": 9,
                            "relation": "amod",
                            "source": 11
                        },
                        {
                            "destination": 10,
                            "relation": "amod",
                            "source": 11
                        },
                        {
                            "destination": 15,
                            "relation": "auxpass",
                            "source": 16
                        },
                        {
                            "destination": 17,
                            "relation": "prep",
                            "source": 16
                        },
                        {
                            "destination": 13,
                            "relation": "nsubjpass",
                            "source": 16
                        },
                        {
                            "destination": 14,
                            "relation": "aux",
                            "source": 16
                        },
                        {
                            "destination": 19,
                            "relation": "pobj",
                            "source": 17
                        },
                        {
                            "destination": 18,
                            "relation": "amod",
                            "source": 19
                        }
                    ],
                    "roots": [
                        5
                    ]
                },
                "stanford-collapsed": {
                    "edges": [
                        {
                            "destination": 3,
                            "relation": "prep_of",
                            "source": 0
                        },
                        {
                            "destination": 2,
                            "relation": "num",
                            "source": 3
                        },
                        {
                            "destination": 0,
                            "relation": "nsubjpass",
                            "source": 5
                        },
                        {
                            "destination": 4,
                            "relation": "auxpass",
                            "source": 5
                        },
                        {
                            "destination": 7,
                            "relation": "xcomp",
                            "source": 5
                        },
                        {
                            "destination": 6,
                            "relation": "aux",
                            "source": 7
                        },
                        {
                            "destination": 11,
                            "relation": "dobj",
                            "source": 7
                        },
                        {
                            "destination": 16,
                            "relation": "rcmod",
                            "source": 11
                        },
                        {
                            "destination": 8,
                            "relation": "amod",
                            "source": 11
                        },
                        {
                            "destination": 9,
                            "relation": "amod",
                            "source": 11
                        },
                        {
                            "destination": 10,
                            "relation": "amod",
                            "source": 11
                        },
                        {
                            "destination": 15,
                            "relation": "auxpass",
                            "source": 16
                        },
                        {
                            "destination": 19,
                            "relation": "prep_in",
                            "source": 16
                        },
                        {
                            "destination": 13,
                            "relation": "nsubjpass",
                            "source": 16
                        },
                        {
                            "destination": 14,
                            "relation": "aux",
                            "source": 16
                        },
                        {
                            "destination": 18,
                            "relation": "amod",
                            "source": 19
                        }
                    ],
                    "roots": [
                        5
                    ]
                }
            },
            "lemmas": [
                "five",
                "of",
                "38",
                "sample",
                "be",
                "find",
                "to",
                "have",
                "heterozygous",
                "non",
                "mosaic",
                "mutation",
                ",",
                "which",
                "have",
                "be",
                "miss",
                "in",
                "earlier",
                "analysis",
                "."
            ],
            "startOffsets": [
                575,
                580,
                583,
                586,
                594,
                599,
                605,
                608,
                613,
                627,
                631,
                638,
                647,
                649,
                655,
                659,
                664,
                671,
                674,
                682,
                690
            ],
            "tags": [
                "CD",
                "IN",
                "CD",
                "NNS",
                "VBD",
                "VBN",
                "TO",
                "VB",
                "JJ",
                "JJ",
                "JJ",
                "NNS",
                ",",
                "WDT",
                "VBD",
                "VBN",
                "VBN",
                "IN",
                "JJR",
                "NNS",
                "."
            ],
            "words": [
                "Five",
                "of",
                "38",
                "samples",
                "were",
                "found",
                "to",
                "have",
                "heterozygous",
                "non",
                "mosaic",
                "mutations",
                ",",
                "which",
                "had",
                "been",
                "missed",
                "in",
                "earlier",
                "analyses",
                "."
            ]
        },
        {
            "endOffsets": [
                699,
                705,
                714,
                728,
                735,
                745,
                750,
                761,
                764,
                769,
                780,
                781,
                785,
                790,
                800,
                803,
                813,
                816,
                826,
                834,
                835
            ],
            "entities": [
                "O",
                "O",
                "O",
                "O",
                "O",
                "O",
                "O",
                "O",
                "O",
                "O",
                "O",
                "O",
                "O",
                "O",
                "O",
                "O",
                "O",
                "O",
                "O",
                "O",
                "O"
            ],
            "graphs": {
                "stanford-basic": {
                    "edges": [
                        {
                            "destination": 0,
                            "relation": "amod",
                            "source": 5
                        },
                        {
                            "destination": 1,
                            "relation": "amod",
                            "source": 5
                        },
                        {
                            "destination": 2,
                            "relation": "amod",
                            "source": 5
                        },
                        {
                            "destination": 3,
                            "relation": "nn",
                            "source": 5
                        },
                        {
                            "destination": 4,
                            "relation": "nn",
                            "source": 5
                        },
                        {
                            "destination": 5,
                            "relation": "nsubjpass",
                            "source": 7
                        },
                        {
                            "destination": 6,
                            "relation": "auxpass",
                            "source": 7
                        },
                        {
                            "destination": 8,
                            "relation": "prep",
                            "source": 7
                        },
                        {
                            "destination": 12,
                            "relation": "cc",
                            "source": 7
                        },
                        {
                            "destination": 14,
                            "relation": "conj",
                            "source": 7
                        },
                        {
                            "destination": 10,
                            "relation": "pobj",
                            "source": 8
                        },
                        {
                            "destination": 9,
                            "relation": "amod",
                            "source": 10
                        },
                        {
                            "destination": 15,
                            "relation": "prep",
                            "source": 14
                        },
                        {
                            "destination": 17,
                            "relation": "prep",
                            "source": 14
                        },
                        {
                            "destination": 13,
                            "relation": "auxpass",
                            "source": 14
                        },
                        {
                            "destination": 16,
                            "relation": "pobj",
                            "source": 15
                        },
                        {
                            "destination": 19,
                            "relation": "pobj",
                            "source": 17
                        },
                        {
                            "destination": 18,
                            "relation": "amod",
                            "source": 19
                        }
                    ],
                    "roots": [
                        7
                    ]
                },
                "stanford-collapsed": {
                    "edges": [
                        {
                            "destination": 0,
                            "relation": "amod",
                            "source": 5
                        },
                        {
                            "destination": 1,
                            "relation": "amod",
                            "source": 5
                        },
                        {
                            "destination": 2,
                            "relation": "amod",
                            "source": 5
                        },
                        {
                            "destination": 3,
                            "relation": "nn",
                            "source": 5
                        },
                        {
                            "destination": 4,
                            "relation": "nn",
                            "source": 5
                        },
                        {
                            "destination": 5,
                            "relation": "nsubjpass",
                            "source": 7
                        },
                        {
                            "destination": 6,
                            "relation": "auxpass",
                            "source": 7
                        },
                        {
                            "destination": 10,
                            "relation": "agent",
                            "source": 7
                        },
                        {
                            "destination": 14,
                            "relation": "conj_but",
                            "source": 7
                        },
                        {
                            "destination": 9,
                            "relation": "amod",
                            "source": 10
                        },
                        {
                            "destination": 16,
                            "relation": "prep_as",
                            "source": 14
                        },
                        {
                            "destination": 19,
                            "relation": "agent",
                            "source": 14
                        },
                        {
                            "destination": 5,
                            "relation": "nsubjpass",
                            "source": 14
                        },
                        {
                            "destination": 13,
                            "relation": "auxpass",
                            "source": 14
                        },
                        {
                            "destination": 18,
                            "relation": "amod",
                            "source": 19
                        }
                    ],
                    "roots": [
                        7
                    ]
                }
            },
            "lemmas": [
                "several",
                "other",
                "possible",
                "low-frequency",
                "mosaic",
                "mutation",
                "be",
                "identify",
                "by",
                "deep",
                "sequencing",
                ",",
                "but",
                "be",
                "discard",
                "as",
                "artifact",
                "by",
                "secondary",
                "study",
                "."
            ],
            "startOffsets": [
                692,
                700,
                706,
                715,
                729,
                736,
                746,
                751,
                762,
                765,
                770,
                780,
                782,
                786,
                791,
                801,
                804,
                814,
                817,
                827,
                834
            ],
            "tags": [
                "JJ",
                "JJ",
                "JJ",
                "NN",
                "NN",
                "NNS",
                "VBD",
                "VBN",
                "IN",
                "JJ",
                "NN",
                ",",
                "CC",
                "VBD",
                "VBN",
                "IN",
                "NNS",
                "IN",
                "JJ",
                "NNS",
                "."
            ],
            "words": [
                "Several",
                "other",
                "possible",
                "low-frequency",
                "mosaic",
                "mutations",
                "were",
                "identified",
                "by",
                "deep",
                "sequencing",
                ",",
                "but",
                "were",
                "discarded",
                "as",
                "artifacts",
                "by",
                "secondary",
                "studies",
                "."
            ]
        },
        {
            "endOffsets": [
                839,
                843,
                853,
                856,
                866,
                870,
                877,
                887,
                888,
                892,
                894,
                895,
                896,
                897,
                900,
                903,
                904,
                913,
                918,
                922,
                931,
                934,
                938,
                947,
                951,
                956,
                959,
                968,
                979,
                983,
                987,
                991,
                994,
                1004,
                1005,
                1009,
                1016,
                1022,
                1029,
                1030,
                1036,
                1043,
                1046,
                1049,
                1060,
                1061
            ],
            "entities": [
                "O",
                "O",
                "O",
                "O",
                "O",
                "O",
                "O",
                "O",
                "O",
                "O",
                "O",
                "O",
                "O",
                "O",
                "O",
                "O",
                "O",
                "O",
                "O",
                "O",
                "O",
                "O",
                "B-Family",
                "O",
                "O",
                "O",
                "O",
                "O",
                "O",
                "O",
                "O",
                "O",
                "O",
                "O",
                "O",
                "O",
                "O",
                "O",
                "O",
                "O",
                "O",
                "O",
                "O",
                "O",
                "O",
                "O"
            ],
            "graphs": {
                "stanford-basic": {
                    "edges": [
                        {
                            "destination": 0,
                            "relation": "det",
                            "source": 2
                        },
                        {
                            "destination": 1,
                            "relation": "amod",
                            "source": 2
                        },
                        {
                            "destination": 3,
                            "relation": "prep",
                            "source": 2
                        },
                        {
                            "destination": 9,
                            "relation": "appos",
                            "source": 2
                        },
                        {
                            "destination": 4,
                            "relation": "pobj",
                            "source": 3
                        },
                        {
                            "destination": 5,
                            "relation": "prep",
                            "source": 4
                        },
                        {
                            "destination": 7,
                            "relation": "pobj",
                            "source": 5
                        },
                        {
                            "destination": 6,
                            "relation": "amod",
                            "source": 7
                        },
                        {
                            "destination": 12,
                            "relation": "appos",
                            "source": 9
                        },
                        {
                            "destination": 14,
                            "relation": "prep",
                            "source": 9
                        },
                        {
                            "destination": 11,
                            "relation": "num",
                            "source": 12
                        },
                        {
                            "destination": 15,
                            "relation": "pobj",
                            "source": 14
                        },
                        {
                            "destination": 31,
                            "relation": "ccomp",
                            "source": 17
                        },
                        {
                            "destination": 2,
                            "relation": "nsubj",
                            "source": 17
                        },
                        {
                            "destination": 19,
                            "relation": "det",
                            "source": 20
                        },
                        {
                            "destination": 21,
                            "relation": "prep",
                            "source": 20
                        },
                        {
                            "destination": 23,
                            "relation": "pobj",
                            "source": 21
                        },
                        {
                            "destination": 22,
                            "relation": "nn",
                            "source": 23
                        },
                        {
                            "destination": 25,
                            "relation": "rcmod",
                            "source": 23
                        },
                        {
                            "destination": 24,
                            "relation": "nsubj",
                            "source": 25
                        },
                        {
                            "destination": 27,
                            "relation": "dobj",
                            "source": 25
                        },
                        {
                            "destination": 26,
                            "relation": "neg",
                            "source": 27
                        },
                        {
                            "destination": 28,
                            "relation": "vmod",
                            "source": 27
                        },
                        {
                            "destination": 32,
                            "relation": "prep",
                            "source": 31
                        },
                        {
                            "destination": 18,
                            "relation": "mark",
                            "source": 31
                        },
                        {
                            "destination": 20,
                            "relation": "nsubj",
                            "source": 31
                        },
                        {
                            "destination": 29,
                            "relation": "cop",
                            "source": 31
                        },
                        {
                            "destination": 30,
                            "relation": "neg",
                            "source": 31
                        },
                        {
                            "destination": 33,
                            "relation": "pobj",
                            "source": 32
                        },
                        {
                            "destination": 36,
                            "relation": "cc",
                            "source": 33
                        },
                        {
                            "destination": 38,
                            "relation": "conj",
                            "source": 33
                        },
                        {
                            "destination": 35,
                            "relation": "cc",
                            "source": 36
                        },
                        {
                            "destination": 37,
                            "relation": "amod",
                            "source": 38
                        },
                        {
                            "destination": 41,
                            "relation": "rcmod",
                            "source": 38
                        },
                        {
                            "destination": 40,
                            "relation": "nsubj",
                            "source": 41
                        },
                        {
                            "destination": 44,
                            "relation": "xcomp",
                            "source": 41
                        },
                        {
                            "destination": 42,
                            "relation": "aux",
                            "source": 44
                        },
                        {
                            "destination": 43,
                            "relation": "auxpass",
                            "source": 44
                        }
                    ],
                    "roots": [
                        17
                    ]
                },
                "stanford-collapsed": {
                    "edges": [
                        {
                            "destination": 0,
                            "relation": "det",
                            "source": 2
                        },
                        {
                            "destination": 1,
                            "relation": "amod",
                            "source": 2
                        },
                        {
                            "destination": 4,
                            "relation": "prep_of",
                            "source": 2
                        },
                        {
                            "destination": 9,
                            "relation": "appos",
                            "source": 2
                        },
                        {
                            "destination": 7,
                            "relation": "prep_of",
                            "source": 4
                        },
                        {
                            "destination": 6,
                            "relation": "amod",
                            "source": 7
                        },
                        {
                            "destination": 15,
                            "relation": "prep_of",
                            "source": 9
                        },
                        {
                            "destination": 12,
                            "relation": "appos",
                            "source": 9
                        },
                        {
                            "destination": 11,
                            "relation": "num",
                            "source": 12
                        },
                        {
                            "destination": 31,
                            "relation": "ccomp",
                            "source": 17
                        },
                        {
                            "destination": 2,
                            "relation": "nsubj",
                            "source": 17
                        },
                        {
                            "destination": 19,
                            "relation": "det",
                            "source": 20
                        },
                        {
                            "destination": 23,
                            "relation": "prep_of",
                            "source": 20
                        },
                        {
                            "destination": 22,
                            "relation": "nn",
                            "source": 23
                        },
                        {
                            "destination": 25,
                            "relation": "rcmod",
                            "source": 23
                        },
                        {
                            "destination": 24,
                            "relation": "nsubj",
                            "source": 25
                        },
                        {
                            "destination": 27,
                            "relation": "dobj",
                            "source": 25
                        },
                        {
                            "destination": 26,
                            "relation": "neg",
                            "source": 27
                        },
                        {
                            "destination": 28,
                            "relation": "vmod",
                            "source": 27
                        },
                        {
                            "destination": 33,
                            "relation": "prep_to",
                            "source": 31
                        },
                        {
                            "destination": 18,
                            "relation": "mark",
                            "source": 31
                        },
                        {
                            "destination": 20,
                            "relation": "nsubj",
                            "source": 31
                        },
                        {
                            "destination": 38,
                            "relation": "prep_to",
                            "source": 31
                        },
                        {
                            "destination": 29,
                            "relation": "cop",
                            "source": 31
                        },
                        {
                            "destination": 30,
                            "relation": "neg",
                            "source": 31
                        },
                        {
                            "destination": 38,
                            "relation": "conj_negcc",
                            "source": 33
                        },
                        {
                            "destination": 37,
                            "relation": "amod",
                            "source": 38
                        },
                        {
                            "destination": 41,
                            "relation": "rcmod",
                            "source": 38
                        },
                        {
                            "destination": 40,
                            "relation": "nsubj",
                            "source": 41
                        },
                        {
                            "destination": 44,
                            "relation": "xcomp",
                            "source": 41
                        },
                        {
                            "destination": 42,
                            "relation": "aux",
                            "source": 44
                        },
                        {
                            "destination": 43,
                            "relation": "auxpass",
                            "source": 44
                        }
                    ],
                    "roots": [
                        17
                    ]
                }
            },
            "lemmas": [
                "the",
                "low",
                "frequency",
                "of",
                "detection",
                "of",
                "mosaic",
                "mutation",
                ",",
                "two",
                "(",
                "6",
                "%",
                ")",
                "of",
                "33",
                ",",
                "suggest",
                "that",
                "the",
                "majority",
                "of",
                "tsc",
                "patient",
                "who",
                "have",
                "no",
                "mutation",
                "identify",
                "be",
                "not",
                "due",
                "to",
                "mosaicism",
                ",",
                "but",
                "rather",
                "other",
                "cause",
                ",",
                "which",
                "remain",
                "to",
                "be",
                "determine",
                "."
            ],
            "startOffsets": [
                836,
                840,
                844,
                854,
                857,
                868,
                871,
                878,
                887,
                889,
                893,
                894,
                895,
                896,
                898,
                901,
                903,
                905,
                914,
                919,
                923,
                932,
                935,
                939,
                948,
                952,
                957,
                960,
                969,
                980,
                984,
                988,
                992,
                995,
                1004,
                1006,
                1010,
                1017,
                1023,
                1029,
                1031,
                1037,
                1044,
                1047,
                1050,
                1060
            ],
            "tags": [
                "DT",
                "JJ",
                "NN",
                "IN",
                "NN",
                "IN",
                "JJ",
                "NNS",
                ",",
                "CD",
                "-LRB-",
                "CD",
                "NN",
                "-RRB-",
                "IN",
                "CD",
                ",",
                "VBZ",
                "IN",
                "DT",
                "NN",
                "IN",
                "NN",
                "NNS",
                "WP",
                "VBP",
                "DT",
                "NN",
                "VBN",
                "VBP",
                "RB",
                "JJ",
                "TO",
                "NN",
                ",",
                "CC",
                "RB",
                "JJ",
                "NNS",
                ",",
                "WDT",
                "VBP",
                "TO",
                "VB",
                "VBN",
                "."
            ],
            "words": [
                "The",
                "low",
                "frequency",
                "of",
                "detection",
                "of",
                "mosaic",
                "mutations",
                ",",
                "two",
                "(",
                "6",
                "%",
                ")",
                "of",
                "33",
                ",",
                "suggests",
                "that",
                "the",
                "majority",
                "of",
                "TSC",
                "patients",
                "who",
                "have",
                "no",
                "mutation",
                "identified",
                "are",
                "not",
                "due",
                "to",
                "mosaicism",
                ",",
                "but",
                "rather",
                "other",
                "causes",
                ",",
                "which",
                "remain",
                "to",
                "be",
                "determined",
                "."
            ]
        },
        {
            "endOffsets": [
                1067,
                1076,
                1085,
                1089,
                1097,
                1100,
                1105,
                1116,
                1117,
                1125,
                1130,
                1140,
                1153,
                1162,
                1163,
                1166,
                1173,
                1187,
                1194,
                1204,
                1205
            ],
            "entities": [
                "O",
                "O",
                "O",
                "O",
                "O",
                "O",
                "O",
                "O",
                "O",
                "O",
                "O",
                "O",
                "O",
                "O",
                "O",
                "O",
                "O",
                "O",
                "O",
                "O",
                "O"
            ],
            "graphs": {
                "stanford-basic": {
                    "edges": [
                        {
                            "destination": 0,
                            "relation": "det",
                            "source": 1
                        },
                        {
                            "destination": 16,
                            "relation": "ccomp",
                            "source": 2
                        },
                        {
                            "destination": 1,
                            "relation": "nsubj",
                            "source": 2
                        },
                        {
                            "destination": 3,
                            "relation": "det",
                            "source": 4
                        },
                        {
                            "destination": 5,
                            "relation": "prep",
                            "source": 4
                        },
                        {
                            "destination": 7,
                            "relation": "pobj",
                            "source": 5
                        },
                        {
                            "destination": 6,
                            "relation": "amod",
                            "source": 7
                        },
                        {
                            "destination": 10,
                            "relation": "pcomp",
                            "source": 9
                        },
                        {
                            "destination": 13,
                            "relation": "pobj",
                            "source": 10
                        },
                        {
                            "destination": 11,
                            "relation": "amod",
                            "source": 13
                        },
                        {
                            "destination": 12,
                            "relation": "amod",
                            "source": 13
                        },
                        {
                            "destination": 15,
                            "relation": "aux",
                            "source": 16
                        },
                        {
                            "destination": 19,
                            "relation": "dobj",
                            "source": 16
                        },
                        {
                            "destination": 4,
                            "relation": "nsubj",
                            "source": 16
                        },
                        {
                            "destination": 9,
                            "relation": "prep",
                            "source": 16
                        },
                        {
                            "destination": 17,
                            "relation": "amod",
                            "source": 19
                        },
                        {
                            "destination": 18,
                            "relation": "amod",
                            "source": 19
                        }
                    ],
                    "roots": [
                        2
                    ]
                },
                "stanford-collapsed": {
                    "edges": [
                        {
                            "destination": 0,
                            "relation": "det",
                            "source": 1
                        },
                        {
                            "destination": 16,
                            "relation": "ccomp",
                            "source": 2
                        },
                        {
                            "destination": 1,
                            "relation": "nsubj",
                            "source": 2
                        },
                        {
                            "destination": 3,
                            "relation": "det",
                            "source": 4
                        },
                        {
                            "destination": 7,
                            "relation": "prep_of",
                            "source": 4
                        },
                        {
                            "destination": 6,
                            "relation": "amod",
                            "source": 7
                        },
                        {
                            "destination": 10,
                            "relation": "pcomp",
                            "source": 9
                        },
                        {
                            "destination": 13,
                            "relation": "pobj",
                            "source": 10
                        },
                        {
                            "destination": 11,
                            "relation": "amod",
                            "source": 13
                        },
                        {
                            "destination": 12,
                            "relation": "amod",
                            "source": 13
                        },
                        {
                            "destination": 15,
                            "relation": "aux",
                            "source": 16
                        },
                        {
                            "destination": 19,
                            "relation": "dobj",
                            "source": 16
                        },
                        {
                            "destination": 4,
                            "relation": "nsubj",
                            "source": 16
                        },
                        {
                            "destination": 9,
                            "relation": "prep",
                            "source": 16
                        },
                        {
                            "destination": 17,
                            "relation": "amod",
                            "source": 19
                        },
                        {
                            "destination": 18,
                            "relation": "amod",
                            "source": 19
                        }
                    ],
                    "roots": [
                        2
                    ]
                }
            },
            "lemmas": [
                "these",
                "finding",
                "indicate",
                "the",
                "ability",
                "of",
                "deep",
                "sequencing",
                ",",
                "couple",
                "with",
                "secondary",
                "confirmatory",
                "analysis",
                ",",
                "to",
                "detect",
                "low-frequency",
                "mosaic",
                "mutation",
                "."
            ],
            "startOffsets": [
                1062,
                1068,
                1077,
                1086,
                1090,
                1098,
                1101,
                1106,
                1116,
                1118,
                1126,
                1131,
                1141,
                1154,
                1162,
                1164,
                1167,
                1174,
                1188,
                1195,
                1204
            ],
            "tags": [
                "DT",
                "NNS",
                "VBP",
                "DT",
                "NN",
                "IN",
                "JJ",
                "NN",
                ",",
                "VBN",
                "IN",
                "JJ",
                "JJ",
                "NNS",
                ",",
                "TO",
                "VB",
                "JJ",
                "JJ",
                "NNS",
                "."
            ],
            "words": [
                "These",
                "findings",
                "indicate",
                "the",
                "ability",
                "of",
                "deep",
                "sequencing",
                ",",
                "coupled",
                "with",
                "secondary",
                "confirmatory",
                "analyses",
                ",",
                "to",
                "detect",
                "low-frequency",
                "mosaic",
                "mutations",
                "."
            ]
        }
    ],
    "text": "Tuberous sclerosis complex (TSC) is an autosomal dominant neurocutaneous syndrome\ncaused by mutations in TSC1 and TSC2. However, 10-15% TSC patients have no\nmutation identified with conventional molecular diagnostic studies. We used the\nultra-deep pyrosequencing technique of 454 Sequencing to search for mosaicism in \n38 TSC patients who had no TSC1 or TSC2 mutation identified by conventional\nmethods. Two TSC2 mutations were identified, each at 5.3% read frequency in\ndifferent patients, consistent with mosaicism. Both mosaic mutations were\nconfirmed by several methods. Five of 38 samples were found to have heterozygous \nnon-mosaic mutations, which had been missed in earlier analyses. Several other\npossible low-frequency mosaic mutations were identified by deep sequencing, but\nwere discarded as artifacts by secondary studies. The low frequency of detection \nof mosaic mutations, two (6%) of 33, suggests that the majority of TSC patients\nwho have no mutation identified are not due to mosaicism, but rather other\ncauses, which remain to be determined. These findings indicate the ability of\ndeep sequencing, coupled with secondary confirmatory analyses, to detect\nlow-frequency mosaic mutations."
}