{
    "id": "20227043",
    "sentences": [
        {
            "endOffsets": [
                7,
                14,
                17,
                19,
                27,
                33,
                36,
                42,
                47,
                59,
                72,
                73
            ],
            "entities": [
                "B-TissueType",
                "I-TissueType",
                "O",
                "O",
                "O",
                "O",
                "O",
                "B-Family",
                "O",
                "O",
                "O",
                "O"
            ],
            "graphs": {
                "stanford-basic": {
                    "edges": [
                        {
                            "destination": 0,
                            "relation": "amod",
                            "source": 1
                        },
                        {
                            "destination": 1,
                            "relation": "nsubj",
                            "source": 5
                        },
                        {
                            "destination": 2,
                            "relation": "cop",
                            "source": 5
                        },
                        {
                            "destination": 3,
                            "relation": "det",
                            "source": 5
                        },
                        {
                            "destination": 4,
                            "relation": "amod",
                            "source": 5
                        },
                        {
                            "destination": 6,
                            "relation": "prep",
                            "source": 5
                        },
                        {
                            "destination": 7,
                            "relation": "pobj",
                            "source": 6
                        },
                        {
                            "destination": 8,
                            "relation": "prep",
                            "source": 7
                        },
                        {
                            "destination": 10,
                            "relation": "pobj",
                            "source": 8
                        },
                        {
                            "destination": 9,
                            "relation": "amod",
                            "source": 10
                        }
                    ],
                    "roots": [
                        5
                    ]
                },
                "stanford-collapsed": {
                    "edges": [
                        {
                            "destination": 0,
                            "relation": "amod",
                            "source": 1
                        },
                        {
                            "destination": 1,
                            "relation": "nsubj",
                            "source": 5
                        },
                        {
                            "destination": 2,
                            "relation": "cop",
                            "source": 5
                        },
                        {
                            "destination": 3,
                            "relation": "det",
                            "source": 5
                        },
                        {
                            "destination": 4,
                            "relation": "amod",
                            "source": 5
                        },
                        {
                            "destination": 7,
                            "relation": "prep_of",
                            "source": 5
                        },
                        {
                            "destination": 10,
                            "relation": "prep_from",
                            "source": 7
                        },
                        {
                            "destination": 9,
                            "relation": "amod",
                            "source": 10
                        }
                    ],
                    "roots": [
                        5
                    ]
                }
            },
            "lemmas": [
                "ovarian",
                "cancer",
                "be",
                "a",
                "lead",
                "cause",
                "of",
                "death",
                "from",
                "gynecologic",
                "malignancy",
                "."
            ],
            "startOffsets": [
                0,
                8,
                15,
                18,
                20,
                28,
                34,
                37,
                43,
                48,
                60,
                72
            ],
            "tags": [
                "JJ",
                "NN",
                "VBZ",
                "DT",
                "VBG",
                "NN",
                "IN",
                "NN",
                "IN",
                "JJ",
                "NNS",
                "."
            ],
            "words": [
                "Ovarian",
                "cancer",
                "is",
                "a",
                "leading",
                "cause",
                "of",
                "death",
                "from",
                "gynecologic",
                "malignancies",
                "."
            ]
        },
        {
            "endOffsets": [
                83,
                87,
                102,
                110,
                118,
                126,
                130,
                131,
                134,
                139,
                140,
                149,
                159,
                164,
                169,
                182,
                191,
                192
            ],
            "entities": [
                "O",
                "O",
                "O",
                "O",
                "O",
                "O",
                "O",
                "O",
                "O",
                "O",
                "O",
                "O",
                "O",
                "O",
                "O",
                "O",
                "O",
                "O"
            ],
            "graphs": {
                "stanford-basic": {
                    "edges": [
                        {
                            "destination": 1,
                            "relation": "prep",
                            "source": 0
                        },
                        {
                            "destination": 3,
                            "relation": "pobj",
                            "source": 1
                        },
                        {
                            "destination": 2,
                            "relation": "amod",
                            "source": 3
                        },
                        {
                            "destination": 0,
                            "relation": "nsubj",
                            "source": 4
                        },
                        {
                            "destination": 5,
                            "relation": "acomp",
                            "source": 4
                        },
                        {
                            "destination": 6,
                            "relation": "cc",
                            "source": 4
                        },
                        {
                            "destination": 8,
                            "relation": "dep",
                            "source": 4
                        },
                        {
                            "destination": 11,
                            "relation": "conj",
                            "source": 4
                        },
                        {
                            "destination": 9,
                            "relation": "pobj",
                            "source": 8
                        },
                        {
                            "destination": 16,
                            "relation": "ccomp",
                            "source": 11
                        },
                        {
                            "destination": 15,
                            "relation": "advmod",
                            "source": 16
                        },
                        {
                            "destination": 12,
                            "relation": "nsubjpass",
                            "source": 16
                        },
                        {
                            "destination": 13,
                            "relation": "aux",
                            "source": 16
                        },
                        {
                            "destination": 14,
                            "relation": "auxpass",
                            "source": 16
                        }
                    ],
                    "roots": [
                        4
                    ]
                },
                "stanford-collapsed": {
                    "edges": [
                        {
                            "destination": 3,
                            "relation": "prep_for",
                            "source": 0
                        },
                        {
                            "destination": 2,
                            "relation": "amod",
                            "source": 3
                        },
                        {
                            "destination": 0,
                            "relation": "nsubj",
                            "source": 4
                        },
                        {
                            "destination": 5,
                            "relation": "acomp",
                            "source": 4
                        },
                        {
                            "destination": 8,
                            "relation": "dep",
                            "source": 4
                        },
                        {
                            "destination": 11,
                            "relation": "conj_and",
                            "source": 4
                        },
                        {
                            "destination": 9,
                            "relation": "pobj",
                            "source": 8
                        },
                        {
                            "destination": 0,
                            "relation": "nsubj",
                            "source": 11
                        },
                        {
                            "destination": 16,
                            "relation": "ccomp",
                            "source": 11
                        },
                        {
                            "destination": 15,
                            "relation": "advmod",
                            "source": 16
                        },
                        {
                            "destination": 12,
                            "relation": "nsubjpass",
                            "source": 16
                        },
                        {
                            "destination": 13,
                            "relation": "aux",
                            "source": 16
                        },
                        {
                            "destination": 14,
                            "relation": "auxpass",
                            "source": 16
                        }
                    ],
                    "roots": [
                        4
                    ]
                }
            },
            "lemmas": [
                "treatment",
                "for",
                "advanced-stage",
                "disease",
                "remain",
                "limited",
                "and",
                ",",
                "to",
                "date",
                ",",
                "target",
                "therapy",
                "have",
                "be",
                "incompletely",
                "explore",
                "."
            ],
            "startOffsets": [
                74,
                84,
                88,
                103,
                111,
                119,
                127,
                130,
                132,
                135,
                139,
                141,
                150,
                160,
                165,
                170,
                183,
                191
            ],
            "tags": [
                "NN",
                "IN",
                "JJ",
                "NN",
                "VBZ",
                "JJ",
                "CC",
                ",",
                "TO",
                "NN",
                ",",
                "VBN",
                "NNS",
                "VBP",
                "VBN",
                "RB",
                "VBN",
                "."
            ],
            "words": [
                "Treatment",
                "for",
                "advanced-stage",
                "disease",
                "remains",
                "limited",
                "and",
                ",",
                "to",
                "date",
                ",",
                "targeted",
                "therapies",
                "have",
                "been",
                "incompletely",
                "explored",
                "."
            ]
        },
        {
            "endOffsets": [
                195,
                210,
                222,
                227,
                233,
                242,
                249,
                252,
                260,
                267,
                272,
                278,
                281,
                286,
                287,
                290,
                296,
                301,
                304,
                314,
                321,
                333,
                338,
                348,
                353,
                357,
                367,
                373,
                382,
                385,
                388,
                395,
                398,
                406,
                414,
                422,
                426,
                434,
                441,
                446,
                452,
                453
            ],
            "entities": [
                "O",
                "O",
                "O",
                "O",
                "B-Species",
                "B-Site",
                "O",
                "O",
                "B-TissueType",
                "I-TissueType",
                "O",
                "O",
                "O",
                "O",
                "O",
                "O",
                "O",
                "O",
                "O",
                "O",
                "O",
                "O",
                "O",
                "O",
                "B-Gene_or_gene_product",
                "O",
                "O",
                "B-Gene_or_gene_product",
                "O",
                "O",
                "O",
                "O",
                "O",
                "O",
                "O",
                "O",
                "O",
                "B-TissueType",
                "I-TissueType",
                "O",
                "O",
                "O"
            ],
            "graphs": {
                "stanford-basic": {
                    "edges": [
                        {
                            "destination": 2,
                            "relation": "pcomp",
                            "source": 0
                        },
                        {
                            "destination": 1,
                            "relation": "advmod",
                            "source": 2
                        },
                        {
                            "destination": 6,
                            "relation": "dobj",
                            "source": 2
                        },
                        {
                            "destination": 12,
                            "relation": "prep",
                            "source": 2
                        },
                        {
                            "destination": 3,
                            "relation": "det",
                            "source": 6
                        },
                        {
                            "destination": 4,
                            "relation": "nn",
                            "source": 6
                        },
                        {
                            "destination": 5,
                            "relation": "nn",
                            "source": 6
                        },
                        {
                            "destination": 7,
                            "relation": "prep",
                            "source": 6
                        },
                        {
                            "destination": 11,
                            "relation": "pobj",
                            "source": 7
                        },
                        {
                            "destination": 8,
                            "relation": "amod",
                            "source": 11
                        },
                        {
                            "destination": 9,
                            "relation": "nn",
                            "source": 11
                        },
                        {
                            "destination": 10,
                            "relation": "nn",
                            "source": 11
                        },
                        {
                            "destination": 13,
                            "relation": "pobj",
                            "source": 12
                        },
                        {
                            "destination": 15,
                            "relation": "nsubj",
                            "source": 16
                        },
                        {
                            "destination": 0,
                            "relation": "prep",
                            "source": 16
                        },
                        {
                            "destination": 28,
                            "relation": "ccomp",
                            "source": 16
                        },
                        {
                            "destination": 18,
                            "relation": "det",
                            "source": 22
                        },
                        {
                            "destination": 19,
                            "relation": "amod",
                            "source": 22
                        },
                        {
                            "destination": 20,
                            "relation": "nn",
                            "source": 22
                        },
                        {
                            "destination": 21,
                            "relation": "nn",
                            "source": 22
                        },
                        {
                            "destination": 23,
                            "relation": "prep",
                            "source": 22
                        },
                        {
                            "destination": 24,
                            "relation": "pobj",
                            "source": 23
                        },
                        {
                            "destination": 25,
                            "relation": "cc",
                            "source": 24
                        },
                        {
                            "destination": 27,
                            "relation": "conj",
                            "source": 24
                        },
                        {
                            "destination": 26,
                            "relation": "amod",
                            "source": 27
                        },
                        {
                            "destination": 17,
                            "relation": "mark",
                            "source": 28
                        },
                        {
                            "destination": 22,
                            "relation": "nsubj",
                            "source": 28
                        },
                        {
                            "destination": 29,
                            "relation": "prep",
                            "source": 28
                        },
                        {
                            "destination": 31,
                            "relation": "pobj",
                            "source": 29
                        },
                        {
                            "destination": 32,
                            "relation": "prep",
                            "source": 31
                        },
                        {
                            "destination": 30,
                            "relation": "det",
                            "source": 31
                        },
                        {
                            "destination": 35,
                            "relation": "pobj",
                            "source": 32
                        },
                        {
                            "destination": 33,
                            "relation": "amod",
                            "source": 35
                        },
                        {
                            "destination": 34,
                            "relation": "amod",
                            "source": 35
                        },
                        {
                            "destination": 36,
                            "relation": "cc",
                            "source": 35
                        },
                        {
                            "destination": 40,
                            "relation": "conj",
                            "source": 35
                        },
                        {
                            "destination": 37,
                            "relation": "amod",
                            "source": 40
                        },
                        {
                            "destination": 38,
                            "relation": "nn",
                            "source": 40
                        },
                        {
                            "destination": 39,
                            "relation": "nn",
                            "source": 40
                        }
                    ],
                    "roots": [
                        16
                    ]
                },
                "stanford-collapsed": {
                    "edges": [
                        {
                            "destination": 1,
                            "relation": "advmod",
                            "source": 2
                        },
                        {
                            "destination": 6,
                            "relation": "dobj",
                            "source": 2
                        },
                        {
                            "destination": 13,
                            "relation": "prep_by",
                            "source": 2
                        },
                        {
                            "destination": 3,
                            "relation": "det",
                            "source": 6
                        },
                        {
                            "destination": 4,
                            "relation": "nn",
                            "source": 6
                        },
                        {
                            "destination": 5,
                            "relation": "nn",
                            "source": 6
                        },
                        {
                            "destination": 11,
                            "relation": "prep_in",
                            "source": 6
                        },
                        {
                            "destination": 8,
                            "relation": "amod",
                            "source": 11
                        },
                        {
                            "destination": 9,
                            "relation": "nn",
                            "source": 11
                        },
                        {
                            "destination": 10,
                            "relation": "nn",
                            "source": 11
                        },
                        {
                            "destination": 15,
                            "relation": "nsubj",
                            "source": 16
                        },
                        {
                            "destination": 2,
                            "relation": "prepc_by",
                            "source": 16
                        },
                        {
                            "destination": 28,
                            "relation": "ccomp",
                            "source": 16
                        },
                        {
                            "destination": 18,
                            "relation": "det",
                            "source": 22
                        },
                        {
                            "destination": 19,
                            "relation": "amod",
                            "source": 22
                        },
                        {
                            "destination": 20,
                            "relation": "nn",
                            "source": 22
                        },
                        {
                            "destination": 21,
                            "relation": "nn",
                            "source": 22
                        },
                        {
                            "destination": 24,
                            "relation": "prep_involving",
                            "source": 22
                        },
                        {
                            "destination": 27,
                            "relation": "prep_involving",
                            "source": 22
                        },
                        {
                            "destination": 27,
                            "relation": "conj_and",
                            "source": 24
                        },
                        {
                            "destination": 26,
                            "relation": "amod",
                            "source": 27
                        },
                        {
                            "destination": 31,
                            "relation": "prep_in",
                            "source": 28
                        },
                        {
                            "destination": 17,
                            "relation": "mark",
                            "source": 28
                        },
                        {
                            "destination": 22,
                            "relation": "nsubj",
                            "source": 28
                        },
                        {
                            "destination": 35,
                            "relation": "prep_of",
                            "source": 31
                        },
                        {
                            "destination": 40,
                            "relation": "prep_of",
                            "source": 31
                        },
                        {
                            "destination": 30,
                            "relation": "det",
                            "source": 31
                        },
                        {
                            "destination": 33,
                            "relation": "amod",
                            "source": 35
                        },
                        {
                            "destination": 34,
                            "relation": "amod",
                            "source": 35
                        },
                        {
                            "destination": 40,
                            "relation": "conj_and",
                            "source": 35
                        },
                        {
                            "destination": 37,
                            "relation": "amod",
                            "source": 40
                        },
                        {
                            "destination": 38,
                            "relation": "nn",
                            "source": 40
                        },
                        {
                            "destination": 39,
                            "relation": "nn",
                            "source": 40
                        }
                    ],
                    "roots": [
                        16
                    ]
                }
            },
            "lemmas": [
                "by",
                "systematically",
                "suppress",
                "each",
                "human",
                "tyrosine",
                "kinase",
                "in",
                "ovarian",
                "cancer",
                "cell",
                "line",
                "by",
                "RNAi",
                ",",
                "we",
                "find",
                "that",
                "a",
                "autocrine",
                "signal",
                "transducing",
                "loop",
                "involve",
                "nrg1",
                "and",
                "activate",
                "erbb3",
                "operate",
                "in",
                "a",
                "subset",
                "of",
                "primary",
                "ovarian",
                "cancer",
                "and",
                "ovarian",
                "cancer",
                "cell",
                "line",
                "."
            ],
            "startOffsets": [
                193,
                196,
                211,
                223,
                228,
                234,
                243,
                250,
                253,
                261,
                268,
                273,
                279,
                282,
                286,
                288,
                291,
                297,
                302,
                305,
                315,
                322,
                334,
                339,
                349,
                354,
                358,
                368,
                374,
                383,
                387,
                389,
                396,
                399,
                407,
                415,
                423,
                427,
                435,
                442,
                447,
                452
            ],
            "tags": [
                "IN",
                "RB",
                "VBG",
                "DT",
                "NN",
                "NN",
                "NN",
                "IN",
                "JJ",
                "NN",
                "NN",
                "NNS",
                "IN",
                "NNP",
                ",",
                "PRP",
                "VBD",
                "IN",
                "DT",
                "JJ",
                "NN",
                "NN",
                "NN",
                "VBG",
                "NN",
                "CC",
                "VBN",
                "NN",
                "VBZ",
                "IN",
                "DT",
                "NN",
                "IN",
                "JJ",
                "JJ",
                "NNS",
                "CC",
                "JJ",
                "NN",
                "NN",
                "NNS",
                "."
            ],
            "words": [
                "By",
                "systematically",
                "suppressing",
                "each",
                "human",
                "tyrosine",
                "kinase",
                "in",
                "ovarian",
                "cancer",
                "cell",
                "lines",
                "by",
                "RNAi",
                ",",
                "we",
                "found",
                "that",
                "an",
                "autocrine",
                "signal",
                "transducing",
                "loop",
                "involving",
                "NRG1",
                "and",
                "activated",
                "ErbB3",
                "operates",
                "in",
                "a",
                "subset",
                "of",
                "primary",
                "ovarian",
                "cancers",
                "and",
                "ovarian",
                "cancer",
                "cell",
                "lines",
                "."
            ]
        },
        {
            "endOffsets": [
                466,
                469,
                474,
                482,
                487,
                493,
                502,
                507,
                517,
                522,
                529,
                532,
                550,
                558,
                562,
                571,
                574,
                584,
                592,
                604,
                608,
                618,
                627,
                630,
                632,
                642,
                648,
                654,
                657,
                665,
                672,
                673
            ],
            "entities": [
                "O",
                "O",
                "O",
                "O",
                "O",
                "B-Gene_or_gene_product",
                "O",
                "O",
                "O",
                "B-BioProcess",
                "I-BioProcess",
                "O",
                "O",
                "O",
                "O",
                "O",
                "O",
                "O",
                "O",
                "O",
                "O",
                "O",
                "O",
                "O",
                "O",
                "O",
                "B-Species",
                "O",
                "O",
                "B-TissueType",
                "I-TissueType",
                "O"
            ],
            "graphs": {
                "stanford-basic": {
                    "edges": [
                        {
                            "destination": 1,
                            "relation": "prep",
                            "source": 0
                        },
                        {
                            "destination": 3,
                            "relation": "pobj",
                            "source": 1
                        },
                        {
                            "destination": 2,
                            "relation": "det",
                            "source": 3
                        },
                        {
                            "destination": 4,
                            "relation": "prep",
                            "source": 3
                        },
                        {
                            "destination": 5,
                            "relation": "pobj",
                            "source": 4
                        },
                        {
                            "destination": 0,
                            "relation": "nsubj",
                            "source": 6
                        },
                        {
                            "destination": 8,
                            "relation": "ccomp",
                            "source": 6
                        },
                        {
                            "destination": 15,
                            "relation": "conj",
                            "source": 8
                        },
                        {
                            "destination": 7,
                            "relation": "nsubj",
                            "source": 8
                        },
                        {
                            "destination": 10,
                            "relation": "dobj",
                            "source": 8
                        },
                        {
                            "destination": 11,
                            "relation": "prep",
                            "source": 8
                        },
                        {
                            "destination": 14,
                            "relation": "cc",
                            "source": 8
                        },
                        {
                            "destination": 9,
                            "relation": "nn",
                            "source": 10
                        },
                        {
                            "destination": 13,
                            "relation": "pobj",
                            "source": 11
                        },
                        {
                            "destination": 12,
                            "relation": "amod",
                            "source": 13
                        },
                        {
                            "destination": 16,
                            "relation": "prep",
                            "source": 15
                        },
                        {
                            "destination": 19,
                            "relation": "pobj",
                            "source": 16
                        },
                        {
                            "destination": 17,
                            "relation": "amod",
                            "source": 19
                        },
                        {
                            "destination": 18,
                            "relation": "nn",
                            "source": 19
                        },
                        {
                            "destination": 20,
                            "relation": "cc",
                            "source": 19
                        },
                        {
                            "destination": 22,
                            "relation": "conj",
                            "source": 19
                        },
                        {
                            "destination": 21,
                            "relation": "amod",
                            "source": 22
                        },
                        {
                            "destination": 23,
                            "relation": "prep",
                            "source": 22
                        },
                        {
                            "destination": 27,
                            "relation": "pobj",
                            "source": 23
                        },
                        {
                            "destination": 24,
                            "relation": "det",
                            "source": 27
                        },
                        {
                            "destination": 25,
                            "relation": "nn",
                            "source": 27
                        },
                        {
                            "destination": 26,
                            "relation": "nn",
                            "source": 27
                        },
                        {
                            "destination": 28,
                            "relation": "prep",
                            "source": 27
                        },
                        {
                            "destination": 30,
                            "relation": "pobj",
                            "source": 28
                        },
                        {
                            "destination": 29,
                            "relation": "amod",
                            "source": 30
                        }
                    ],
                    "roots": [
                        6
                    ]
                },
                "stanford-collapsed": {
                    "edges": [
                        {
                            "destination": 3,
                            "relation": "prep_of",
                            "source": 0
                        },
                        {
                            "destination": 2,
                            "relation": "det",
                            "source": 3
                        },
                        {
                            "destination": 5,
                            "relation": "prep_with",
                            "source": 3
                        },
                        {
                            "destination": 15,
                            "relation": "ccomp",
                            "source": 6
                        },
                        {
                            "destination": 0,
                            "relation": "nsubj",
                            "source": 6
                        },
                        {
                            "destination": 8,
                            "relation": "ccomp",
                            "source": 6
                        },
                        {
                            "destination": 15,
                            "relation": "conj_and",
                            "source": 8
                        },
                        {
                            "destination": 7,
                            "relation": "nsubj",
                            "source": 8
                        },
                        {
                            "destination": 10,
                            "relation": "dobj",
                            "source": 8
                        },
                        {
                            "destination": 13,
                            "relation": "prep_in",
                            "source": 8
                        },
                        {
                            "destination": 9,
                            "relation": "nn",
                            "source": 10
                        },
                        {
                            "destination": 12,
                            "relation": "amod",
                            "source": 13
                        },
                        {
                            "destination": 19,
                            "relation": "prep_in",
                            "source": 15
                        },
                        {
                            "destination": 22,
                            "relation": "prep_in",
                            "source": 15
                        },
                        {
                            "destination": 7,
                            "relation": "nsubj",
                            "source": 15
                        },
                        {
                            "destination": 17,
                            "relation": "amod",
                            "source": 19
                        },
                        {
                            "destination": 18,
                            "relation": "nn",
                            "source": 19
                        },
                        {
                            "destination": 22,
                            "relation": "conj_and",
                            "source": 19
                        },
                        {
                            "destination": 21,
                            "relation": "amod",
                            "source": 22
                        },
                        {
                            "destination": 27,
                            "relation": "prep_in",
                            "source": 22
                        },
                        {
                            "destination": 24,
                            "relation": "det",
                            "source": 27
                        },
                        {
                            "destination": 25,
                            "relation": "nn",
                            "source": 27
                        },
                        {
                            "destination": 26,
                            "relation": "nn",
                            "source": 27
                        },
                        {
                            "destination": 30,
                            "relation": "prep_of",
                            "source": 27
                        },
                        {
                            "destination": 29,
                            "relation": "amod",
                            "source": 30
                        }
                    ],
                    "roots": [
                        6
                    ]
                }
            },
            "lemmas": [
                "perturbation",
                "of",
                "this",
                "circuit",
                "with",
                "erbb3",
                "direct",
                "RNAi",
                "decrease",
                "cell",
                "growth",
                "in",
                "three-dimensional",
                "culture",
                "and",
                "result",
                "in",
                "decrease",
                "disease",
                "progression",
                "and",
                "prolonged",
                "survival",
                "in",
                "a",
                "xenograft",
                "mouse",
                "model",
                "of",
                "ovarian",
                "cancer",
                "."
            ],
            "startOffsets": [
                454,
                467,
                470,
                475,
                483,
                488,
                494,
                503,
                508,
                518,
                523,
                530,
                533,
                551,
                559,
                563,
                572,
                575,
                585,
                593,
                605,
                609,
                619,
                628,
                631,
                633,
                643,
                649,
                655,
                658,
                666,
                672
            ],
            "tags": [
                "NN",
                "IN",
                "DT",
                "NN",
                "IN",
                "NN",
                "VBD",
                "NNP",
                "VBD",
                "NN",
                "NN",
                "IN",
                "JJ",
                "NN",
                "CC",
                "VBD",
                "IN",
                "VBN",
                "NN",
                "NN",
                "CC",
                "JJ",
                "NN",
                "IN",
                "DT",
                "NN",
                "NN",
                "NN",
                "IN",
                "JJ",
                "NN",
                "."
            ],
            "words": [
                "Perturbation",
                "of",
                "this",
                "circuit",
                "with",
                "ErbB3",
                "directed",
                "RNAi",
                "decreased",
                "cell",
                "growth",
                "in",
                "three-dimensional",
                "culture",
                "and",
                "resulted",
                "in",
                "decreased",
                "disease",
                "progression",
                "and",
                "prolonged",
                "survival",
                "in",
                "a",
                "xenograft",
                "mouse",
                "model",
                "of",
                "ovarian",
                "cancer",
                "."
            ]
        },
        {
            "endOffsets": [
                685,
                686,
                688,
                699,
                705,
                714,
                723,
                725,
                731,
                732,
                737,
                751,
                761,
                767,
                774,
                777,
                782,
                783
            ],
            "entities": [
                "O",
                "O",
                "O",
                "O",
                "B-Gene_or_gene_product",
                "O",
                "O",
                "O",
                "B-Gene_or_gene_product",
                "O",
                "O",
                "O",
                "O",
                "O",
                "O",
                "O",
                "O",
                "O"
            ],
            "graphs": {
                "stanford-basic": {
                    "edges": [
                        {
                            "destination": 2,
                            "relation": "det",
                            "source": 4
                        },
                        {
                            "destination": 3,
                            "relation": "amod",
                            "source": 4
                        },
                        {
                            "destination": 0,
                            "relation": "advmod",
                            "source": 5
                        },
                        {
                            "destination": 4,
                            "relation": "nsubj",
                            "source": 5
                        },
                        {
                            "destination": 12,
                            "relation": "ccomp",
                            "source": 5
                        },
                        {
                            "destination": 8,
                            "relation": "appos",
                            "source": 6
                        },
                        {
                            "destination": 6,
                            "relation": "nsubj",
                            "source": 12
                        },
                        {
                            "destination": 10,
                            "relation": "advmod",
                            "source": 12
                        },
                        {
                            "destination": 11,
                            "relation": "advmod",
                            "source": 12
                        },
                        {
                            "destination": 14,
                            "relation": "dobj",
                            "source": 12
                        },
                        {
                            "destination": 15,
                            "relation": "prep",
                            "source": 14
                        },
                        {
                            "destination": 13,
                            "relation": "nn",
                            "source": 14
                        },
                        {
                            "destination": 16,
                            "relation": "pobj",
                            "source": 15
                        }
                    ],
                    "roots": [
                        5
                    ]
                },
                "stanford-collapsed": {
                    "edges": [
                        {
                            "destination": 2,
                            "relation": "det",
                            "source": 4
                        },
                        {
                            "destination": 3,
                            "relation": "amod",
                            "source": 4
                        },
                        {
                            "destination": 0,
                            "relation": "advmod",
                            "source": 5
                        },
                        {
                            "destination": 4,
                            "relation": "nsubj",
                            "source": 5
                        },
                        {
                            "destination": 12,
                            "relation": "ccomp",
                            "source": 5
                        },
                        {
                            "destination": 8,
                            "relation": "appos",
                            "source": 6
                        },
                        {
                            "destination": 6,
                            "relation": "nsubj",
                            "source": 12
                        },
                        {
                            "destination": 10,
                            "relation": "advmod",
                            "source": 12
                        },
                        {
                            "destination": 11,
                            "relation": "advmod",
                            "source": 12
                        },
                        {
                            "destination": 14,
                            "relation": "dobj",
                            "source": 12
                        },
                        {
                            "destination": 15,
                            "relation": "prep",
                            "source": 14
                        },
                        {
                            "destination": 13,
                            "relation": "nn",
                            "source": 14
                        },
                        {
                            "destination": 16,
                            "relation": "pobj",
                            "source": 15
                        }
                    ],
                    "roots": [
                        5
                    ]
                }
            },
            "lemmas": [
                "furthermore",
                ",",
                "a",
                "monoclonal",
                "erbb3",
                "direct",
                "antibody",
                "(",
                "mm-121",
                ")",
                "also",
                "significantly",
                "inhibit",
                "tumor",
                "growth",
                "in",
                "vivo",
                "."
            ],
            "startOffsets": [
                674,
                685,
                687,
                689,
                700,
                706,
                715,
                724,
                725,
                731,
                733,
                738,
                752,
                762,
                768,
                775,
                778,
                782
            ],
            "tags": [
                "RB",
                ",",
                "DT",
                "JJ",
                "NN",
                "VBD",
                "NN",
                "-LRB-",
                "NN",
                "-RRB-",
                "RB",
                "RB",
                "VBD",
                "NN",
                "NN",
                "FW",
                "FW",
                "."
            ],
            "words": [
                "Furthermore",
                ",",
                "a",
                "monoclonal",
                "ErbB3",
                "directed",
                "antibody",
                "(",
                "MM-121",
                ")",
                "also",
                "significantly",
                "inhibited",
                "tumor",
                "growth",
                "in",
                "vivo",
                "."
            ]
        },
        {
            "endOffsets": [
                789,
                798,
                807,
                813,
                816,
                818,
                828,
                840,
                847,
                850,
                858,
                865,
                866
            ],
            "entities": [
                "O",
                "O",
                "O",
                "B-Gene_or_gene_product",
                "O",
                "O",
                "O",
                "O",
                "O",
                "O",
                "B-TissueType",
                "I-TissueType",
                "O"
            ],
            "graphs": {
                "stanford-basic": {
                    "edges": [
                        {
                            "destination": 0,
                            "relation": "det",
                            "source": 1
                        },
                        {
                            "destination": 1,
                            "relation": "nsubj",
                            "source": 2
                        },
                        {
                            "destination": 3,
                            "relation": "dobj",
                            "source": 2
                        },
                        {
                            "destination": 4,
                            "relation": "prep",
                            "source": 2
                        },
                        {
                            "destination": 8,
                            "relation": "pobj",
                            "source": 4
                        },
                        {
                            "destination": 5,
                            "relation": "det",
                            "source": 8
                        },
                        {
                            "destination": 6,
                            "relation": "amod",
                            "source": 8
                        },
                        {
                            "destination": 7,
                            "relation": "amod",
                            "source": 8
                        },
                        {
                            "destination": 9,
                            "relation": "prep",
                            "source": 8
                        },
                        {
                            "destination": 11,
                            "relation": "pobj",
                            "source": 9
                        },
                        {
                            "destination": 10,
                            "relation": "amod",
                            "source": 11
                        }
                    ],
                    "roots": [
                        2
                    ]
                },
                "stanford-collapsed": {
                    "edges": [
                        {
                            "destination": 0,
                            "relation": "det",
                            "source": 1
                        },
                        {
                            "destination": 1,
                            "relation": "nsubj",
                            "source": 2
                        },
                        {
                            "destination": 3,
                            "relation": "dobj",
                            "source": 2
                        },
                        {
                            "destination": 8,
                            "relation": "prep_as",
                            "source": 2
                        },
                        {
                            "destination": 5,
                            "relation": "det",
                            "source": 8
                        },
                        {
                            "destination": 6,
                            "relation": "amod",
                            "source": 8
                        },
                        {
                            "destination": 7,
                            "relation": "amod",
                            "source": 8
                        },
                        {
                            "destination": 11,
                            "relation": "prep_in",
                            "source": 8
                        },
                        {
                            "destination": 10,
                            "relation": "amod",
                            "source": 11
                        }
                    ],
                    "roots": [
                        2
                    ]
                }
            },
            "lemmas": [
                "these",
                "finding",
                "identify",
                "erbb3",
                "as",
                "a",
                "potential",
                "therapeutic",
                "target",
                "in",
                "ovarian",
                "cancer",
                "."
            ],
            "startOffsets": [
                784,
                790,
                799,
                808,
                814,
                817,
                819,
                829,
                841,
                848,
                851,
                859,
                865
            ],
            "tags": [
                "DT",
                "NNS",
                "VBP",
                "NN",
                "IN",
                "DT",
                "JJ",
                "JJ",
                "NN",
                "IN",
                "JJ",
                "NN",
                "."
            ],
            "words": [
                "These",
                "findings",
                "identify",
                "ErbB3",
                "as",
                "a",
                "potential",
                "therapeutic",
                "target",
                "in",
                "ovarian",
                "cancer",
                "."
            ]
        }
    ],
    "text": "Ovarian cancer is a leading cause of death from gynecologic malignancies.\nTreatment for advanced-stage disease remains limited and, to date, targeted\ntherapies have been incompletely explored. By systematically suppressing each\nhuman tyrosine kinase in ovarian cancer cell lines by RNAi, we found that an\nautocrine signal-transducing loop involving NRG1 and activated ErbB3 operates in \na subset of primary ovarian cancers and ovarian cancer cell lines. Perturbation\nof this circuit with ErbB3-directed RNAi decreased cell growth in\nthree-dimensional culture and resulted in decreased disease progression and\nprolonged survival in a xenograft mouse model of ovarian cancer. Furthermore, a\nmonoclonal ErbB3-directed antibody (MM-121) also significantly inhibited tumor\ngrowth in vivo. These findings identify ErbB3 as a potential therapeutic target\nin ovarian cancer."
}