{
    "id": "20538800",
    "sentences": [
        {
            "endOffsets": [
                7,
                17,
                20,
                31,
                45,
                47,
                51,
                53,
                55,
                59,
                63,
                68,
                69,
                74,
                83,
                96,
                99,
                105,
                113,
                122,
                124,
                127,
                128,
                129,
                133,
                139,
                150,
                154,
                165,
                172,
                179,
                182,
                185,
                194,
                197,
                203,
                215,
                229,
                233,
                240,
                241,
                245,
                250,
                253,
                261,
                267,
                279,
                292,
                293
            ],
            "entities": [
                "O",
                "O",
                "O",
                "B-Simple_chemical",
                "O",
                "O",
                "O",
                "O",
                "O",
                "B-Gene_or_gene_product",
                "O",
                "B-Gene_or_gene_product",
                "O",
                "O",
                "O",
                "O",
                "O",
                "O",
                "B-TissueType",
                "I-TissueType",
                "O",
                "O",
                "O",
                "O",
                "O",
                "O",
                "O",
                "O",
                "O",
                "B-Gene_or_gene_product",
                "O",
                "O",
                "O",
                "O",
                "O",
                "O",
                "O",
                "O",
                "B-Gene_or_gene_product",
                "I-Gene_or_gene_product",
                "O",
                "O",
                "O",
                "O",
                "O",
                "O",
                "O",
                "O",
                "O"
            ],
            "graphs": {
                "stanford-basic": {
                    "edges": [
                        {
                            "destination": 0,
                            "relation": "amod",
                            "source": 1
                        },
                        {
                            "destination": 2,
                            "relation": "prep",
                            "source": 1
                        },
                        {
                            "destination": 6,
                            "relation": "cc",
                            "source": 1
                        },
                        {
                            "destination": 7,
                            "relation": "conj",
                            "source": 1
                        },
                        {
                            "destination": 4,
                            "relation": "pobj",
                            "source": 2
                        },
                        {
                            "destination": 3,
                            "relation": "nn",
                            "source": 4
                        },
                        {
                            "destination": 5,
                            "relation": "num",
                            "source": 4
                        },
                        {
                            "destination": 9,
                            "relation": "dep",
                            "source": 7
                        },
                        {
                            "destination": 10,
                            "relation": "cc",
                            "source": 9
                        },
                        {
                            "destination": 11,
                            "relation": "conj",
                            "source": 9
                        },
                        {
                            "destination": 16,
                            "relation": "prep",
                            "source": 15
                        },
                        {
                            "destination": 1,
                            "relation": "nsubjpass",
                            "source": 15
                        },
                        {
                            "destination": 24,
                            "relation": "cc",
                            "source": 15
                        },
                        {
                            "destination": 13,
                            "relation": "auxpass",
                            "source": 15
                        },
                        {
                            "destination": 14,
                            "relation": "advmod",
                            "source": 15
                        },
                        {
                            "destination": 30,
                            "relation": "conj",
                            "source": 15
                        },
                        {
                            "destination": 19,
                            "relation": "pobj",
                            "source": 16
                        },
                        {
                            "destination": 17,
                            "relation": "amod",
                            "source": 18
                        },
                        {
                            "destination": 18,
                            "relation": "amod",
                            "source": 19
                        },
                        {
                            "destination": 21,
                            "relation": "appos",
                            "source": 19
                        },
                        {
                            "destination": 25,
                            "relation": "poss",
                            "source": 26
                        },
                        {
                            "destination": 27,
                            "relation": "cc",
                            "source": 26
                        },
                        {
                            "destination": 29,
                            "relation": "conj",
                            "source": 26
                        },
                        {
                            "destination": 28,
                            "relation": "amod",
                            "source": 29
                        },
                        {
                            "destination": 33,
                            "relation": "xcomp",
                            "source": 30
                        },
                        {
                            "destination": 26,
                            "relation": "nsubj",
                            "source": 30
                        },
                        {
                            "destination": 31,
                            "relation": "aux",
                            "source": 33
                        },
                        {
                            "destination": 32,
                            "relation": "auxpass",
                            "source": 33
                        },
                        {
                            "destination": 34,
                            "relation": "prep",
                            "source": 33
                        },
                        {
                            "destination": 35,
                            "relation": "pobj",
                            "source": 34
                        },
                        {
                            "destination": 41,
                            "relation": "cc",
                            "source": 34
                        },
                        {
                            "destination": 43,
                            "relation": "conj",
                            "source": 34
                        },
                        {
                            "destination": 37,
                            "relation": "vmod",
                            "source": 35
                        },
                        {
                            "destination": 36,
                            "relation": "advmod",
                            "source": 37
                        },
                        {
                            "destination": 39,
                            "relation": "dobj",
                            "source": 37
                        },
                        {
                            "destination": 38,
                            "relation": "nn",
                            "source": 39
                        },
                        {
                            "destination": 47,
                            "relation": "pobj",
                            "source": 43
                        },
                        {
                            "destination": 42,
                            "relation": "advmod",
                            "source": 43
                        },
                        {
                            "destination": 44,
                            "relation": "amod",
                            "source": 47
                        },
                        {
                            "destination": 45,
                            "relation": "amod",
                            "source": 47
                        },
                        {
                            "destination": 46,
                            "relation": "amod",
                            "source": 47
                        }
                    ],
                    "roots": [
                        15
                    ]
                },
                "stanford-collapsed": {
                    "edges": [
                        {
                            "destination": 0,
                            "relation": "amod",
                            "source": 1
                        },
                        {
                            "destination": 4,
                            "relation": "prep_in",
                            "source": 1
                        },
                        {
                            "destination": 7,
                            "relation": "conj_and",
                            "source": 1
                        },
                        {
                            "destination": 3,
                            "relation": "nn",
                            "source": 4
                        },
                        {
                            "destination": 5,
                            "relation": "num",
                            "source": 4
                        },
                        {
                            "destination": 9,
                            "relation": "dep",
                            "source": 7
                        },
                        {
                            "destination": 11,
                            "relation": "dep",
                            "source": 7
                        },
                        {
                            "destination": 11,
                            "relation": "conj_and",
                            "source": 9
                        },
                        {
                            "destination": 1,
                            "relation": "nsubjpass",
                            "source": 15
                        },
                        {
                            "destination": 19,
                            "relation": "prep_in",
                            "source": 15
                        },
                        {
                            "destination": 7,
                            "relation": "nsubjpass",
                            "source": 15
                        },
                        {
                            "destination": 13,
                            "relation": "auxpass",
                            "source": 15
                        },
                        {
                            "destination": 14,
                            "relation": "advmod",
                            "source": 15
                        },
                        {
                            "destination": 30,
                            "relation": "conj_but",
                            "source": 15
                        },
                        {
                            "destination": 17,
                            "relation": "amod",
                            "source": 18
                        },
                        {
                            "destination": 18,
                            "relation": "amod",
                            "source": 19
                        },
                        {
                            "destination": 21,
                            "relation": "appos",
                            "source": 19
                        },
                        {
                            "destination": 25,
                            "relation": "poss",
                            "source": 26
                        },
                        {
                            "destination": 29,
                            "relation": "conj_and",
                            "source": 26
                        },
                        {
                            "destination": 28,
                            "relation": "amod",
                            "source": 29
                        },
                        {
                            "destination": 33,
                            "relation": "xcomp",
                            "source": 30
                        },
                        {
                            "destination": 26,
                            "relation": "nsubj",
                            "source": 30
                        },
                        {
                            "destination": 29,
                            "relation": "nsubj",
                            "source": 30
                        },
                        {
                            "destination": 31,
                            "relation": "aux",
                            "source": 33
                        },
                        {
                            "destination": 47,
                            "relation": "prep_in",
                            "source": 33
                        },
                        {
                            "destination": 32,
                            "relation": "auxpass",
                            "source": 33
                        },
                        {
                            "destination": 35,
                            "relation": "prep_in",
                            "source": 33
                        },
                        {
                            "destination": 42,
                            "relation": "advmod",
                            "source": 33
                        },
                        {
                            "destination": 47,
                            "relation": "conj_and",
                            "source": 35
                        },
                        {
                            "destination": 37,
                            "relation": "vmod",
                            "source": 35
                        },
                        {
                            "destination": 36,
                            "relation": "advmod",
                            "source": 37
                        },
                        {
                            "destination": 39,
                            "relation": "dobj",
                            "source": 37
                        },
                        {
                            "destination": 38,
                            "relation": "nn",
                            "source": 39
                        },
                        {
                            "destination": 44,
                            "relation": "amod",
                            "source": 47
                        },
                        {
                            "destination": 45,
                            "relation": "amod",
                            "source": 47
                        },
                        {
                            "destination": 46,
                            "relation": "amod",
                            "source": 47
                        }
                    ],
                    "roots": [
                        15
                    ]
                }
            },
            "lemmas": [
                "somatic",
                "mutation",
                "in",
                "isocitrate",
                "dehydrogenase",
                "1",
                "and",
                "2",
                "(",
                "idh1",
                "and",
                "idh2",
                ")",
                "be",
                "recently",
                "demonstrate",
                "in",
                "acute",
                "myeloid",
                "leukemia",
                "(",
                "aml",
                ")",
                ",",
                "but",
                "they",
                "prevalence",
                "and",
                "prognostic",
                "impact",
                "remain",
                "to",
                "be",
                "explore",
                "in",
                "large",
                "extensively",
                "characterize",
                "aml",
                "series",
                ",",
                "and",
                "also",
                "in",
                "various",
                "other",
                "hematologic",
                "malignancy",
                "."
            ],
            "startOffsets": [
                0,
                8,
                18,
                21,
                32,
                46,
                48,
                52,
                54,
                55,
                60,
                64,
                68,
                70,
                75,
                84,
                97,
                100,
                106,
                114,
                123,
                124,
                127,
                128,
                130,
                134,
                140,
                151,
                155,
                166,
                173,
                180,
                183,
                186,
                195,
                198,
                204,
                216,
                230,
                234,
                240,
                242,
                246,
                251,
                254,
                262,
                268,
                280,
                292
            ],
            "tags": [
                "JJ",
                "NNS",
                "IN",
                "NN",
                "NN",
                "CD",
                "CC",
                "CD",
                "-LRB-",
                "NN",
                "CC",
                "NN",
                "-RRB-",
                "VBD",
                "RB",
                "VBN",
                "IN",
                "JJ",
                "JJ",
                "NN",
                "-LRB-",
                "NN",
                "-RRB-",
                ",",
                "CC",
                "PRP$",
                "NN",
                "CC",
                "JJ",
                "NN",
                "VBP",
                "TO",
                "VB",
                "VBN",
                "IN",
                "JJ",
                "RB",
                "VBN",
                "NN",
                "NN",
                ",",
                "CC",
                "RB",
                "IN",
                "JJ",
                "JJ",
                "JJ",
                "NNS",
                "."
            ],
            "words": [
                "Somatic",
                "mutations",
                "in",
                "isocitrate",
                "dehydrogenase",
                "1",
                "and",
                "2",
                "(",
                "IDH1",
                "and",
                "IDH2",
                ")",
                "were",
                "recently",
                "demonstrated",
                "in",
                "acute",
                "myeloid",
                "leukemia",
                "(",
                "AML",
                ")",
                ",",
                "but",
                "their",
                "prevalence",
                "and",
                "prognostic",
                "impact",
                "remain",
                "to",
                "be",
                "explored",
                "in",
                "large",
                "extensively",
                "characterized",
                "AML",
                "series",
                ",",
                "and",
                "also",
                "in",
                "various",
                "other",
                "hematologic",
                "malignancies",
                "."
            ]
        },
        {
            "endOffsets": [
                298,
                299,
                302,
                314,
                318,
                322,
                328,
                338,
                344,
                347,
                351,
                361,
                364,
                368,
                373,
                375,
                376,
                377,
                378,
                382,
                387,
                389,
                391,
                392,
                393,
                399,
                400
            ],
            "entities": [
                "O",
                "O",
                "O",
                "O",
                "O",
                "O",
                "O",
                "O",
                "O",
                "O",
                "B-Gene_or_gene_product",
                "I-Gene_or_gene_product",
                "O",
                "O",
                "B-Gene_or_gene_product",
                "O",
                "O",
                "O",
                "O",
                "O",
                "B-Gene_or_gene_product",
                "O",
                "O",
                "O",
                "O",
                "O",
                "O"
            ],
            "graphs": {
                "stanford-basic": {
                    "edges": [
                        {
                            "destination": 0,
                            "relation": "advmod",
                            "source": 3
                        },
                        {
                            "destination": 2,
                            "relation": "nsubj",
                            "source": 3
                        },
                        {
                            "destination": 4,
                            "relation": "prep",
                            "source": 3
                        },
                        {
                            "destination": 8,
                            "relation": "pobj",
                            "source": 4
                        },
                        {
                            "destination": 5,
                            "relation": "num",
                            "source": 8
                        },
                        {
                            "destination": 6,
                            "relation": "advmod",
                            "source": 8
                        },
                        {
                            "destination": 7,
                            "relation": "amod",
                            "source": 8
                        },
                        {
                            "destination": 9,
                            "relation": "prep",
                            "source": 8
                        },
                        {
                            "destination": 11,
                            "relation": "pobj",
                            "source": 9
                        },
                        {
                            "destination": 19,
                            "relation": "cc",
                            "source": 11
                        },
                        {
                            "destination": 20,
                            "relation": "conj",
                            "source": 11
                        },
                        {
                            "destination": 10,
                            "relation": "nn",
                            "source": 11
                        },
                        {
                            "destination": 12,
                            "relation": "prep",
                            "source": 11
                        },
                        {
                            "destination": 14,
                            "relation": "pobj",
                            "source": 12
                        },
                        {
                            "destination": 17,
                            "relation": "appos",
                            "source": 14
                        },
                        {
                            "destination": 13,
                            "relation": "det",
                            "source": 14
                        },
                        {
                            "destination": 16,
                            "relation": "num",
                            "source": 17
                        },
                        {
                            "destination": 23,
                            "relation": "appos",
                            "source": 20
                        },
                        {
                            "destination": 25,
                            "relation": "dep",
                            "source": 20
                        },
                        {
                            "destination": 22,
                            "relation": "num",
                            "source": 23
                        }
                    ],
                    "roots": [
                        3
                    ]
                },
                "stanford-collapsed": {
                    "edges": [
                        {
                            "destination": 0,
                            "relation": "advmod",
                            "source": 3
                        },
                        {
                            "destination": 2,
                            "relation": "nsubj",
                            "source": 3
                        },
                        {
                            "destination": 8,
                            "relation": "prep_in",
                            "source": 3
                        },
                        {
                            "destination": 20,
                            "relation": "prep_of",
                            "source": 8
                        },
                        {
                            "destination": 5,
                            "relation": "num",
                            "source": 8
                        },
                        {
                            "destination": 6,
                            "relation": "advmod",
                            "source": 8
                        },
                        {
                            "destination": 7,
                            "relation": "amod",
                            "source": 8
                        },
                        {
                            "destination": 11,
                            "relation": "prep_of",
                            "source": 8
                        },
                        {
                            "destination": 20,
                            "relation": "conj_and",
                            "source": 11
                        },
                        {
                            "destination": 10,
                            "relation": "nn",
                            "source": 11
                        },
                        {
                            "destination": 14,
                            "relation": "prep_in",
                            "source": 11
                        },
                        {
                            "destination": 17,
                            "relation": "appos",
                            "source": 14
                        },
                        {
                            "destination": 13,
                            "relation": "det",
                            "source": 14
                        },
                        {
                            "destination": 16,
                            "relation": "num",
                            "source": 17
                        },
                        {
                            "destination": 23,
                            "relation": "appos",
                            "source": 20
                        },
                        {
                            "destination": 25,
                            "relation": "dep",
                            "source": 20
                        },
                        {
                            "destination": 22,
                            "relation": "num",
                            "source": 23
                        }
                    ],
                    "roots": [
                        3
                    ]
                }
            },
            "lemmas": [
                "here",
                ",",
                "we",
                "demonstrate",
                "in",
                "893",
                "newly",
                "diagnose",
                "case",
                "of",
                "aml",
                "mutation",
                "in",
                "the",
                "idh1",
                "(",
                "6",
                "%",
                ")",
                "and",
                "idh2",
                "(",
                "11",
                "%",
                ")",
                "gene",
                "."
            ],
            "startOffsets": [
                294,
                298,
                300,
                303,
                316,
                319,
                323,
                329,
                339,
                345,
                348,
                352,
                362,
                365,
                369,
                374,
                375,
                376,
                377,
                379,
                383,
                388,
                389,
                391,
                392,
                394,
                399
            ],
            "tags": [
                "RB",
                ",",
                "PRP",
                "VBP",
                "IN",
                "CD",
                "RB",
                "VBN",
                "NNS",
                "IN",
                "NN",
                "NNS",
                "IN",
                "DT",
                "NN",
                "-LRB-",
                "CD",
                "NN",
                "-RRB-",
                "CC",
                "NN",
                "-LRB-",
                "CD",
                "NN",
                "-RRB-",
                "NNS",
                "."
            ],
            "words": [
                "Here",
                ",",
                "we",
                "demonstrate",
                "in",
                "893",
                "newly",
                "diagnosed",
                "cases",
                "of",
                "AML",
                "mutations",
                "in",
                "the",
                "IDH1",
                "(",
                "6",
                "%",
                ")",
                "and",
                "IDH2",
                "(",
                "11",
                "%",
                ")",
                "genes",
                "."
            ]
        },
        {
            "endOffsets": [
                409,
                410,
                413,
                424,
                428,
                438,
                441,
                443,
                448,
                454,
                473,
                484,
                486,
                487,
                489,
                492,
                493,
                494,
                496,
                503,
                508,
                511,
                517,
                531,
                540,
                542,
                543,
                545,
                548,
                549,
                550,
                554,
                560,
                563,
                571,
                579,
                589,
                591,
                592,
                594,
                597,
                598,
                599
            ],
            "entities": [
                "O",
                "O",
                "O",
                "O",
                "B-Gene_or_gene_product",
                "O",
                "O",
                "O",
                "B-Gene_or_gene_product",
                "O",
                "O",
                "O",
                "O",
                "O",
                "O",
                "O",
                "O",
                "O",
                "O",
                "O",
                "O",
                "O",
                "O",
                "O",
                "B-TissueType",
                "O",
                "O",
                "O",
                "O",
                "O",
                "O",
                "O",
                "O",
                "O",
                "O",
                "O",
                "O",
                "O",
                "O",
                "O",
                "O",
                "O",
                "O"
            ],
            "graphs": {
                "stanford-basic": {
                    "edges": [
                        {
                            "destination": 0,
                            "relation": "advmod",
                            "source": 3
                        },
                        {
                            "destination": 2,
                            "relation": "nsubj",
                            "source": 3
                        },
                        {
                            "destination": 5,
                            "relation": "dobj",
                            "source": 3
                        },
                        {
                            "destination": 31,
                            "relation": "cc",
                            "source": 5
                        },
                        {
                            "destination": 32,
                            "relation": "conj",
                            "source": 5
                        },
                        {
                            "destination": 4,
                            "relation": "nn",
                            "source": 5
                        },
                        {
                            "destination": 20,
                            "relation": "conj",
                            "source": 5
                        },
                        {
                            "destination": 6,
                            "relation": "prep",
                            "source": 5
                        },
                        {
                            "destination": 11,
                            "relation": "pobj",
                            "source": 6
                        },
                        {
                            "destination": 8,
                            "relation": "nn",
                            "source": 9
                        },
                        {
                            "destination": 7,
                            "relation": "num",
                            "source": 11
                        },
                        {
                            "destination": 9,
                            "relation": "nn",
                            "source": 11
                        },
                        {
                            "destination": 10,
                            "relation": "amod",
                            "source": 11
                        },
                        {
                            "destination": 14,
                            "relation": "dep",
                            "source": 11
                        },
                        {
                            "destination": 15,
                            "relation": "dep",
                            "source": 14
                        },
                        {
                            "destination": 13,
                            "relation": "dep",
                            "source": 14
                        },
                        {
                            "destination": 18,
                            "relation": "det",
                            "source": 20
                        },
                        {
                            "destination": 19,
                            "relation": "amod",
                            "source": 20
                        },
                        {
                            "destination": 21,
                            "relation": "prep",
                            "source": 20
                        },
                        {
                            "destination": 24,
                            "relation": "pobj",
                            "source": 21
                        },
                        {
                            "destination": 22,
                            "relation": "amod",
                            "source": 23
                        },
                        {
                            "destination": 23,
                            "relation": "amod",
                            "source": 24
                        },
                        {
                            "destination": 27,
                            "relation": "dep",
                            "source": 24
                        },
                        {
                            "destination": 26,
                            "relation": "dep",
                            "source": 27
                        },
                        {
                            "destination": 28,
                            "relation": "dep",
                            "source": 27
                        },
                        {
                            "destination": 33,
                            "relation": "prep",
                            "source": 32
                        },
                        {
                            "destination": 36,
                            "relation": "pobj",
                            "source": 33
                        },
                        {
                            "destination": 34,
                            "relation": "amod",
                            "source": 36
                        },
                        {
                            "destination": 35,
                            "relation": "amod",
                            "source": 36
                        },
                        {
                            "destination": 39,
                            "relation": "dep",
                            "source": 36
                        },
                        {
                            "destination": 38,
                            "relation": "dep",
                            "source": 39
                        },
                        {
                            "destination": 40,
                            "relation": "dep",
                            "source": 39
                        }
                    ],
                    "roots": [
                        3
                    ]
                },
                "stanford-collapsed": {
                    "edges": [
                        {
                            "destination": 0,
                            "relation": "advmod",
                            "source": 3
                        },
                        {
                            "destination": 32,
                            "relation": "dobj",
                            "source": 3
                        },
                        {
                            "destination": 2,
                            "relation": "nsubj",
                            "source": 3
                        },
                        {
                            "destination": 20,
                            "relation": "dobj",
                            "source": 3
                        },
                        {
                            "destination": 5,
                            "relation": "dobj",
                            "source": 3
                        },
                        {
                            "destination": 32,
                            "relation": "conj_and",
                            "source": 5
                        },
                        {
                            "destination": 4,
                            "relation": "nn",
                            "source": 5
                        },
                        {
                            "destination": 20,
                            "relation": "conj_and",
                            "source": 5
                        },
                        {
                            "destination": 11,
                            "relation": "prep_in",
                            "source": 5
                        },
                        {
                            "destination": 8,
                            "relation": "nn",
                            "source": 9
                        },
                        {
                            "destination": 7,
                            "relation": "num",
                            "source": 11
                        },
                        {
                            "destination": 9,
                            "relation": "nn",
                            "source": 11
                        },
                        {
                            "destination": 10,
                            "relation": "amod",
                            "source": 11
                        },
                        {
                            "destination": 14,
                            "relation": "dep",
                            "source": 11
                        },
                        {
                            "destination": 15,
                            "relation": "dep",
                            "source": 14
                        },
                        {
                            "destination": 13,
                            "relation": "dep",
                            "source": 14
                        },
                        {
                            "destination": 18,
                            "relation": "det",
                            "source": 20
                        },
                        {
                            "destination": 19,
                            "relation": "amod",
                            "source": 20
                        },
                        {
                            "destination": 24,
                            "relation": "prep_of",
                            "source": 20
                        },
                        {
                            "destination": 22,
                            "relation": "amod",
                            "source": 23
                        },
                        {
                            "destination": 23,
                            "relation": "amod",
                            "source": 24
                        },
                        {
                            "destination": 27,
                            "relation": "dep",
                            "source": 24
                        },
                        {
                            "destination": 26,
                            "relation": "dep",
                            "source": 27
                        },
                        {
                            "destination": 28,
                            "relation": "dep",
                            "source": 27
                        },
                        {
                            "destination": 36,
                            "relation": "prep_in",
                            "source": 32
                        },
                        {
                            "destination": 34,
                            "relation": "amod",
                            "source": 36
                        },
                        {
                            "destination": 35,
                            "relation": "amod",
                            "source": 36
                        },
                        {
                            "destination": 39,
                            "relation": "dep",
                            "source": 36
                        },
                        {
                            "destination": 38,
                            "relation": "dep",
                            "source": 39
                        },
                        {
                            "destination": 40,
                            "relation": "dep",
                            "source": 39
                        }
                    ],
                    "roots": [
                        3
                    ]
                }
            },
            "lemmas": [
                "moreover",
                ",",
                "we",
                "identify",
                "idh",
                "mutation",
                "in",
                "2",
                "jak2",
                "v617f",
                "myeloproliferative",
                "neoplasia",
                "(",
                "n",
                "=",
                "96",
                ")",
                ",",
                "a",
                "single",
                "case",
                "of",
                "acute",
                "lymphoblastic",
                "leukemia",
                "(",
                "n",
                "=",
                "96",
                ")",
                ",",
                "and",
                "none",
                "in",
                "chronic",
                "myeloid",
                "leukemia",
                "(",
                "n",
                "=",
                "81",
                ")",
                "."
            ],
            "startOffsets": [
                401,
                409,
                411,
                414,
                425,
                429,
                439,
                442,
                444,
                449,
                455,
                474,
                485,
                486,
                488,
                490,
                492,
                493,
                495,
                497,
                504,
                509,
                512,
                518,
                532,
                541,
                542,
                544,
                546,
                548,
                549,
                551,
                556,
                561,
                564,
                572,
                580,
                590,
                591,
                593,
                595,
                597,
                598
            ],
            "tags": [
                "RB",
                ",",
                "PRP",
                "VBD",
                "NN",
                "NNS",
                "IN",
                "CD",
                "NN",
                "NN",
                "JJ",
                "NNS",
                "-LRB-",
                "NN",
                "JJ",
                "CD",
                "-RRB-",
                ",",
                "DT",
                "JJ",
                "NN",
                "IN",
                "JJ",
                "JJ",
                "NN",
                "-LRB-",
                "NN",
                "JJ",
                "CD",
                "-RRB-",
                ",",
                "CC",
                "NN",
                "IN",
                "JJ",
                "JJ",
                "NNS",
                "-LRB-",
                "NN",
                "JJ",
                "CD",
                "-RRB-",
                "."
            ],
            "words": [
                "Moreover",
                ",",
                "we",
                "identified",
                "IDH",
                "mutations",
                "in",
                "2",
                "JAK2",
                "V617F",
                "myeloproliferative",
                "neoplasias",
                "(",
                "n",
                "=",
                "96",
                ")",
                ",",
                "a",
                "single",
                "case",
                "of",
                "acute",
                "lymphoblastic",
                "leukemia",
                "(",
                "n",
                "=",
                "96",
                ")",
                ",",
                "and",
                "none",
                "in",
                "chronic",
                "myeloid",
                "leukemias",
                "(",
                "n",
                "=",
                "81",
                ")",
                "."
            ]
        },
        {
            "endOffsets": [
                602,
                606,
                607,
                612,
                616,
                621,
                631,
                635,
                640,
                647,
                653,
                657,
                662,
                669,
                679,
                683,
                688,
                689,
                695,
                696,
                706,
                707
            ],
            "entities": [
                "O",
                "B-Gene_or_gene_product",
                "O",
                "B-Gene_or_gene_product",
                "O",
                "B-Gene_or_gene_product",
                "O",
                "O",
                "O",
                "O",
                "O",
                "B-Gene_or_gene_product",
                "O",
                "O",
                "O",
                "O",
                "B-Gene_or_gene_product",
                "O",
                "O",
                "O",
                "O",
                "O"
            ],
            "graphs": {
                "stanford-basic": {
                    "edges": [
                        {
                            "destination": 1,
                            "relation": "pobj",
                            "source": 0
                        },
                        {
                            "destination": 4,
                            "relation": "cc",
                            "source": 3
                        },
                        {
                            "destination": 5,
                            "relation": "conj",
                            "source": 3
                        },
                        {
                            "destination": 3,
                            "relation": "nn",
                            "source": 6
                        },
                        {
                            "destination": 0,
                            "relation": "prep",
                            "source": 9
                        },
                        {
                            "destination": 6,
                            "relation": "nsubj",
                            "source": 9
                        },
                        {
                            "destination": 7,
                            "relation": "cop",
                            "source": 9
                        },
                        {
                            "destination": 8,
                            "relation": "advmod",
                            "source": 9
                        },
                        {
                            "destination": 10,
                            "relation": "prep",
                            "source": 9
                        },
                        {
                            "destination": 12,
                            "relation": "prep",
                            "source": 9
                        },
                        {
                            "destination": 11,
                            "relation": "pobj",
                            "source": 10
                        },
                        {
                            "destination": 14,
                            "relation": "pobj",
                            "source": 12
                        },
                        {
                            "destination": 15,
                            "relation": "cc",
                            "source": 14
                        },
                        {
                            "destination": 20,
                            "relation": "conj",
                            "source": 14
                        },
                        {
                            "destination": 13,
                            "relation": "amod",
                            "source": 14
                        },
                        {
                            "destination": 16,
                            "relation": "nn",
                            "source": 20
                        },
                        {
                            "destination": 18,
                            "relation": "nn",
                            "source": 20
                        }
                    ],
                    "roots": [
                        9
                    ]
                },
                "stanford-collapsed": {
                    "edges": [
                        {
                            "destination": 5,
                            "relation": "conj_and",
                            "source": 3
                        },
                        {
                            "destination": 3,
                            "relation": "nn",
                            "source": 6
                        },
                        {
                            "destination": 5,
                            "relation": "nn",
                            "source": 6
                        },
                        {
                            "destination": 1,
                            "relation": "prep_in",
                            "source": 9
                        },
                        {
                            "destination": 20,
                            "relation": "prep_with",
                            "source": 9
                        },
                        {
                            "destination": 6,
                            "relation": "nsubj",
                            "source": 9
                        },
                        {
                            "destination": 7,
                            "relation": "cop",
                            "source": 9
                        },
                        {
                            "destination": 8,
                            "relation": "advmod",
                            "source": 9
                        },
                        {
                            "destination": 11,
                            "relation": "prep_among",
                            "source": 9
                        },
                        {
                            "destination": 14,
                            "relation": "prep_with",
                            "source": 9
                        },
                        {
                            "destination": 20,
                            "relation": "conj_and",
                            "source": 14
                        },
                        {
                            "destination": 13,
                            "relation": "amod",
                            "source": 14
                        },
                        {
                            "destination": 16,
                            "relation": "nn",
                            "source": 20
                        },
                        {
                            "destination": 18,
                            "relation": "nn",
                            "source": 20
                        }
                    ],
                    "roots": [
                        9
                    ]
                }
            },
            "lemmas": [
                "in",
                "aml",
                ",",
                "idh1",
                "and",
                "idh2",
                "mutation",
                "be",
                "more",
                "common",
                "among",
                "aml",
                "with",
                "normal",
                "karyotype",
                "and",
                "npm1",
                "(",
                "mutant",
                ")",
                "genotype",
                "."
            ],
            "startOffsets": [
                600,
                603,
                606,
                608,
                613,
                617,
                622,
                632,
                636,
                641,
                648,
                654,
                658,
                663,
                670,
                680,
                684,
                688,
                689,
                695,
                697,
                706
            ],
            "tags": [
                "IN",
                "NN",
                ",",
                "NN",
                "CC",
                "NN",
                "NNS",
                "VBP",
                "RBR",
                "JJ",
                "IN",
                "NN",
                "IN",
                "JJ",
                "NN",
                "CC",
                "NN",
                "-LRB-",
                "NN",
                "-RRB-",
                "NNS",
                "."
            ],
            "words": [
                "In",
                "AML",
                ",",
                "IDH1",
                "and",
                "IDH2",
                "mutations",
                "are",
                "more",
                "common",
                "among",
                "AML",
                "with",
                "normal",
                "karyotype",
                "and",
                "NPM1",
                "(",
                "mutant",
                ")",
                "genotypes",
                "."
            ]
        },
        {
            "endOffsets": [
                712,
                721,
                728,
                731,
                734,
                746,
                757,
                764,
                767,
                775,
                784,
                787,
                789,
                799,
                809,
                816,
                824,
                829,
                830,
                833,
                834,
                838,
                843,
                844,
                850,
                851,
                852
            ],
            "entities": [
                "B-Gene_or_gene_product",
                "O",
                "O",
                "O",
                "O",
                "O",
                "O",
                "O",
                "O",
                "O",
                "O",
                "O",
                "O",
                "O",
                "O",
                "O",
                "O",
                "B-Gene_or_gene_product",
                "O",
                "B-Gene_or_gene_product",
                "O",
                "O",
                "B-Gene_or_gene_product",
                "O",
                "O",
                "O",
                "O"
            ],
            "graphs": {
                "stanford-basic": {
                    "edges": [
                        {
                            "destination": 0,
                            "relation": "nn",
                            "source": 2
                        },
                        {
                            "destination": 1,
                            "relation": "nn",
                            "source": 2
                        },
                        {
                            "destination": 2,
                            "relation": "nsubj",
                            "source": 7
                        },
                        {
                            "destination": 3,
                            "relation": "cop",
                            "source": 7
                        },
                        {
                            "destination": 4,
                            "relation": "det",
                            "source": 7
                        },
                        {
                            "destination": 5,
                            "relation": "amod",
                            "source": 7
                        },
                        {
                            "destination": 6,
                            "relation": "amod",
                            "source": 7
                        },
                        {
                            "destination": 9,
                            "relation": "dep",
                            "source": 7
                        },
                        {
                            "destination": 8,
                            "relation": "mark",
                            "source": 9
                        },
                        {
                            "destination": 10,
                            "relation": "dobj",
                            "source": 9
                        },
                        {
                            "destination": 11,
                            "relation": "prep",
                            "source": 9
                        },
                        {
                            "destination": 15,
                            "relation": "pobj",
                            "source": 11
                        },
                        {
                            "destination": 16,
                            "relation": "vmod",
                            "source": 15
                        },
                        {
                            "destination": 12,
                            "relation": "det",
                            "source": 15
                        },
                        {
                            "destination": 13,
                            "relation": "amod",
                            "source": 15
                        },
                        {
                            "destination": 14,
                            "relation": "amod",
                            "source": 15
                        },
                        {
                            "destination": 17,
                            "relation": "dobj",
                            "source": 16
                        },
                        {
                            "destination": 19,
                            "relation": "appos",
                            "source": 17
                        },
                        {
                            "destination": 21,
                            "relation": "cc",
                            "source": 17
                        },
                        {
                            "destination": 22,
                            "relation": "conj",
                            "source": 17
                        },
                        {
                            "destination": 24,
                            "relation": "appos",
                            "source": 22
                        }
                    ],
                    "roots": [
                        7
                    ]
                },
                "stanford-collapsed": {
                    "edges": [
                        {
                            "destination": 0,
                            "relation": "nn",
                            "source": 2
                        },
                        {
                            "destination": 1,
                            "relation": "nn",
                            "source": 2
                        },
                        {
                            "destination": 2,
                            "relation": "nsubj",
                            "source": 7
                        },
                        {
                            "destination": 3,
                            "relation": "cop",
                            "source": 7
                        },
                        {
                            "destination": 4,
                            "relation": "det",
                            "source": 7
                        },
                        {
                            "destination": 5,
                            "relation": "amod",
                            "source": 7
                        },
                        {
                            "destination": 6,
                            "relation": "amod",
                            "source": 7
                        },
                        {
                            "destination": 9,
                            "relation": "dep",
                            "source": 7
                        },
                        {
                            "destination": 15,
                            "relation": "prep_in",
                            "source": 9
                        },
                        {
                            "destination": 8,
                            "relation": "mark",
                            "source": 9
                        },
                        {
                            "destination": 10,
                            "relation": "dobj",
                            "source": 9
                        },
                        {
                            "destination": 16,
                            "relation": "vmod",
                            "source": 15
                        },
                        {
                            "destination": 12,
                            "relation": "det",
                            "source": 15
                        },
                        {
                            "destination": 13,
                            "relation": "amod",
                            "source": 15
                        },
                        {
                            "destination": 14,
                            "relation": "amod",
                            "source": 15
                        },
                        {
                            "destination": 17,
                            "relation": "dobj",
                            "source": 16
                        },
                        {
                            "destination": 22,
                            "relation": "dobj",
                            "source": 16
                        },
                        {
                            "destination": 19,
                            "relation": "appos",
                            "source": 17
                        },
                        {
                            "destination": 22,
                            "relation": "conj_and",
                            "source": 17
                        },
                        {
                            "destination": 24,
                            "relation": "appos",
                            "source": 22
                        }
                    ],
                    "roots": [
                        7
                    ]
                }
            },
            "lemmas": [
                "idh1",
                "mutation",
                "status",
                "be",
                "a",
                "unfavorable",
                "prognostic",
                "factor",
                "as",
                "regard",
                "survival",
                "in",
                "a",
                "composite",
                "genotypic",
                "subset",
                "lack",
                "flt3",
                "(",
                "itd",
                ")",
                "and",
                "npm1",
                "(",
                "mutant",
                ")",
                "."
            ],
            "startOffsets": [
                708,
                713,
                722,
                729,
                732,
                735,
                747,
                758,
                765,
                768,
                776,
                785,
                788,
                790,
                800,
                810,
                817,
                825,
                829,
                830,
                833,
                835,
                839,
                843,
                844,
                850,
                851
            ],
            "tags": [
                "NN",
                "NN",
                "NN",
                "VBZ",
                "DT",
                "JJ",
                "JJ",
                "NN",
                "IN",
                "VBZ",
                "NN",
                "IN",
                "DT",
                "JJ",
                "JJ",
                "NN",
                "VBG",
                "NN",
                "-LRB-",
                "NN",
                "-RRB-",
                "CC",
                "NN",
                "-LRB-",
                "NN",
                "-RRB-",
                "."
            ],
            "words": [
                "IDH1",
                "mutation",
                "status",
                "is",
                "an",
                "unfavorable",
                "prognostic",
                "factor",
                "as",
                "regards",
                "survival",
                "in",
                "a",
                "composite",
                "genotypic",
                "subset",
                "lacking",
                "FLT3",
                "(",
                "ITD",
                ")",
                "and",
                "NPM1",
                "(",
                "mutant",
                ")",
                "."
            ]
        },
        {
            "endOffsets": [
                857,
                858,
                863,
                867,
                872,
                882,
                886,
                893,
                901,
                913,
                916,
                920,
                921,
                925,
                930,
                940,
                944,
                950,
                961,
                967,
                970,
                979,
                988,
                991,
                995,
                996
            ],
            "entities": [
                "O",
                "O",
                "B-Gene_or_gene_product",
                "O",
                "B-Gene_or_gene_product",
                "O",
                "O",
                "O",
                "O",
                "O",
                "O",
                "O",
                "O",
                "O",
                "B-Gene_or_gene_product",
                "O",
                "O",
                "O",
                "O",
                "O",
                "O",
                "O",
                "O",
                "O",
                "B-Gene_or_gene_product",
                "O"
            ],
            "graphs": {
                "stanford-basic": {
                    "edges": [
                        {
                            "destination": 3,
                            "relation": "cc",
                            "source": 2
                        },
                        {
                            "destination": 4,
                            "relation": "conj",
                            "source": 2
                        },
                        {
                            "destination": 2,
                            "relation": "nn",
                            "source": 5
                        },
                        {
                            "destination": 0,
                            "relation": "advmod",
                            "source": 9
                        },
                        {
                            "destination": 17,
                            "relation": "conj",
                            "source": 9
                        },
                        {
                            "destination": 5,
                            "relation": "nsubj",
                            "source": 9
                        },
                        {
                            "destination": 6,
                            "relation": "cop",
                            "source": 9
                        },
                        {
                            "destination": 7,
                            "relation": "amod",
                            "source": 9
                        },
                        {
                            "destination": 8,
                            "relation": "amod",
                            "source": 9
                        },
                        {
                            "destination": 10,
                            "relation": "prep",
                            "source": 9
                        },
                        {
                            "destination": 13,
                            "relation": "cc",
                            "source": 9
                        },
                        {
                            "destination": 11,
                            "relation": "pobj",
                            "source": 10
                        },
                        {
                            "destination": 14,
                            "relation": "nn",
                            "source": 15
                        },
                        {
                            "destination": 15,
                            "relation": "nsubj",
                            "source": 17
                        },
                        {
                            "destination": 16,
                            "relation": "aux",
                            "source": 17
                        },
                        {
                            "destination": 19,
                            "relation": "dobj",
                            "source": 17
                        },
                        {
                            "destination": 20,
                            "relation": "prep",
                            "source": 17
                        },
                        {
                            "destination": 18,
                            "relation": "amod",
                            "source": 19
                        },
                        {
                            "destination": 22,
                            "relation": "pobj",
                            "source": 20
                        },
                        {
                            "destination": 21,
                            "relation": "amod",
                            "source": 22
                        },
                        {
                            "destination": 23,
                            "relation": "prep",
                            "source": 22
                        },
                        {
                            "destination": 24,
                            "relation": "pobj",
                            "source": 23
                        }
                    ],
                    "roots": [
                        9
                    ]
                },
                "stanford-collapsed": {
                    "edges": [
                        {
                            "destination": 4,
                            "relation": "conj_and",
                            "source": 2
                        },
                        {
                            "destination": 2,
                            "relation": "nn",
                            "source": 5
                        },
                        {
                            "destination": 4,
                            "relation": "nn",
                            "source": 5
                        },
                        {
                            "destination": 0,
                            "relation": "advmod",
                            "source": 9
                        },
                        {
                            "destination": 17,
                            "relation": "conj_and",
                            "source": 9
                        },
                        {
                            "destination": 5,
                            "relation": "nsubj",
                            "source": 9
                        },
                        {
                            "destination": 6,
                            "relation": "cop",
                            "source": 9
                        },
                        {
                            "destination": 7,
                            "relation": "amod",
                            "source": 9
                        },
                        {
                            "destination": 8,
                            "relation": "amod",
                            "source": 9
                        },
                        {
                            "destination": 11,
                            "relation": "prep_in",
                            "source": 9
                        },
                        {
                            "destination": 14,
                            "relation": "nn",
                            "source": 15
                        },
                        {
                            "destination": 15,
                            "relation": "nsubj",
                            "source": 17
                        },
                        {
                            "destination": 16,
                            "relation": "aux",
                            "source": 17
                        },
                        {
                            "destination": 19,
                            "relation": "dobj",
                            "source": 17
                        },
                        {
                            "destination": 22,
                            "relation": "prep_in",
                            "source": 17
                        },
                        {
                            "destination": 18,
                            "relation": "amod",
                            "source": 19
                        },
                        {
                            "destination": 21,
                            "relation": "amod",
                            "source": 22
                        },
                        {
                            "destination": 24,
                            "relation": "prep_of",
                            "source": 22
                        }
                    ],
                    "roots": [
                        9
                    ]
                }
            },
            "lemmas": [
                "thus",
                ",",
                "idh1",
                "and",
                "idh2",
                "mutation",
                "be",
                "common",
                "genetic",
                "aberration",
                "in",
                "aml",
                ",",
                "and",
                "idh1",
                "mutation",
                "may",
                "carry",
                "prognostic",
                "value",
                "in",
                "distinct",
                "subtype",
                "of",
                "aml",
                "."
            ],
            "startOffsets": [
                853,
                857,
                859,
                864,
                868,
                873,
                883,
                887,
                894,
                902,
                914,
                917,
                920,
                922,
                926,
                931,
                941,
                945,
                951,
                962,
                968,
                971,
                980,
                989,
                992,
                995
            ],
            "tags": [
                "RB",
                ",",
                "NN",
                "CC",
                "NN",
                "NNS",
                "VBP",
                "JJ",
                "JJ",
                "NNS",
                "IN",
                "NN",
                ",",
                "CC",
                "NN",
                "NNS",
                "MD",
                "VB",
                "JJ",
                "NN",
                "IN",
                "JJ",
                "NNS",
                "IN",
                "NN",
                "."
            ],
            "words": [
                "Thus",
                ",",
                "IDH1",
                "and",
                "IDH2",
                "mutations",
                "are",
                "common",
                "genetic",
                "aberrations",
                "in",
                "AML",
                ",",
                "and",
                "IDH1",
                "mutations",
                "may",
                "carry",
                "prognostic",
                "value",
                "in",
                "distinct",
                "subtypes",
                "of",
                "AML",
                "."
            ]
        }
    ],
    "text": "Somatic mutations in isocitrate dehydrogenase 1 and 2 (IDH1 and IDH2) were\nrecently demonstrated in acute myeloid leukemia (AML), but their prevalence and\nprognostic impact remain to be explored in large extensively characterized AML\nseries, and also in various other hematologic malignancies. Here, we demonstrate \nin 893 newly diagnosed cases of AML mutations in the IDH1 (6%) and IDH2 (11%)\ngenes. Moreover, we identified IDH mutations in 2 JAK2 V617F myeloproliferative\nneoplasias (n = 96), a single case of acute lymphoblastic leukemia (n = 96), and \nnone in chronic myeloid leukemias (n = 81). In AML, IDH1 and IDH2 mutations are\nmore common among AML with normal karyotype and NPM1(mutant) genotypes. IDH1\nmutation status is an unfavorable prognostic factor as regards survival in a\ncomposite genotypic subset lacking FLT3(ITD) and NPM1(mutant). Thus, IDH1 and\nIDH2 mutations are common genetic aberrations in AML, and IDH1 mutations may\ncarry prognostic value in distinct subtypes of AML."
}