{
    "id": "20979473",
    "sentences": [
        {
            "endOffsets": [
                3,
                8,
                10,
                20,
                32,
                43,
                51,
                56,
                58,
                63,
                65,
                75,
                84,
                91,
                92,
                104,
                113,
                120,
                123,
                126,
                138,
                144,
                147,
                149,
                152,
                154,
                155,
                158,
                173,
                178,
                186,
                187,
                191,
                200,
                207,
                210,
                219,
                230,
                233,
                237,
                241,
                245,
                255,
                258,
                263,
                270,
                274,
                284,
                290,
                294,
                295
            ],
            "entities": [
                "O",
                "B-Gene_or_gene_product",
                "O",
                "B-Gene_or_gene_product",
                "I-Gene_or_gene_product",
                "I-Gene_or_gene_product",
                "I-Gene_or_gene_product",
                "I-Gene_or_gene_product",
                "I-Gene_or_gene_product",
                "O",
                "O",
                "B-Gene_or_gene_product",
                "I-Gene_or_gene_product",
                "I-Gene_or_gene_product",
                "O",
                "O",
                "B-Site",
                "O",
                "O",
                "O",
                "O",
                "O",
                "O",
                "O",
                "O",
                "O",
                "O",
                "O",
                "O",
                "B-TissueType",
                "O",
                "O",
                "O",
                "O",
                "O",
                "O",
                "O",
                "O",
                "O",
                "B-Gene_or_gene_product",
                "O",
                "O",
                "O",
                "O",
                "O",
                "O",
                "O",
                "O",
                "O",
                "O",
                "O"
            ],
            "graphs": {
                "stanford-basic": {
                    "edges": [
                        {
                            "destination": 0,
                            "relation": "det",
                            "source": 1
                        },
                        {
                            "destination": 32,
                            "relation": "cc",
                            "source": 1
                        },
                        {
                            "destination": 34,
                            "relation": "conj",
                            "source": 1
                        },
                        {
                            "destination": 4,
                            "relation": "dep",
                            "source": 1
                        },
                        {
                            "destination": 3,
                            "relation": "nn",
                            "source": 4
                        },
                        {
                            "destination": 5,
                            "relation": "vmod",
                            "source": 4
                        },
                        {
                            "destination": 6,
                            "relation": "dobj",
                            "source": 5
                        },
                        {
                            "destination": 7,
                            "relation": "prep",
                            "source": 5
                        },
                        {
                            "destination": 9,
                            "relation": "pobj",
                            "source": 7
                        },
                        {
                            "destination": 20,
                            "relation": "rcmod",
                            "source": 9
                        },
                        {
                            "destination": 8,
                            "relation": "num",
                            "source": 9
                        },
                        {
                            "destination": 13,
                            "relation": "appos",
                            "source": 9
                        },
                        {
                            "destination": 11,
                            "relation": "amod",
                            "source": 13
                        },
                        {
                            "destination": 12,
                            "relation": "nn",
                            "source": 13
                        },
                        {
                            "destination": 15,
                            "relation": "amod",
                            "source": 17
                        },
                        {
                            "destination": 16,
                            "relation": "nn",
                            "source": 17
                        },
                        {
                            "destination": 17,
                            "relation": "nsubj",
                            "source": 20
                        },
                        {
                            "destination": 18,
                            "relation": "cop",
                            "source": 20
                        },
                        {
                            "destination": 19,
                            "relation": "det",
                            "source": 20
                        },
                        {
                            "destination": 21,
                            "relation": "vmod",
                            "source": 20
                        },
                        {
                            "destination": 22,
                            "relation": "prep",
                            "source": 21
                        },
                        {
                            "destination": 26,
                            "relation": "pobj",
                            "source": 22
                        },
                        {
                            "destination": 23,
                            "relation": "number",
                            "source": 25
                        },
                        {
                            "destination": 24,
                            "relation": "dep",
                            "source": 25
                        },
                        {
                            "destination": 25,
                            "relation": "num",
                            "source": 26
                        },
                        {
                            "destination": 27,
                            "relation": "prep",
                            "source": 26
                        },
                        {
                            "destination": 30,
                            "relation": "pobj",
                            "source": 27
                        },
                        {
                            "destination": 28,
                            "relation": "amod",
                            "source": 30
                        },
                        {
                            "destination": 29,
                            "relation": "nn",
                            "source": 30
                        },
                        {
                            "destination": 33,
                            "relation": "amod",
                            "source": 34
                        },
                        {
                            "destination": 35,
                            "relation": "prep",
                            "source": 34
                        },
                        {
                            "destination": 37,
                            "relation": "pobj",
                            "source": 35
                        },
                        {
                            "destination": 36,
                            "relation": "amod",
                            "source": 37
                        },
                        {
                            "destination": 38,
                            "relation": "prep",
                            "source": 37
                        },
                        {
                            "destination": 39,
                            "relation": "pobj",
                            "source": 38
                        },
                        {
                            "destination": 40,
                            "relation": "prep",
                            "source": 39
                        },
                        {
                            "destination": 42,
                            "relation": "pobj",
                            "source": 40
                        },
                        {
                            "destination": 41,
                            "relation": "det",
                            "source": 42
                        },
                        {
                            "destination": 43,
                            "relation": "prep",
                            "source": 42
                        },
                        {
                            "destination": 45,
                            "relation": "pobj",
                            "source": 43
                        },
                        {
                            "destination": 44,
                            "relation": "amod",
                            "source": 45
                        },
                        {
                            "destination": 47,
                            "relation": "advmod",
                            "source": 46
                        },
                        {
                            "destination": 48,
                            "relation": "prep",
                            "source": 46
                        },
                        {
                            "destination": 1,
                            "relation": "nsubj",
                            "source": 46
                        },
                        {
                            "destination": 49,
                            "relation": "pobj",
                            "source": 48
                        }
                    ],
                    "roots": [
                        46
                    ]
                },
                "stanford-collapsed": {
                    "edges": [
                        {
                            "destination": 0,
                            "relation": "det",
                            "source": 1
                        },
                        {
                            "destination": 34,
                            "relation": "conj_and",
                            "source": 1
                        },
                        {
                            "destination": 4,
                            "relation": "dep",
                            "source": 1
                        },
                        {
                            "destination": 3,
                            "relation": "nn",
                            "source": 4
                        },
                        {
                            "destination": 5,
                            "relation": "vmod",
                            "source": 4
                        },
                        {
                            "destination": 6,
                            "relation": "dobj",
                            "source": 5
                        },
                        {
                            "destination": 9,
                            "relation": "prep_like",
                            "source": 5
                        },
                        {
                            "destination": 20,
                            "relation": "rcmod",
                            "source": 9
                        },
                        {
                            "destination": 8,
                            "relation": "num",
                            "source": 9
                        },
                        {
                            "destination": 13,
                            "relation": "appos",
                            "source": 9
                        },
                        {
                            "destination": 11,
                            "relation": "amod",
                            "source": 13
                        },
                        {
                            "destination": 12,
                            "relation": "nn",
                            "source": 13
                        },
                        {
                            "destination": 15,
                            "relation": "amod",
                            "source": 17
                        },
                        {
                            "destination": 16,
                            "relation": "nn",
                            "source": 17
                        },
                        {
                            "destination": 17,
                            "relation": "nsubj",
                            "source": 20
                        },
                        {
                            "destination": 18,
                            "relation": "cop",
                            "source": 20
                        },
                        {
                            "destination": 19,
                            "relation": "det",
                            "source": 20
                        },
                        {
                            "destination": 21,
                            "relation": "vmod",
                            "source": 20
                        },
                        {
                            "destination": 26,
                            "relation": "prep_in",
                            "source": 21
                        },
                        {
                            "destination": 23,
                            "relation": "number",
                            "source": 25
                        },
                        {
                            "destination": 24,
                            "relation": "dep",
                            "source": 25
                        },
                        {
                            "destination": 25,
                            "relation": "num",
                            "source": 26
                        },
                        {
                            "destination": 30,
                            "relation": "prep_of",
                            "source": 26
                        },
                        {
                            "destination": 28,
                            "relation": "amod",
                            "source": 30
                        },
                        {
                            "destination": 29,
                            "relation": "nn",
                            "source": 30
                        },
                        {
                            "destination": 33,
                            "relation": "amod",
                            "source": 34
                        },
                        {
                            "destination": 37,
                            "relation": "prep_of",
                            "source": 34
                        },
                        {
                            "destination": 36,
                            "relation": "amod",
                            "source": 37
                        },
                        {
                            "destination": 39,
                            "relation": "prep_of",
                            "source": 37
                        },
                        {
                            "destination": 42,
                            "relation": "prep_for",
                            "source": 39
                        },
                        {
                            "destination": 41,
                            "relation": "det",
                            "source": 42
                        },
                        {
                            "destination": 45,
                            "relation": "prep_of",
                            "source": 42
                        },
                        {
                            "destination": 44,
                            "relation": "amod",
                            "source": 45
                        },
                        {
                            "destination": 47,
                            "relation": "advmod",
                            "source": 46
                        },
                        {
                            "destination": 1,
                            "relation": "nsubj",
                            "source": 46
                        },
                        {
                            "destination": 49,
                            "relation": "prep_under",
                            "source": 46
                        },
                        {
                            "destination": 34,
                            "relation": "nsubj",
                            "source": 46
                        }
                    ],
                    "roots": [
                        46
                    ]
                }
            },
            "lemmas": [
                "the",
                "eml4",
                "(",
                "echinoderm",
                "microtubule",
                "associate",
                "protein",
                "like",
                "4",
                ")-alk",
                "(",
                "anaplastic",
                "lymphoma",
                "kinase",
                ")",
                "fusion-type",
                "tyrosine",
                "kinase",
                "be",
                "a",
                "oncoprotein",
                "find",
                "in",
                "4",
                "to",
                "5",
                "%",
                "of",
                "non-small-cell",
                "lung",
                "cancer",
                ",",
                "and",
                "clinical",
                "trial",
                "of",
                "specific",
                "inhibitor",
                "of",
                "ALK",
                "for",
                "the",
                "treatment",
                "of",
                "such",
                "tumor",
                "be",
                "currently",
                "under",
                "way",
                "."
            ],
            "startOffsets": [
                0,
                4,
                9,
                10,
                21,
                33,
                44,
                52,
                57,
                58,
                64,
                65,
                76,
                85,
                91,
                93,
                105,
                114,
                121,
                124,
                127,
                139,
                145,
                148,
                150,
                153,
                154,
                156,
                159,
                174,
                179,
                186,
                188,
                192,
                201,
                208,
                211,
                220,
                231,
                234,
                238,
                242,
                246,
                256,
                259,
                264,
                271,
                275,
                285,
                291,
                294
            ],
            "tags": [
                "DT",
                "NN",
                "-LRB-",
                "NN",
                "NN",
                "VBN",
                "NN",
                "IN",
                "CD",
                "NN",
                "-LRB-",
                "JJ",
                "NN",
                "NN",
                "-RRB-",
                "JJ",
                "NN",
                "NN",
                "VBZ",
                "DT",
                "NN",
                "VBN",
                "IN",
                "CD",
                "TO",
                "CD",
                "NN",
                "IN",
                "JJ",
                "NN",
                "NNS",
                ",",
                "CC",
                "JJ",
                "NNS",
                "IN",
                "JJ",
                "NNS",
                "IN",
                "NNP",
                "IN",
                "DT",
                "NN",
                "IN",
                "JJ",
                "NNS",
                "VBP",
                "RB",
                "IN",
                "NN",
                "."
            ],
            "words": [
                "The",
                "EML4",
                "(",
                "echinoderm",
                "microtubule",
                "associated",
                "protein",
                "like",
                "4",
                ")-ALK",
                "(",
                "anaplastic",
                "lymphoma",
                "kinase",
                ")",
                "fusion-type",
                "tyrosine",
                "kinase",
                "is",
                "an",
                "oncoprotein",
                "found",
                "in",
                "4",
                "to",
                "5",
                "%",
                "of",
                "non-small-cell",
                "lung",
                "cancers",
                ",",
                "and",
                "clinical",
                "trials",
                "of",
                "specific",
                "inhibitors",
                "of",
                "ALK",
                "for",
                "the",
                "treatment",
                "of",
                "such",
                "tumors",
                "are",
                "currently",
                "under",
                "way",
                "."
            ]
        },
        {
            "endOffsets": [
                300,
                301,
                304,
                311,
                315,
                325,
                328,
                332,
                342,
                352,
                359,
                363,
                370,
                377,
                380,
                389,
                392,
                398,
                404,
                413,
                418,
                420,
                428,
                435,
                439,
                447,
                453,
                456,
                466,
                471,
                474,
                478,
                488,
                489
            ],
            "entities": [
                "O",
                "O",
                "O",
                "O",
                "O",
                "O",
                "O",
                "O",
                "O",
                "O",
                "O",
                "O",
                "O",
                "O",
                "O",
                "B-Gene_or_gene_product",
                "O",
                "O",
                "O",
                "O",
                "O",
                "O",
                "B-Species",
                "O",
                "O",
                "O",
                "O",
                "O",
                "O",
                "O",
                "O",
                "B-Gene_or_gene_product",
                "O",
                "O"
            ],
            "graphs": {
                "stanford-basic": {
                    "edges": [
                        {
                            "destination": 0,
                            "relation": "advmod",
                            "source": 3
                        },
                        {
                            "destination": 16,
                            "relation": "prep",
                            "source": 3
                        },
                        {
                            "destination": 2,
                            "relation": "nsubj",
                            "source": 3
                        },
                        {
                            "destination": 5,
                            "relation": "dobj",
                            "source": 3
                        },
                        {
                            "destination": 4,
                            "relation": "det",
                            "source": 5
                        },
                        {
                            "destination": 6,
                            "relation": "prep",
                            "source": 5
                        },
                        {
                            "destination": 9,
                            "relation": "pobj",
                            "source": 6
                        },
                        {
                            "destination": 7,
                            "relation": "num",
                            "source": 9
                        },
                        {
                            "destination": 8,
                            "relation": "amod",
                            "source": 9
                        },
                        {
                            "destination": 10,
                            "relation": "prep",
                            "source": 9
                        },
                        {
                            "destination": 13,
                            "relation": "pobj",
                            "source": 10
                        },
                        {
                            "destination": 11,
                            "relation": "det",
                            "source": 13
                        },
                        {
                            "destination": 12,
                            "relation": "nn",
                            "source": 13
                        },
                        {
                            "destination": 14,
                            "relation": "prep",
                            "source": 13
                        },
                        {
                            "destination": 15,
                            "relation": "pobj",
                            "source": 14
                        },
                        {
                            "destination": 18,
                            "relation": "pobj",
                            "source": 16
                        },
                        {
                            "destination": 17,
                            "relation": "nn",
                            "source": 18
                        },
                        {
                            "destination": 19,
                            "relation": "vmod",
                            "source": 18
                        },
                        {
                            "destination": 20,
                            "relation": "prep",
                            "source": 19
                        },
                        {
                            "destination": 23,
                            "relation": "prep",
                            "source": 19
                        },
                        {
                            "destination": 29,
                            "relation": "prep",
                            "source": 19
                        },
                        {
                            "destination": 22,
                            "relation": "pobj",
                            "source": 20
                        },
                        {
                            "destination": 21,
                            "relation": "det",
                            "source": 22
                        },
                        {
                            "destination": 26,
                            "relation": "pobj",
                            "source": 23
                        },
                        {
                            "destination": 24,
                            "relation": "det",
                            "source": 26
                        },
                        {
                            "destination": 25,
                            "relation": "nn",
                            "source": 26
                        },
                        {
                            "destination": 27,
                            "relation": "prep",
                            "source": 26
                        },
                        {
                            "destination": 28,
                            "relation": "pobj",
                            "source": 27
                        },
                        {
                            "destination": 32,
                            "relation": "pobj",
                            "source": 29
                        },
                        {
                            "destination": 31,
                            "relation": "nn",
                            "source": 32
                        },
                        {
                            "destination": 30,
                            "relation": "det",
                            "source": 32
                        }
                    ],
                    "roots": [
                        3
                    ]
                },
                "stanford-collapsed": {
                    "edges": [
                        {
                            "destination": 31,
                            "relation": "nn",
                            "source": 32
                        },
                        {
                            "destination": 30,
                            "relation": "det",
                            "source": 32
                        },
                        {
                            "destination": 0,
                            "relation": "advmod",
                            "source": 3
                        },
                        {
                            "destination": 2,
                            "relation": "nsubj",
                            "source": 3
                        },
                        {
                            "destination": 18,
                            "relation": "prep_in",
                            "source": 3
                        },
                        {
                            "destination": 5,
                            "relation": "dobj",
                            "source": 3
                        },
                        {
                            "destination": 4,
                            "relation": "det",
                            "source": 5
                        },
                        {
                            "destination": 9,
                            "relation": "prep_of",
                            "source": 5
                        },
                        {
                            "destination": 7,
                            "relation": "num",
                            "source": 9
                        },
                        {
                            "destination": 8,
                            "relation": "amod",
                            "source": 9
                        },
                        {
                            "destination": 13,
                            "relation": "prep_within",
                            "source": 9
                        },
                        {
                            "destination": 15,
                            "relation": "prep_of",
                            "source": 13
                        },
                        {
                            "destination": 11,
                            "relation": "det",
                            "source": 13
                        },
                        {
                            "destination": 12,
                            "relation": "nn",
                            "source": 13
                        },
                        {
                            "destination": 17,
                            "relation": "nn",
                            "source": 18
                        },
                        {
                            "destination": 19,
                            "relation": "vmod",
                            "source": 18
                        },
                        {
                            "destination": 32,
                            "relation": "prep_with",
                            "source": 19
                        },
                        {
                            "destination": 22,
                            "relation": "prep_from",
                            "source": 19
                        },
                        {
                            "destination": 26,
                            "relation": "prep_during",
                            "source": 19
                        },
                        {
                            "destination": 21,
                            "relation": "det",
                            "source": 22
                        },
                        {
                            "destination": 24,
                            "relation": "det",
                            "source": 26
                        },
                        {
                            "destination": 25,
                            "relation": "nn",
                            "source": 26
                        },
                        {
                            "destination": 28,
                            "relation": "prep_of",
                            "source": 26
                        }
                    ],
                    "roots": [
                        3
                    ]
                }
            },
            "lemmas": [
                "here",
                ",",
                "we",
                "report",
                "the",
                "discovery",
                "of",
                "two",
                "secondary",
                "mutation",
                "within",
                "the",
                "kinase",
                "domain",
                "of",
                "eml4-alk",
                "in",
                "tumor",
                "cell",
                "isolate",
                "from",
                "a",
                "patient",
                "during",
                "the",
                "relapse",
                "phase",
                "of",
                "treatment",
                "with",
                "a",
                "alk",
                "inhibitor",
                "."
            ],
            "startOffsets": [
                296,
                300,
                302,
                305,
                312,
                316,
                326,
                329,
                333,
                343,
                353,
                360,
                364,
                371,
                378,
                381,
                390,
                393,
                399,
                405,
                414,
                419,
                421,
                429,
                436,
                440,
                448,
                454,
                457,
                467,
                472,
                475,
                479,
                488
            ],
            "tags": [
                "RB",
                ",",
                "PRP",
                "VBP",
                "DT",
                "NN",
                "IN",
                "CD",
                "JJ",
                "NNS",
                "IN",
                "DT",
                "NN",
                "NN",
                "IN",
                "NN",
                "IN",
                "NN",
                "NNS",
                "VBN",
                "IN",
                "DT",
                "NN",
                "IN",
                "DT",
                "NN",
                "NN",
                "IN",
                "NN",
                "IN",
                "DT",
                "NN",
                "NN",
                "."
            ],
            "words": [
                "Here",
                ",",
                "we",
                "report",
                "the",
                "discovery",
                "of",
                "two",
                "secondary",
                "mutations",
                "within",
                "the",
                "kinase",
                "domain",
                "of",
                "EML4-ALK",
                "in",
                "tumor",
                "cells",
                "isolated",
                "from",
                "a",
                "patient",
                "during",
                "the",
                "relapse",
                "phase",
                "of",
                "treatment",
                "with",
                "an",
                "ALK",
                "inhibitor",
                "."
            ]
        },
        {
            "endOffsets": [
                494,
                503,
                513,
                527,
                530,
                540,
                543,
                547,
                553,
                557,
                567,
                574,
                585,
                588,
                592,
                602,
                606,
                617,
                618
            ],
            "entities": [
                "O",
                "O",
                "O",
                "O",
                "O",
                "O",
                "O",
                "O",
                "O",
                "O",
                "O",
                "O",
                "O",
                "O",
                "O",
                "O",
                "B-Gene_or_gene_product",
                "O",
                "O"
            ],
            "graphs": {
                "stanford-basic": {
                    "edges": [
                        {
                            "destination": 0,
                            "relation": "det",
                            "source": 1
                        },
                        {
                            "destination": 1,
                            "relation": "nsubj",
                            "source": 2
                        },
                        {
                            "destination": 3,
                            "relation": "advmod",
                            "source": 2
                        },
                        {
                            "destination": 4,
                            "relation": "prep",
                            "source": 2
                        },
                        {
                            "destination": 9,
                            "relation": "cc",
                            "source": 2
                        },
                        {
                            "destination": 10,
                            "relation": "conj",
                            "source": 2
                        },
                        {
                            "destination": 5,
                            "relation": "pobj",
                            "source": 4
                        },
                        {
                            "destination": 6,
                            "relation": "prep",
                            "source": 5
                        },
                        {
                            "destination": 8,
                            "relation": "pobj",
                            "source": 6
                        },
                        {
                            "destination": 7,
                            "relation": "det",
                            "source": 8
                        },
                        {
                            "destination": 12,
                            "relation": "dobj",
                            "source": 10
                        },
                        {
                            "destination": 13,
                            "relation": "prep",
                            "source": 10
                        },
                        {
                            "destination": 11,
                            "relation": "amod",
                            "source": 12
                        },
                        {
                            "destination": 17,
                            "relation": "pobj",
                            "source": 13
                        },
                        {
                            "destination": 15,
                            "relation": "amod",
                            "source": 17
                        },
                        {
                            "destination": 16,
                            "relation": "nn",
                            "source": 17
                        },
                        {
                            "destination": 14,
                            "relation": "num",
                            "source": 17
                        }
                    ],
                    "roots": [
                        2
                    ]
                },
                "stanford-collapsed": {
                    "edges": [
                        {
                            "destination": 0,
                            "relation": "det",
                            "source": 1
                        },
                        {
                            "destination": 1,
                            "relation": "nsubj",
                            "source": 2
                        },
                        {
                            "destination": 3,
                            "relation": "advmod",
                            "source": 2
                        },
                        {
                            "destination": 5,
                            "relation": "prep_in",
                            "source": 2
                        },
                        {
                            "destination": 10,
                            "relation": "conj_and",
                            "source": 2
                        },
                        {
                            "destination": 8,
                            "relation": "prep_of",
                            "source": 5
                        },
                        {
                            "destination": 7,
                            "relation": "det",
                            "source": 8
                        },
                        {
                            "destination": 1,
                            "relation": "nsubj",
                            "source": 10
                        },
                        {
                            "destination": 17,
                            "relation": "prep_to",
                            "source": 10
                        },
                        {
                            "destination": 12,
                            "relation": "dobj",
                            "source": 10
                        },
                        {
                            "destination": 11,
                            "relation": "amod",
                            "source": 12
                        },
                        {
                            "destination": 15,
                            "relation": "amod",
                            "source": 17
                        },
                        {
                            "destination": 16,
                            "relation": "nn",
                            "source": 17
                        },
                        {
                            "destination": 14,
                            "relation": "num",
                            "source": 17
                        }
                    ],
                    "roots": [
                        2
                    ]
                }
            },
            "lemmas": [
                "each",
                "mutation",
                "develop",
                "independently",
                "in",
                "subclone",
                "of",
                "the",
                "tumor",
                "and",
                "confer",
                "marked",
                "resistance",
                "to",
                "two",
                "different",
                "alk",
                "inhibitor",
                "."
            ],
            "startOffsets": [
                490,
                495,
                504,
                514,
                528,
                531,
                541,
                544,
                548,
                554,
                558,
                568,
                575,
                586,
                589,
                593,
                603,
                607,
                617
            ],
            "tags": [
                "DT",
                "NN",
                "VBD",
                "RB",
                "IN",
                "NNS",
                "IN",
                "DT",
                "NN",
                "CC",
                "VBD",
                "JJ",
                "NN",
                "TO",
                "CD",
                "JJ",
                "NN",
                "NNS",
                "."
            ],
            "words": [
                "Each",
                "mutation",
                "developed",
                "independently",
                "in",
                "subclones",
                "of",
                "the",
                "tumor",
                "and",
                "conferred",
                "marked",
                "resistance",
                "to",
                "two",
                "different",
                "ALK",
                "inhibitors",
                "."
            ]
        },
        {
            "endOffsets": [
                620,
                626,
                629,
                633,
                642,
                645,
                652,
                653,
                659,
                660,
                664,
                672,
                675,
                681,
                682,
                686,
                693,
                694,
                695
            ],
            "entities": [
                "O",
                "O",
                "O",
                "O",
                "O",
                "O",
                "O",
                "O",
                "O",
                "O",
                "O",
                "O",
                "O",
                "O",
                "O",
                "O",
                "O",
                "O",
                "O"
            ],
            "graphs": {
                "stanford-basic": {
                    "edges": [
                        {
                            "destination": 2,
                            "relation": "prep",
                            "source": 1
                        },
                        {
                            "destination": 4,
                            "relation": "pobj",
                            "source": 2
                        },
                        {
                            "destination": 15,
                            "relation": "cc",
                            "source": 4
                        },
                        {
                            "destination": 16,
                            "relation": "conj",
                            "source": 4
                        },
                        {
                            "destination": 3,
                            "relation": "det",
                            "source": 4
                        },
                        {
                            "destination": 5,
                            "relation": "prep",
                            "source": 4
                        },
                        {
                            "destination": 12,
                            "relation": "prep",
                            "source": 4
                        },
                        {
                            "destination": 6,
                            "relation": "pobj",
                            "source": 5
                        },
                        {
                            "destination": 8,
                            "relation": "conj",
                            "source": 6
                        },
                        {
                            "destination": 10,
                            "relation": "cc",
                            "source": 6
                        },
                        {
                            "destination": 11,
                            "relation": "conj",
                            "source": 6
                        },
                        {
                            "destination": 13,
                            "relation": "pobj",
                            "source": 12
                        }
                    ],
                    "roots": [
                        1
                    ]
                },
                "stanford-collapsed": {
                    "edges": [
                        {
                            "destination": 16,
                            "relation": "prep_by",
                            "source": 1
                        },
                        {
                            "destination": 4,
                            "relation": "prep_by",
                            "source": 1
                        },
                        {
                            "destination": 16,
                            "relation": "conj_and",
                            "source": 4
                        },
                        {
                            "destination": 3,
                            "relation": "det",
                            "source": 4
                        },
                        {
                            "destination": 6,
                            "relation": "prep_of",
                            "source": 4
                        },
                        {
                            "destination": 8,
                            "relation": "prep_of",
                            "source": 4
                        },
                        {
                            "destination": 11,
                            "relation": "prep_of",
                            "source": 4
                        },
                        {
                            "destination": 13,
                            "relation": "prep_of",
                            "source": 4
                        },
                        {
                            "destination": 8,
                            "relation": "conj_and",
                            "source": 6
                        },
                        {
                            "destination": 11,
                            "relation": "conj_and",
                            "source": 6
                        }
                    ],
                    "roots": [
                        1
                    ]
                }
            },
            "lemmas": [
                "(",
                "fund",
                "by",
                "the",
                "Ministry",
                "of",
                "Health",
                ",",
                "Labor",
                ",",
                "and",
                "Welfare",
                "of",
                "Japan",
                ",",
                "and",
                "other",
                ".",
                ")"
            ],
            "startOffsets": [
                619,
                620,
                627,
                630,
                634,
                643,
                646,
                652,
                654,
                659,
                661,
                665,
                673,
                676,
                681,
                683,
                687,
                693,
                694
            ],
            "tags": [
                "-LRB-",
                "VBN",
                "IN",
                "DT",
                "NNP",
                "IN",
                "NNP",
                ",",
                "NNP",
                ",",
                "CC",
                "NNP",
                "IN",
                "NNP",
                ",",
                "CC",
                "NNS",
                ".",
                "-RRB-"
            ],
            "words": [
                "(",
                "Funded",
                "by",
                "the",
                "Ministry",
                "of",
                "Health",
                ",",
                "Labor",
                ",",
                "and",
                "Welfare",
                "of",
                "Japan",
                ",",
                "and",
                "others",
                ".",
                ")"
            ]
        },
        {
            "endOffsets": [
                696
            ],
            "entities": [
                "O"
            ],
            "graphs": {
                "stanford-basic": {
                    "edges": [],
                    "roots": []
                },
                "stanford-collapsed": {
                    "edges": [],
                    "roots": []
                }
            },
            "lemmas": [
                "."
            ],
            "startOffsets": [
                695
            ],
            "tags": [
                "."
            ],
            "words": [
                "."
            ]
        }
    ],
    "text": "The EML4 (echinoderm microtubule-associated protein-like 4)-ALK (anaplastic\nlymphoma kinase) fusion-type tyrosine kinase is an oncoprotein found in 4 to 5%\nof non-small-cell lung cancers, and clinical trials of specific inhibitors of ALK\nfor the treatment of such tumors are currently under way. Here, we report the\ndiscovery of two secondary mutations within the kinase domain of EML4-ALK in\ntumor cells isolated from a patient during the relapse phase of treatment with an\nALK inhibitor. Each mutation developed independently in subclones of the tumor\nand conferred marked resistance to two different ALK inhibitors. (Funded by the\nMinistry of Health, Labor, and Welfare of Japan, and others.)."
}