{
    "id": "21309039",
    "sentences": [
        {
            "endOffsets": [
                3,
                11,
                14,
                23,
                31,
                35,
                41,
                50,
                60,
                64,
                75,
                78,
                86,
                95,
                99,
                103,
                108,
                111,
                119,
                120,
                124,
                128,
                143,
                146,
                151,
                160,
                163,
                175,
                178,
                183,
                186,
                188,
                196,
                204,
                208,
                219,
                227,
                239,
                240
            ],
            "entities": [
                "O",
                "O",
                "O",
                "O",
                "O",
                "O",
                "O",
                "O",
                "O",
                "O",
                "O",
                "O",
                "O",
                "O",
                "O",
                "O",
                "O",
                "O",
                "O",
                "O",
                "O",
                "O",
                "O",
                "O",
                "O",
                "O",
                "O",
                "O",
                "O",
                "O",
                "O",
                "O",
                "O",
                "O",
                "O",
                "O",
                "O",
                "O",
                "O"
            ],
            "graphs": {
                "stanford-basic": {
                    "edges": [
                        {
                            "destination": 0,
                            "relation": "det",
                            "source": 1
                        },
                        {
                            "destination": 2,
                            "relation": "prep",
                            "source": 1
                        },
                        {
                            "destination": 5,
                            "relation": "cc",
                            "source": 1
                        },
                        {
                            "destination": 8,
                            "relation": "conj",
                            "source": 1
                        },
                        {
                            "destination": 4,
                            "relation": "pobj",
                            "source": 2
                        },
                        {
                            "destination": 3,
                            "relation": "nn",
                            "source": 4
                        },
                        {
                            "destination": 7,
                            "relation": "advmod",
                            "source": 6
                        },
                        {
                            "destination": 6,
                            "relation": "amod",
                            "source": 8
                        },
                        {
                            "destination": 9,
                            "relation": "cc",
                            "source": 8
                        },
                        {
                            "destination": 10,
                            "relation": "conj",
                            "source": 8
                        },
                        {
                            "destination": 11,
                            "relation": "prep",
                            "source": 8
                        },
                        {
                            "destination": 13,
                            "relation": "pobj",
                            "source": 11
                        },
                        {
                            "destination": 12,
                            "relation": "nn",
                            "source": 13
                        },
                        {
                            "destination": 15,
                            "relation": "neg",
                            "source": 16
                        },
                        {
                            "destination": 1,
                            "relation": "nsubj",
                            "source": 16
                        },
                        {
                            "destination": 18,
                            "relation": "xcomp",
                            "source": 16
                        },
                        {
                            "destination": 35,
                            "relation": "conj",
                            "source": 16
                        },
                        {
                            "destination": 20,
                            "relation": "cc",
                            "source": 16
                        },
                        {
                            "destination": 14,
                            "relation": "cop",
                            "source": 16
                        },
                        {
                            "destination": 17,
                            "relation": "aux",
                            "source": 18
                        },
                        {
                            "destination": 21,
                            "relation": "det",
                            "source": 22
                        },
                        {
                            "destination": 23,
                            "relation": "prep",
                            "source": 22
                        },
                        {
                            "destination": 25,
                            "relation": "pobj",
                            "source": 23
                        },
                        {
                            "destination": 24,
                            "relation": "amod",
                            "source": 25
                        },
                        {
                            "destination": 26,
                            "relation": "prep",
                            "source": 25
                        },
                        {
                            "destination": 27,
                            "relation": "pobj",
                            "source": 26
                        },
                        {
                            "destination": 28,
                            "relation": "prep",
                            "source": 27
                        },
                        {
                            "destination": 29,
                            "relation": "pobj",
                            "source": 28
                        },
                        {
                            "destination": 30,
                            "relation": "prep",
                            "source": 29
                        },
                        {
                            "destination": 33,
                            "relation": "pobj",
                            "source": 30
                        },
                        {
                            "destination": 31,
                            "relation": "det",
                            "source": 33
                        },
                        {
                            "destination": 32,
                            "relation": "amod",
                            "source": 33
                        },
                        {
                            "destination": 34,
                            "relation": "aux",
                            "source": 35
                        },
                        {
                            "destination": 37,
                            "relation": "dobj",
                            "source": 35
                        },
                        {
                            "destination": 22,
                            "relation": "nsubj",
                            "source": 35
                        },
                        {
                            "destination": 36,
                            "relation": "amod",
                            "source": 37
                        }
                    ],
                    "roots": [
                        16
                    ]
                },
                "stanford-collapsed": {
                    "edges": [
                        {
                            "destination": 0,
                            "relation": "det",
                            "source": 1
                        },
                        {
                            "destination": 4,
                            "relation": "prep_of",
                            "source": 1
                        },
                        {
                            "destination": 8,
                            "relation": "conj_and",
                            "source": 1
                        },
                        {
                            "destination": 10,
                            "relation": "conj_and",
                            "source": 1
                        },
                        {
                            "destination": 3,
                            "relation": "nn",
                            "source": 4
                        },
                        {
                            "destination": 7,
                            "relation": "advmod",
                            "source": 6
                        },
                        {
                            "destination": 6,
                            "relation": "amod",
                            "source": 8
                        },
                        {
                            "destination": 10,
                            "relation": "conj_and",
                            "source": 8
                        },
                        {
                            "destination": 13,
                            "relation": "prep_on",
                            "source": 8
                        },
                        {
                            "destination": 12,
                            "relation": "nn",
                            "source": 13
                        },
                        {
                            "destination": 15,
                            "relation": "neg",
                            "source": 16
                        },
                        {
                            "destination": 1,
                            "relation": "nsubj",
                            "source": 16
                        },
                        {
                            "destination": 18,
                            "relation": "xcomp",
                            "source": 16
                        },
                        {
                            "destination": 35,
                            "relation": "conj_and",
                            "source": 16
                        },
                        {
                            "destination": 8,
                            "relation": "nsubj",
                            "source": 16
                        },
                        {
                            "destination": 14,
                            "relation": "cop",
                            "source": 16
                        },
                        {
                            "destination": 17,
                            "relation": "aux",
                            "source": 18
                        },
                        {
                            "destination": 21,
                            "relation": "det",
                            "source": 22
                        },
                        {
                            "destination": 25,
                            "relation": "prep_of",
                            "source": 22
                        },
                        {
                            "destination": 24,
                            "relation": "amod",
                            "source": 25
                        },
                        {
                            "destination": 27,
                            "relation": "prep_in",
                            "source": 25
                        },
                        {
                            "destination": 29,
                            "relation": "prep_at",
                            "source": 27
                        },
                        {
                            "destination": 33,
                            "relation": "prep_of",
                            "source": 29
                        },
                        {
                            "destination": 31,
                            "relation": "det",
                            "source": 33
                        },
                        {
                            "destination": 32,
                            "relation": "amod",
                            "source": 33
                        },
                        {
                            "destination": 34,
                            "relation": "aux",
                            "source": 35
                        },
                        {
                            "destination": 37,
                            "relation": "dobj",
                            "source": 35
                        },
                        {
                            "destination": 22,
                            "relation": "nsubj",
                            "source": 35
                        },
                        {
                            "destination": 36,
                            "relation": "amod",
                            "source": 37
                        }
                    ],
                    "roots": [
                        16
                    ]
                }
            },
            "lemmas": [
                "the",
                "effect",
                "of",
                "missense",
                "change",
                "and",
                "small",
                "in-frame",
                "deletion",
                "and",
                "insertion",
                "on",
                "protein",
                "function",
                "be",
                "not",
                "easy",
                "to",
                "predict",
                ",",
                "and",
                "the",
                "identification",
                "of",
                "such",
                "variant",
                "in",
                "individual",
                "at",
                "risk",
                "of",
                "a",
                "genetic",
                "disease",
                "can",
                "complicate",
                "genetic",
                "counselling",
                "."
            ],
            "startOffsets": [
                0,
                4,
                12,
                15,
                24,
                32,
                36,
                42,
                51,
                61,
                65,
                76,
                79,
                87,
                96,
                100,
                104,
                109,
                112,
                119,
                121,
                125,
                129,
                144,
                147,
                152,
                161,
                164,
                176,
                179,
                184,
                187,
                189,
                197,
                205,
                209,
                220,
                228,
                239
            ],
            "tags": [
                "DT",
                "NNS",
                "IN",
                "NN",
                "NNS",
                "CC",
                "JJ",
                "RB",
                "NNS",
                "CC",
                "NNS",
                "IN",
                "NN",
                "NN",
                "VBP",
                "RB",
                "JJ",
                "TO",
                "VB",
                ",",
                "CC",
                "DT",
                "NN",
                "IN",
                "JJ",
                "NNS",
                "IN",
                "NNS",
                "IN",
                "NN",
                "IN",
                "DT",
                "JJ",
                "NN",
                "MD",
                "VB",
                "JJ",
                "NN",
                "."
            ],
            "words": [
                "The",
                "effects",
                "of",
                "missense",
                "changes",
                "and",
                "small",
                "in-frame",
                "deletions",
                "and",
                "insertions",
                "on",
                "protein",
                "function",
                "are",
                "not",
                "easy",
                "to",
                "predict",
                ",",
                "and",
                "the",
                "identification",
                "of",
                "such",
                "variants",
                "in",
                "individuals",
                "at",
                "risk",
                "of",
                "a",
                "genetic",
                "disease",
                "can",
                "complicate",
                "genetic",
                "counselling",
                "."
            ]
        },
        {
            "endOffsets": [
                244,
                251,
                254,
                257,
                265,
                276,
                282,
                285,
                292,
                300,
                304,
                313,
                320,
                328,
                337,
                338
            ],
            "entities": [
                "O",
                "O",
                "O",
                "O",
                "O",
                "O",
                "O",
                "O",
                "O",
                "O",
                "O",
                "O",
                "O",
                "O",
                "O",
                "O"
            ],
            "graphs": {
                "stanford-basic": {
                    "edges": [
                        {
                            "destination": 0,
                            "relation": "num",
                            "source": 1
                        },
                        {
                            "destination": 1,
                            "relation": "nsubj",
                            "source": 2
                        },
                        {
                            "destination": 4,
                            "relation": "xcomp",
                            "source": 2
                        },
                        {
                            "destination": 3,
                            "relation": "aux",
                            "source": 4
                        },
                        {
                            "destination": 6,
                            "relation": "dobj",
                            "source": 4
                        },
                        {
                            "destination": 8,
                            "relation": "vmod",
                            "source": 4
                        },
                        {
                            "destination": 5,
                            "relation": "amod",
                            "source": 6
                        },
                        {
                            "destination": 7,
                            "relation": "aux",
                            "source": 8
                        },
                        {
                            "destination": 12,
                            "relation": "ccomp",
                            "source": 8
                        },
                        {
                            "destination": 10,
                            "relation": "det",
                            "source": 11
                        },
                        {
                            "destination": 9,
                            "relation": "mark",
                            "source": 12
                        },
                        {
                            "destination": 11,
                            "relation": "nsubj",
                            "source": 12
                        },
                        {
                            "destination": 14,
                            "relation": "dobj",
                            "source": 12
                        },
                        {
                            "destination": 13,
                            "relation": "nn",
                            "source": 14
                        }
                    ],
                    "roots": [
                        2
                    ]
                },
                "stanford-collapsed": {
                    "edges": [
                        {
                            "destination": 0,
                            "relation": "num",
                            "source": 1
                        },
                        {
                            "destination": 1,
                            "relation": "nsubj",
                            "source": 2
                        },
                        {
                            "destination": 4,
                            "relation": "xcomp",
                            "source": 2
                        },
                        {
                            "destination": 3,
                            "relation": "aux",
                            "source": 4
                        },
                        {
                            "destination": 6,
                            "relation": "dobj",
                            "source": 4
                        },
                        {
                            "destination": 8,
                            "relation": "vmod",
                            "source": 4
                        },
                        {
                            "destination": 5,
                            "relation": "amod",
                            "source": 6
                        },
                        {
                            "destination": 7,
                            "relation": "aux",
                            "source": 8
                        },
                        {
                            "destination": 12,
                            "relation": "ccomp",
                            "source": 8
                        },
                        {
                            "destination": 10,
                            "relation": "det",
                            "source": 11
                        },
                        {
                            "destination": 9,
                            "relation": "mark",
                            "source": 12
                        },
                        {
                            "destination": 11,
                            "relation": "nsubj",
                            "source": 12
                        },
                        {
                            "destination": 14,
                            "relation": "dobj",
                            "source": 12
                        },
                        {
                            "destination": 13,
                            "relation": "nn",
                            "source": 14
                        }
                    ],
                    "roots": [
                        2
                    ]
                }
            },
            "lemmas": [
                "one",
                "option",
                "be",
                "to",
                "perform",
                "functional",
                "test",
                "to",
                "assess",
                "whether",
                "the",
                "variant",
                "affect",
                "protein",
                "function",
                "."
            ],
            "startOffsets": [
                241,
                245,
                252,
                255,
                258,
                266,
                277,
                283,
                286,
                293,
                301,
                305,
                314,
                321,
                329,
                337
            ],
            "tags": [
                "CD",
                "NN",
                "VBZ",
                "TO",
                "VB",
                "JJ",
                "NNS",
                "TO",
                "VB",
                "IN",
                "DT",
                "NNS",
                "VBP",
                "NN",
                "NN",
                "."
            ],
            "words": [
                "One",
                "option",
                "is",
                "to",
                "perform",
                "functional",
                "tests",
                "to",
                "assess",
                "whether",
                "the",
                "variants",
                "affect",
                "protein",
                "function",
                "."
            ]
        },
        {
            "endOffsets": [
                341,
                346,
                351,
                356,
                365,
                368,
                381,
                390,
                401,
                405,
                409,
                414,
                418,
                423,
                429,
                432,
                444,
                449,
                450,
                453,
                463,
                466,
                473,
                474,
                483,
                494,
                502,
                504,
                507,
                508,
                509
            ],
            "entities": [
                "O",
                "O",
                "O",
                "O",
                "O",
                "O",
                "O",
                "O",
                "O",
                "O",
                "O",
                "B-Gene_or_gene_product",
                "O",
                "B-Gene_or_gene_product",
                "O",
                "O",
                "O",
                "O",
                "O",
                "O",
                "O",
                "O",
                "O",
                "O",
                "O",
                "O",
                "O",
                "O",
                "B-Family",
                "O",
                "O"
            ],
            "graphs": {
                "stanford-basic": {
                    "edges": [
                        {
                            "destination": 0,
                            "relation": "nsubj",
                            "source": 2
                        },
                        {
                            "destination": 1,
                            "relation": "aux",
                            "source": 2
                        },
                        {
                            "destination": 4,
                            "relation": "dobj",
                            "source": 2
                        },
                        {
                            "destination": 3,
                            "relation": "det",
                            "source": 4
                        },
                        {
                            "destination": 6,
                            "relation": "vmod",
                            "source": 4
                        },
                        {
                            "destination": 5,
                            "relation": "aux",
                            "source": 6
                        },
                        {
                            "destination": 7,
                            "relation": "dobj",
                            "source": 6
                        },
                        {
                            "destination": 8,
                            "relation": "dep",
                            "source": 7
                        },
                        {
                            "destination": 15,
                            "relation": "prep",
                            "source": 8
                        },
                        {
                            "destination": 17,
                            "relation": "prep",
                            "source": 8
                        },
                        {
                            "destination": 19,
                            "relation": "cc",
                            "source": 8
                        },
                        {
                            "destination": 20,
                            "relation": "conj",
                            "source": 8
                        },
                        {
                            "destination": 9,
                            "relation": "prep",
                            "source": 8
                        },
                        {
                            "destination": 14,
                            "relation": "pobj",
                            "source": 9
                        },
                        {
                            "destination": 12,
                            "relation": "cc",
                            "source": 11
                        },
                        {
                            "destination": 13,
                            "relation": "conj",
                            "source": 11
                        },
                        {
                            "destination": 10,
                            "relation": "det",
                            "source": 14
                        },
                        {
                            "destination": 11,
                            "relation": "nn",
                            "source": 14
                        },
                        {
                            "destination": 16,
                            "relation": "pobj",
                            "source": 15
                        },
                        {
                            "destination": 21,
                            "relation": "prep",
                            "source": 20
                        },
                        {
                            "destination": 22,
                            "relation": "pobj",
                            "source": 21
                        },
                        {
                            "destination": 26,
                            "relation": "appos",
                            "source": 22
                        },
                        {
                            "destination": 24,
                            "relation": "nn",
                            "source": 26
                        },
                        {
                            "destination": 25,
                            "relation": "nn",
                            "source": 26
                        },
                        {
                            "destination": 28,
                            "relation": "appos",
                            "source": 26
                        }
                    ],
                    "roots": [
                        2
                    ]
                },
                "stanford-collapsed": {
                    "edges": [
                        {
                            "destination": 0,
                            "relation": "nsubj",
                            "source": 2
                        },
                        {
                            "destination": 1,
                            "relation": "aux",
                            "source": 2
                        },
                        {
                            "destination": 4,
                            "relation": "dobj",
                            "source": 2
                        },
                        {
                            "destination": 3,
                            "relation": "det",
                            "source": 4
                        },
                        {
                            "destination": 6,
                            "relation": "vmod",
                            "source": 4
                        },
                        {
                            "destination": 5,
                            "relation": "aux",
                            "source": 6
                        },
                        {
                            "destination": 7,
                            "relation": "dobj",
                            "source": 6
                        },
                        {
                            "destination": 20,
                            "relation": "dep",
                            "source": 7
                        },
                        {
                            "destination": 8,
                            "relation": "dep",
                            "source": 7
                        },
                        {
                            "destination": 16,
                            "relation": "prep_in",
                            "source": 8
                        },
                        {
                            "destination": 17,
                            "relation": "prep",
                            "source": 8
                        },
                        {
                            "destination": 20,
                            "relation": "conj_or",
                            "source": 8
                        },
                        {
                            "destination": 14,
                            "relation": "prep_in",
                            "source": 8
                        },
                        {
                            "destination": 13,
                            "relation": "conj_and",
                            "source": 11
                        },
                        {
                            "destination": 10,
                            "relation": "det",
                            "source": 14
                        },
                        {
                            "destination": 11,
                            "relation": "nn",
                            "source": 14
                        },
                        {
                            "destination": 13,
                            "relation": "nn",
                            "source": 14
                        },
                        {
                            "destination": 22,
                            "relation": "prep_of",
                            "source": 20
                        },
                        {
                            "destination": 26,
                            "relation": "appos",
                            "source": 22
                        },
                        {
                            "destination": 24,
                            "relation": "nn",
                            "source": 26
                        },
                        {
                            "destination": 25,
                            "relation": "nn",
                            "source": 26
                        },
                        {
                            "destination": 28,
                            "relation": "appos",
                            "source": 26
                        }
                    ],
                    "roots": [
                        2
                    ]
                }
            },
            "lemmas": [
                "we",
                "have",
                "use",
                "this",
                "strategy",
                "to",
                "characterize",
                "variant",
                "identify",
                "in",
                "the",
                "tsc1",
                "and",
                "tsc2",
                "gene",
                "in",
                "individual",
                "with",
                ",",
                "or",
                "suspect",
                "of",
                "have",
                ",",
                "Tuberous",
                "Sclerosis",
                "complex",
                "(",
                "TSC",
                ")",
                "."
            ],
            "startOffsets": [
                339,
                342,
                347,
                352,
                357,
                366,
                369,
                382,
                391,
                403,
                406,
                410,
                415,
                419,
                424,
                430,
                433,
                445,
                449,
                451,
                454,
                464,
                467,
                473,
                475,
                485,
                495,
                503,
                504,
                507,
                508
            ],
            "tags": [
                "PRP",
                "VBP",
                "VBN",
                "DT",
                "NN",
                "TO",
                "VB",
                "NNS",
                "VBN",
                "IN",
                "DT",
                "NN",
                "CC",
                "NN",
                "NNS",
                "IN",
                "NNS",
                "IN",
                ",",
                "CC",
                "VBN",
                "IN",
                "VBG",
                ",",
                "NNP",
                "NNP",
                "NN",
                "-LRB-",
                "NNP",
                "-RRB-",
                "."
            ],
            "words": [
                "We",
                "have",
                "used",
                "this",
                "strategy",
                "to",
                "characterize",
                "variants",
                "identified",
                "in",
                "the",
                "TSC1",
                "and",
                "TSC2",
                "genes",
                "in",
                "individuals",
                "with",
                ",",
                "or",
                "suspected",
                "of",
                "having",
                ",",
                "Tuberous",
                "Sclerosis",
                "Complex",
                "(",
                "TSC",
                ")",
                "."
            ]
        },
        {
            "endOffsets": [
                514,
                517,
                525,
                528,
                537,
                540,
                544,
                555,
                563,
                566,
                569,
                574,
                578,
                582,
                587,
                596,
                597
            ],
            "entities": [
                "O",
                "O",
                "O",
                "O",
                "O",
                "O",
                "O",
                "O",
                "O",
                "O",
                "O",
                "B-Gene_or_gene_product",
                "O",
                "O",
                "B-Gene_or_gene_product",
                "O",
                "O"
            ],
            "graphs": {
                "stanford-basic": {
                    "edges": [
                        {
                            "destination": 0,
                            "relation": "advmod",
                            "source": 2
                        },
                        {
                            "destination": 1,
                            "relation": "nsubj",
                            "source": 2
                        },
                        {
                            "destination": 4,
                            "relation": "dobj",
                            "source": 2
                        },
                        {
                            "destination": 9,
                            "relation": "prep",
                            "source": 2
                        },
                        {
                            "destination": 3,
                            "relation": "det",
                            "source": 4
                        },
                        {
                            "destination": 5,
                            "relation": "prep",
                            "source": 4
                        },
                        {
                            "destination": 8,
                            "relation": "pobj",
                            "source": 5
                        },
                        {
                            "destination": 6,
                            "relation": "poss",
                            "source": 8
                        },
                        {
                            "destination": 7,
                            "relation": "amod",
                            "source": 8
                        },
                        {
                            "destination": 11,
                            "relation": "pobj",
                            "source": 9
                        },
                        {
                            "destination": 15,
                            "relation": "conj",
                            "source": 11
                        },
                        {
                            "destination": 10,
                            "relation": "num",
                            "source": 11
                        },
                        {
                            "destination": 12,
                            "relation": "cc",
                            "source": 11
                        },
                        {
                            "destination": 13,
                            "relation": "num",
                            "source": 15
                        },
                        {
                            "destination": 14,
                            "relation": "nn",
                            "source": 15
                        }
                    ],
                    "roots": [
                        2
                    ]
                },
                "stanford-collapsed": {
                    "edges": [
                        {
                            "destination": 15,
                            "relation": "prep_on",
                            "source": 2
                        },
                        {
                            "destination": 0,
                            "relation": "advmod",
                            "source": 2
                        },
                        {
                            "destination": 1,
                            "relation": "nsubj",
                            "source": 2
                        },
                        {
                            "destination": 4,
                            "relation": "dobj",
                            "source": 2
                        },
                        {
                            "destination": 11,
                            "relation": "prep_on",
                            "source": 2
                        },
                        {
                            "destination": 3,
                            "relation": "det",
                            "source": 4
                        },
                        {
                            "destination": 8,
                            "relation": "prep_of",
                            "source": 4
                        },
                        {
                            "destination": 6,
                            "relation": "poss",
                            "source": 8
                        },
                        {
                            "destination": 7,
                            "relation": "amod",
                            "source": 8
                        },
                        {
                            "destination": 15,
                            "relation": "conj_and",
                            "source": 11
                        },
                        {
                            "destination": 10,
                            "relation": "num",
                            "source": 11
                        },
                        {
                            "destination": 13,
                            "relation": "num",
                            "source": 15
                        },
                        {
                            "destination": 14,
                            "relation": "nn",
                            "source": 15
                        }
                    ],
                    "roots": [
                        2
                    ]
                }
            },
            "lemmas": [
                "here",
                "we",
                "present",
                "a",
                "overview",
                "of",
                "we",
                "functional",
                "study",
                "on",
                "45",
                "tsc1",
                "and",
                "107",
                "tsc2",
                "variant",
                "."
            ],
            "startOffsets": [
                510,
                515,
                518,
                526,
                529,
                538,
                541,
                545,
                556,
                564,
                567,
                570,
                575,
                579,
                583,
                588,
                596
            ],
            "tags": [
                "RB",
                "PRP",
                "VBP",
                "DT",
                "NN",
                "IN",
                "PRP$",
                "JJ",
                "NNS",
                "IN",
                "CD",
                "NN",
                "CC",
                "CD",
                "NN",
                "NNS",
                "."
            ],
            "words": [
                "Here",
                "we",
                "present",
                "an",
                "overview",
                "of",
                "our",
                "functional",
                "studies",
                "on",
                "45",
                "TSC1",
                "and",
                "107",
                "TSC2",
                "variants",
                "."
            ]
        },
        {
            "endOffsets": [
                603,
                605,
                618,
                627,
                630,
                641,
                644,
                649,
                658,
                662,
                665,
                670,
                679,
                682,
                693,
                694
            ],
            "entities": [
                "O",
                "O",
                "O",
                "O",
                "O",
                "O",
                "O",
                "B-Gene_or_gene_product",
                "O",
                "O",
                "O",
                "B-Gene_or_gene_product",
                "O",
                "O",
                "O",
                "O"
            ],
            "graphs": {
                "stanford-basic": {
                    "edges": [
                        {
                            "destination": 3,
                            "relation": "dobj",
                            "source": 0
                        },
                        {
                            "destination": 1,
                            "relation": "det",
                            "source": 3
                        },
                        {
                            "destination": 2,
                            "relation": "amod",
                            "source": 3
                        },
                        {
                            "destination": 0,
                            "relation": "dep",
                            "source": 5
                        },
                        {
                            "destination": 4,
                            "relation": "nsubj",
                            "source": 5
                        },
                        {
                            "destination": 8,
                            "relation": "dobj",
                            "source": 5
                        },
                        {
                            "destination": 13,
                            "relation": "prep",
                            "source": 5
                        },
                        {
                            "destination": 6,
                            "relation": "num",
                            "source": 8
                        },
                        {
                            "destination": 7,
                            "relation": "nn",
                            "source": 8
                        },
                        {
                            "destination": 9,
                            "relation": "cc",
                            "source": 8
                        },
                        {
                            "destination": 12,
                            "relation": "conj",
                            "source": 8
                        },
                        {
                            "destination": 10,
                            "relation": "num",
                            "source": 12
                        },
                        {
                            "destination": 11,
                            "relation": "nn",
                            "source": 12
                        },
                        {
                            "destination": 14,
                            "relation": "pobj",
                            "source": 13
                        }
                    ],
                    "roots": [
                        5
                    ]
                },
                "stanford-collapsed": {
                    "edges": [
                        {
                            "destination": 3,
                            "relation": "dobj",
                            "source": 0
                        },
                        {
                            "destination": 1,
                            "relation": "det",
                            "source": 3
                        },
                        {
                            "destination": 2,
                            "relation": "amod",
                            "source": 3
                        },
                        {
                            "destination": 0,
                            "relation": "dep",
                            "source": 5
                        },
                        {
                            "destination": 4,
                            "relation": "nsubj",
                            "source": 5
                        },
                        {
                            "destination": 8,
                            "relation": "dobj",
                            "source": 5
                        },
                        {
                            "destination": 12,
                            "relation": "dobj",
                            "source": 5
                        },
                        {
                            "destination": 14,
                            "relation": "prep_as",
                            "source": 5
                        },
                        {
                            "destination": 6,
                            "relation": "num",
                            "source": 8
                        },
                        {
                            "destination": 7,
                            "relation": "nn",
                            "source": 8
                        },
                        {
                            "destination": 12,
                            "relation": "conj_and",
                            "source": 8
                        },
                        {
                            "destination": 10,
                            "relation": "num",
                            "source": 12
                        },
                        {
                            "destination": 11,
                            "relation": "nn",
                            "source": 12
                        }
                    ],
                    "roots": [
                        5
                    ]
                }
            },
            "lemmas": [
                "use",
                "a",
                "standardized",
                "protocol",
                "we",
                "classify",
                "16",
                "tsc1",
                "variant",
                "and",
                "70",
                "tsc2",
                "variant",
                "as",
                "pathogenic",
                "."
            ],
            "startOffsets": [
                598,
                604,
                606,
                619,
                628,
                631,
                642,
                645,
                650,
                659,
                663,
                666,
                671,
                680,
                683,
                693
            ],
            "tags": [
                "VBG",
                "DT",
                "JJ",
                "NN",
                "PRP",
                "VBD",
                "CD",
                "NN",
                "NNS",
                "CC",
                "CD",
                "NN",
                "NNS",
                "IN",
                "JJ",
                "."
            ],
            "words": [
                "Using",
                "a",
                "standardized",
                "protocol",
                "we",
                "classified",
                "16",
                "TSC1",
                "variants",
                "and",
                "70",
                "TSC2",
                "variants",
                "as",
                "pathogenic",
                "."
            ]
        },
        {
            "endOffsets": [
                697,
                706,
                709,
                720,
                726,
                735,
                742,
                747,
                757,
                759,
                763,
                768,
                772,
                778,
                783,
                784,
                785
            ],
            "entities": [
                "O",
                "O",
                "O",
                "O",
                "O",
                "O",
                "O",
                "O",
                "O",
                "O",
                "O",
                "B-Gene_or_gene_product",
                "O",
                "O",
                "B-Gene_or_gene_product",
                "O",
                "O"
            ],
            "graphs": {
                "stanford-basic": {
                    "edges": [
                        {
                            "destination": 1,
                            "relation": "pobj",
                            "source": 0
                        },
                        {
                            "destination": 0,
                            "relation": "prep",
                            "source": 3
                        },
                        {
                            "destination": 2,
                            "relation": "nsubj",
                            "source": 3
                        },
                        {
                            "destination": 8,
                            "relation": "dobj",
                            "source": 3
                        },
                        {
                            "destination": 4,
                            "relation": "num",
                            "source": 8
                        },
                        {
                            "destination": 5,
                            "relation": "amod",
                            "source": 8
                        },
                        {
                            "destination": 6,
                            "relation": "nn",
                            "source": 8
                        },
                        {
                            "destination": 7,
                            "relation": "nn",
                            "source": 8
                        },
                        {
                            "destination": 11,
                            "relation": "dep",
                            "source": 8
                        },
                        {
                            "destination": 10,
                            "relation": "num",
                            "source": 11
                        },
                        {
                            "destination": 12,
                            "relation": "cc",
                            "source": 11
                        },
                        {
                            "destination": 14,
                            "relation": "conj",
                            "source": 11
                        },
                        {
                            "destination": 13,
                            "relation": "num",
                            "source": 14
                        }
                    ],
                    "roots": [
                        3
                    ]
                },
                "stanford-collapsed": {
                    "edges": [
                        {
                            "destination": 1,
                            "relation": "prep_in",
                            "source": 3
                        },
                        {
                            "destination": 2,
                            "relation": "nsubj",
                            "source": 3
                        },
                        {
                            "destination": 8,
                            "relation": "dobj",
                            "source": 3
                        },
                        {
                            "destination": 4,
                            "relation": "num",
                            "source": 8
                        },
                        {
                            "destination": 5,
                            "relation": "amod",
                            "source": 8
                        },
                        {
                            "destination": 6,
                            "relation": "nn",
                            "source": 8
                        },
                        {
                            "destination": 7,
                            "relation": "nn",
                            "source": 8
                        },
                        {
                            "destination": 11,
                            "relation": "dep",
                            "source": 8
                        },
                        {
                            "destination": 14,
                            "relation": "dep",
                            "source": 8
                        },
                        {
                            "destination": 10,
                            "relation": "num",
                            "source": 11
                        },
                        {
                            "destination": 14,
                            "relation": "conj_and",
                            "source": 11
                        },
                        {
                            "destination": 13,
                            "relation": "num",
                            "source": 14
                        }
                    ],
                    "roots": [
                        3
                    ]
                }
            },
            "lemmas": [
                "in",
                "addition",
                "we",
                "identify",
                "eight",
                "putative",
                "splice",
                "site",
                "mutation",
                "(",
                "five",
                "tsc1",
                "and",
                "three",
                "tsc2",
                ")",
                "."
            ],
            "startOffsets": [
                695,
                698,
                707,
                710,
                721,
                727,
                736,
                743,
                748,
                758,
                759,
                764,
                769,
                773,
                779,
                783,
                784
            ],
            "tags": [
                "IN",
                "NN",
                "PRP",
                "VBD",
                "CD",
                "JJ",
                "NN",
                "NN",
                "NNS",
                "-LRB-",
                "CD",
                "NN",
                "CC",
                "CD",
                "NN",
                "-RRB-",
                "."
            ],
            "words": [
                "In",
                "addition",
                "we",
                "identified",
                "eight",
                "putative",
                "splice",
                "site",
                "mutations",
                "(",
                "five",
                "TSC1",
                "and",
                "three",
                "TSC2",
                ")",
                "."
            ]
        },
        {
            "endOffsets": [
                789,
                799,
                802,
                807,
                812,
                815,
                820,
                829,
                834,
                845,
                848,
                857,
                865,
                866
            ],
            "entities": [
                "O",
                "O",
                "O",
                "B-Gene_or_gene_product",
                "O",
                "O",
                "B-Gene_or_gene_product",
                "O",
                "O",
                "O",
                "O",
                "O",
                "O",
                "O"
            ],
            "graphs": {
                "stanford-basic": {
                    "edges": [
                        {
                            "destination": 0,
                            "relation": "det",
                            "source": 3
                        },
                        {
                            "destination": 1,
                            "relation": "amod",
                            "source": 3
                        },
                        {
                            "destination": 2,
                            "relation": "amod",
                            "source": 3
                        },
                        {
                            "destination": 4,
                            "relation": "cc",
                            "source": 3
                        },
                        {
                            "destination": 7,
                            "relation": "conj",
                            "source": 3
                        },
                        {
                            "destination": 5,
                            "relation": "num",
                            "source": 7
                        },
                        {
                            "destination": 6,
                            "relation": "nn",
                            "source": 7
                        },
                        {
                            "destination": 3,
                            "relation": "nsubjpass",
                            "source": 9
                        },
                        {
                            "destination": 8,
                            "relation": "auxpass",
                            "source": 9
                        },
                        {
                            "destination": 10,
                            "relation": "prep",
                            "source": 9
                        },
                        {
                            "destination": 12,
                            "relation": "pobj",
                            "source": 10
                        },
                        {
                            "destination": 11,
                            "relation": "advmod",
                            "source": 12
                        }
                    ],
                    "roots": [
                        9
                    ]
                },
                "stanford-collapsed": {
                    "edges": [
                        {
                            "destination": 0,
                            "relation": "det",
                            "source": 3
                        },
                        {
                            "destination": 1,
                            "relation": "amod",
                            "source": 3
                        },
                        {
                            "destination": 2,
                            "relation": "amod",
                            "source": 3
                        },
                        {
                            "destination": 7,
                            "relation": "conj_and",
                            "source": 3
                        },
                        {
                            "destination": 5,
                            "relation": "num",
                            "source": 7
                        },
                        {
                            "destination": 6,
                            "relation": "nn",
                            "source": 7
                        },
                        {
                            "destination": 3,
                            "relation": "nsubjpass",
                            "source": 9
                        },
                        {
                            "destination": 7,
                            "relation": "nsubjpass",
                            "source": 9
                        },
                        {
                            "destination": 8,
                            "relation": "auxpass",
                            "source": 9
                        },
                        {
                            "destination": 12,
                            "relation": "prep_as",
                            "source": 9
                        },
                        {
                            "destination": 11,
                            "relation": "advmod",
                            "source": 12
                        }
                    ],
                    "roots": [
                        9
                    ]
                }
            },
            "lemmas": [
                "the",
                "remain",
                "24",
                "tsc1",
                "and",
                "34",
                "tsc2",
                "variant",
                "be",
                "classify",
                "as",
                "probably",
                "neutral",
                "."
            ],
            "startOffsets": [
                786,
                790,
                800,
                803,
                809,
                813,
                816,
                821,
                830,
                835,
                846,
                849,
                858,
                865
            ],
            "tags": [
                "DT",
                "VBG",
                "CD",
                "NN",
                "CC",
                "CD",
                "NN",
                "NNS",
                "VBD",
                "VBN",
                "IN",
                "RB",
                "JJ",
                "."
            ],
            "words": [
                "The",
                "remaining",
                "24",
                "TSC1",
                "and",
                "34",
                "TSC2",
                "variants",
                "were",
                "classified",
                "as",
                "probably",
                "neutral",
                "."
            ]
        }
    ],
    "text": "The effects of missense changes and small in-frame deletions and insertions on\nprotein function are not easy to predict, and the identification of such variants\nin individuals at risk of a genetic disease can complicate genetic counselling.\nOne option is to perform functional tests to assess whether the variants affect\nprotein function. We have used this strategy to characterize variants identified \nin the TSC1 and TSC2 genes in individuals with, or suspected of having, Tuberous \nSclerosis Complex (TSC). Here we present an overview of our functional studies on\n45 TSC1 and 107 TSC2 variants. Using a standardized protocol we classified 16\nTSC1 variants and 70 TSC2 variants as pathogenic. In addition we identified eight\nputative splice site mutations (five TSC1 and three TSC2). The remaining 24 TSC1 \nand 34 TSC2 variants were classified as probably neutral."
}