{
    "id": "21997850",
    "sentences": [
        {
            "endOffsets": [
                3,
                11,
                21,
                24,
                35,
                49,
                55,
                57,
                61,
                65,
                70,
                71,
                76,
                81,
                92,
                95,
                97,
                108,
                111,
                123,
                136,
                137
            ],
            "entities": [
                "O",
                "O",
                "O",
                "O",
                "B-Simple_chemical",
                "O",
                "O",
                "O",
                "B-Gene_or_gene_product",
                "O",
                "B-Gene_or_gene_product",
                "O",
                "O",
                "O",
                "O",
                "O",
                "O",
                "O",
                "O",
                "O",
                "O",
                "O"
            ],
            "graphs": {
                "stanford-basic": {
                    "edges": [
                        {
                            "destination": 0,
                            "relation": "det",
                            "source": 2
                        },
                        {
                            "destination": 1,
                            "relation": "amod",
                            "source": 2
                        },
                        {
                            "destination": 3,
                            "relation": "prep",
                            "source": 2
                        },
                        {
                            "destination": 8,
                            "relation": "dep",
                            "source": 2
                        },
                        {
                            "destination": 6,
                            "relation": "pobj",
                            "source": 3
                        },
                        {
                            "destination": 4,
                            "relation": "nn",
                            "source": 6
                        },
                        {
                            "destination": 5,
                            "relation": "nn",
                            "source": 6
                        },
                        {
                            "destination": 9,
                            "relation": "cc",
                            "source": 8
                        },
                        {
                            "destination": 10,
                            "relation": "conj",
                            "source": 8
                        },
                        {
                            "destination": 15,
                            "relation": "prep",
                            "source": 14
                        },
                        {
                            "destination": 2,
                            "relation": "nsubjpass",
                            "source": 14
                        },
                        {
                            "destination": 12,
                            "relation": "aux",
                            "source": 14
                        },
                        {
                            "destination": 13,
                            "relation": "auxpass",
                            "source": 14
                        },
                        {
                            "destination": 17,
                            "relation": "pobj",
                            "source": 15
                        },
                        {
                            "destination": 16,
                            "relation": "det",
                            "source": 17
                        },
                        {
                            "destination": 18,
                            "relation": "prep",
                            "source": 17
                        },
                        {
                            "destination": 20,
                            "relation": "pobj",
                            "source": 18
                        },
                        {
                            "destination": 19,
                            "relation": "amod",
                            "source": 20
                        }
                    ],
                    "roots": [
                        14
                    ]
                },
                "stanford-collapsed": {
                    "edges": [
                        {
                            "destination": 0,
                            "relation": "det",
                            "source": 2
                        },
                        {
                            "destination": 1,
                            "relation": "amod",
                            "source": 2
                        },
                        {
                            "destination": 6,
                            "relation": "prep_of",
                            "source": 2
                        },
                        {
                            "destination": 8,
                            "relation": "dep",
                            "source": 2
                        },
                        {
                            "destination": 10,
                            "relation": "dep",
                            "source": 2
                        },
                        {
                            "destination": 4,
                            "relation": "nn",
                            "source": 6
                        },
                        {
                            "destination": 5,
                            "relation": "nn",
                            "source": 6
                        },
                        {
                            "destination": 10,
                            "relation": "conj_and",
                            "source": 8
                        },
                        {
                            "destination": 17,
                            "relation": "prep_in",
                            "source": 14
                        },
                        {
                            "destination": 2,
                            "relation": "nsubjpass",
                            "source": 14
                        },
                        {
                            "destination": 12,
                            "relation": "aux",
                            "source": 14
                        },
                        {
                            "destination": 13,
                            "relation": "auxpass",
                            "source": 14
                        },
                        {
                            "destination": 16,
                            "relation": "det",
                            "source": 17
                        },
                        {
                            "destination": 20,
                            "relation": "prep_of",
                            "source": 17
                        },
                        {
                            "destination": 19,
                            "relation": "amod",
                            "source": 20
                        }
                    ],
                    "roots": [
                        14
                    ]
                }
            },
            "lemmas": [
                "the",
                "somatic",
                "mutation",
                "of",
                "isocitrate",
                "dehydrogenase",
                "gene",
                "(",
                "idh1",
                "and",
                "idh2",
                ")",
                "have",
                "be",
                "identify",
                "in",
                "a",
                "proportion",
                "of",
                "hematologic",
                "malignancy",
                "."
            ],
            "startOffsets": [
                0,
                4,
                12,
                22,
                25,
                36,
                50,
                56,
                57,
                62,
                66,
                70,
                72,
                77,
                82,
                93,
                96,
                98,
                109,
                112,
                124,
                136
            ],
            "tags": [
                "DT",
                "JJ",
                "NNS",
                "IN",
                "NN",
                "NN",
                "NNS",
                "-LRB-",
                "NN",
                "CC",
                "NN",
                "-RRB-",
                "VBP",
                "VBN",
                "VBN",
                "IN",
                "DT",
                "NN",
                "IN",
                "JJ",
                "NNS",
                "."
            ],
            "words": [
                "The",
                "somatic",
                "mutations",
                "of",
                "isocitrate",
                "dehydrogenase",
                "genes",
                "(",
                "IDH1",
                "and",
                "IDH2",
                ")",
                "have",
                "been",
                "identified",
                "in",
                "a",
                "proportion",
                "of",
                "hematologic",
                "malignancies",
                "."
            ]
        },
        {
            "endOffsets": [
                140,
                149,
                154,
                159,
                163,
                168,
                173,
                174,
                178,
                188,
                191,
                196,
                207,
                215,
                224,
                228,
                235,
                246,
                249,
                257,
                266,
                271,
                281,
                289,
                302,
                312,
                316,
                323,
                331,
                340,
                342,
                345,
                346,
                347,
                350,
                366,
                375,
                377,
                380,
                381,
                382,
                385,
                393,
                401,
                410,
                411,
                415,
                418,
                437,
                447,
                448
            ],
            "entities": [
                "O",
                "O",
                "B-Gene_or_gene_product",
                "O",
                "O",
                "B-Gene_or_gene_product",
                "O",
                "O",
                "B-Gene_or_gene_product",
                "I-Gene_or_gene_product",
                "O",
                "O",
                "O",
                "O",
                "O",
                "O",
                "O",
                "O",
                "O",
                "O",
                "O",
                "O",
                "O",
                "O",
                "O",
                "O",
                "O",
                "O",
                "B-TissueType",
                "I-TissueType",
                "O",
                "O",
                "O",
                "O",
                "O",
                "O",
                "O",
                "O",
                "B-Gene_or_gene_product",
                "O",
                "O",
                "O",
                "O",
                "B-TissueType",
                "I-TissueType",
                "O",
                "O",
                "O",
                "O",
                "O",
                "O"
            ],
            "graphs": {
                "stanford-basic": {
                    "edges": [
                        {
                            "destination": 0,
                            "relation": "nsubj",
                            "source": 1
                        },
                        {
                            "destination": 3,
                            "relation": "dobj",
                            "source": 1
                        },
                        {
                            "destination": 21,
                            "relation": "prep",
                            "source": 1
                        },
                        {
                            "destination": 10,
                            "relation": "prep",
                            "source": 1
                        },
                        {
                            "destination": 2,
                            "relation": "nn",
                            "source": 3
                        },
                        {
                            "destination": 4,
                            "relation": "cc",
                            "source": 3
                        },
                        {
                            "destination": 6,
                            "relation": "conj",
                            "source": 3
                        },
                        {
                            "destination": 7,
                            "relation": "cc",
                            "source": 3
                        },
                        {
                            "destination": 9,
                            "relation": "conj",
                            "source": 3
                        },
                        {
                            "destination": 5,
                            "relation": "nn",
                            "source": 6
                        },
                        {
                            "destination": 8,
                            "relation": "nn",
                            "source": 9
                        },
                        {
                            "destination": 14,
                            "relation": "pobj",
                            "source": 10
                        },
                        {
                            "destination": 15,
                            "relation": "cc",
                            "source": 14
                        },
                        {
                            "destination": 17,
                            "relation": "conj",
                            "source": 14
                        },
                        {
                            "destination": 18,
                            "relation": "prep",
                            "source": 14
                        },
                        {
                            "destination": 11,
                            "relation": "amod",
                            "source": 14
                        },
                        {
                            "destination": 12,
                            "relation": "nn",
                            "source": 14
                        },
                        {
                            "destination": 13,
                            "relation": "nn",
                            "source": 14
                        },
                        {
                            "destination": 16,
                            "relation": "amod",
                            "source": 17
                        },
                        {
                            "destination": 20,
                            "relation": "pobj",
                            "source": 18
                        },
                        {
                            "destination": 19,
                            "relation": "amod",
                            "source": 20
                        },
                        {
                            "destination": 24,
                            "relation": "pobj",
                            "source": 21
                        },
                        {
                            "destination": 49,
                            "relation": "conj",
                            "source": 24
                        },
                        {
                            "destination": 36,
                            "relation": "conj",
                            "source": 24
                        },
                        {
                            "destination": 22,
                            "relation": "amod",
                            "source": 24
                        },
                        {
                            "destination": 23,
                            "relation": "amod",
                            "source": 24
                        },
                        {
                            "destination": 25,
                            "relation": "prep",
                            "source": 24
                        },
                        {
                            "destination": 44,
                            "relation": "conj",
                            "source": 24
                        },
                        {
                            "destination": 46,
                            "relation": "cc",
                            "source": 24
                        },
                        {
                            "destination": 29,
                            "relation": "pobj",
                            "source": 25
                        },
                        {
                            "destination": 27,
                            "relation": "amod",
                            "source": 28
                        },
                        {
                            "destination": 31,
                            "relation": "appos",
                            "source": 29
                        },
                        {
                            "destination": 26,
                            "relation": "num",
                            "source": 29
                        },
                        {
                            "destination": 28,
                            "relation": "amod",
                            "source": 29
                        },
                        {
                            "destination": 34,
                            "relation": "num",
                            "source": 36
                        },
                        {
                            "destination": 35,
                            "relation": "amod",
                            "source": 36
                        },
                        {
                            "destination": 38,
                            "relation": "appos",
                            "source": 36
                        },
                        {
                            "destination": 41,
                            "relation": "num",
                            "source": 44
                        },
                        {
                            "destination": 42,
                            "relation": "amod",
                            "source": 44
                        },
                        {
                            "destination": 43,
                            "relation": "amod",
                            "source": 44
                        },
                        {
                            "destination": 47,
                            "relation": "num",
                            "source": 49
                        },
                        {
                            "destination": 48,
                            "relation": "amod",
                            "source": 49
                        }
                    ],
                    "roots": [
                        1
                    ]
                },
                "stanford-collapsed": {
                    "edges": [
                        {
                            "destination": 0,
                            "relation": "nsubj",
                            "source": 1
                        },
                        {
                            "destination": 17,
                            "relation": "prep_by",
                            "source": 1
                        },
                        {
                            "destination": 49,
                            "relation": "prep_with",
                            "source": 1
                        },
                        {
                            "destination": 3,
                            "relation": "dobj",
                            "source": 1
                        },
                        {
                            "destination": 36,
                            "relation": "prep_with",
                            "source": 1
                        },
                        {
                            "destination": 6,
                            "relation": "dobj",
                            "source": 1
                        },
                        {
                            "destination": 24,
                            "relation": "prep_with",
                            "source": 1
                        },
                        {
                            "destination": 9,
                            "relation": "dobj",
                            "source": 1
                        },
                        {
                            "destination": 44,
                            "relation": "prep_with",
                            "source": 1
                        },
                        {
                            "destination": 14,
                            "relation": "prep_by",
                            "source": 1
                        },
                        {
                            "destination": 2,
                            "relation": "nn",
                            "source": 3
                        },
                        {
                            "destination": 6,
                            "relation": "conj_and",
                            "source": 3
                        },
                        {
                            "destination": 9,
                            "relation": "conj_and",
                            "source": 3
                        },
                        {
                            "destination": 5,
                            "relation": "nn",
                            "source": 6
                        },
                        {
                            "destination": 8,
                            "relation": "nn",
                            "source": 9
                        },
                        {
                            "destination": 17,
                            "relation": "conj_and",
                            "source": 14
                        },
                        {
                            "destination": 20,
                            "relation": "prep_in",
                            "source": 14
                        },
                        {
                            "destination": 11,
                            "relation": "amod",
                            "source": 14
                        },
                        {
                            "destination": 12,
                            "relation": "nn",
                            "source": 14
                        },
                        {
                            "destination": 13,
                            "relation": "nn",
                            "source": 14
                        },
                        {
                            "destination": 16,
                            "relation": "amod",
                            "source": 17
                        },
                        {
                            "destination": 19,
                            "relation": "amod",
                            "source": 20
                        },
                        {
                            "destination": 49,
                            "relation": "conj_and",
                            "source": 24
                        },
                        {
                            "destination": 36,
                            "relation": "conj_and",
                            "source": 24
                        },
                        {
                            "destination": 22,
                            "relation": "amod",
                            "source": 24
                        },
                        {
                            "destination": 23,
                            "relation": "amod",
                            "source": 24
                        },
                        {
                            "destination": 44,
                            "relation": "conj_and",
                            "source": 24
                        },
                        {
                            "destination": 29,
                            "relation": "prep_including",
                            "source": 24
                        },
                        {
                            "destination": 27,
                            "relation": "amod",
                            "source": 28
                        },
                        {
                            "destination": 31,
                            "relation": "appos",
                            "source": 29
                        },
                        {
                            "destination": 26,
                            "relation": "num",
                            "source": 29
                        },
                        {
                            "destination": 28,
                            "relation": "amod",
                            "source": 29
                        },
                        {
                            "destination": 34,
                            "relation": "num",
                            "source": 36
                        },
                        {
                            "destination": 35,
                            "relation": "amod",
                            "source": 36
                        },
                        {
                            "destination": 38,
                            "relation": "appos",
                            "source": 36
                        },
                        {
                            "destination": 41,
                            "relation": "num",
                            "source": 44
                        },
                        {
                            "destination": 42,
                            "relation": "amod",
                            "source": 44
                        },
                        {
                            "destination": 43,
                            "relation": "amod",
                            "source": 44
                        },
                        {
                            "destination": 47,
                            "relation": "num",
                            "source": 49
                        },
                        {
                            "destination": 48,
                            "relation": "amod",
                            "source": 49
                        }
                    ],
                    "roots": [
                        1
                    ]
                }
            },
            "lemmas": [
                "we",
                "examine",
                "idh1",
                "r132",
                "and",
                "idh2",
                "r140",
                "and",
                "r172",
                "mutation",
                "by",
                "high",
                "resolution",
                "melting",
                "analysis",
                "and",
                "direct",
                "sequencing",
                "in",
                "chinese",
                "patient",
                "with",
                "different",
                "myeloid",
                "malignancy",
                "include",
                "198",
                "acute",
                "myeloid",
                "leukemia",
                "(",
                "aml",
                ")",
                ",",
                "82",
                "myelodysplastic",
                "syndrome",
                "(",
                "md",
                ")",
                ",",
                "85",
                "chronic",
                "myeloid",
                "leukemia",
                ",",
                "and",
                "57",
                "myeloproliferative",
                "neoplasm",
                "."
            ],
            "startOffsets": [
                138,
                141,
                150,
                155,
                160,
                164,
                169,
                173,
                174,
                179,
                189,
                192,
                197,
                208,
                216,
                225,
                229,
                236,
                247,
                250,
                258,
                267,
                272,
                282,
                290,
                303,
                313,
                318,
                324,
                332,
                341,
                342,
                345,
                346,
                348,
                351,
                367,
                376,
                377,
                380,
                381,
                383,
                386,
                394,
                402,
                410,
                412,
                416,
                419,
                438,
                447
            ],
            "tags": [
                "PRP",
                "VBD",
                "NN",
                "NN",
                "CC",
                "NN",
                "NN",
                "CC",
                "NN",
                "NNS",
                "IN",
                "JJ",
                "NN",
                "NN",
                "NN",
                "CC",
                "JJ",
                "NN",
                "IN",
                "JJ",
                "NNS",
                "IN",
                "JJ",
                "JJ",
                "NNS",
                "VBG",
                "CD",
                "JJ",
                "JJ",
                "NN",
                "-LRB-",
                "NN",
                "-RRB-",
                ",",
                "CD",
                "JJ",
                "NN",
                "-LRB-",
                "NN",
                "-RRB-",
                ",",
                "CD",
                "JJ",
                "JJ",
                "NN",
                ",",
                "CC",
                "CD",
                "JJ",
                "NNS",
                "."
            ],
            "words": [
                "We",
                "examined",
                "IDH1",
                "R132",
                "and",
                "IDH2",
                "R140",
                "and",
                "R172",
                "mutations",
                "by",
                "high",
                "resolution",
                "melting",
                "analysis",
                "and",
                "direct",
                "sequencing",
                "in",
                "Chinese",
                "patients",
                "with",
                "different",
                "myeloid",
                "malignancies",
                "including",
                "198",
                "acute",
                "myeloid",
                "leukemia",
                "(",
                "AML",
                ")",
                ",",
                "82",
                "myelodysplastic",
                "syndrome",
                "(",
                "MDS",
                ")",
                ",",
                "85",
                "chronic",
                "myeloid",
                "leukemia",
                ",",
                "and",
                "57",
                "myeloproliferative",
                "neoplasms",
                "."
            ]
        },
        {
            "endOffsets": [
                453,
                457,
                462,
                472,
                477,
                483,
                486,
                491,
                493,
                496,
                497,
                498,
                502,
                506,
                508,
                511,
                512,
                513,
                517,
                521,
                524,
                528,
                530,
                533,
                534,
                535,
                539,
                545,
                547,
                550,
                551,
                552,
                556,
                562,
                563,
                567,
                571,
                574,
                580,
                589,
                590
            ],
            "entities": [
                "B-Gene_or_gene_product",
                "O",
                "B-Gene_or_gene_product",
                "O",
                "O",
                "O",
                "O",
                "O",
                "O",
                "O",
                "O",
                "O",
                "O",
                "O",
                "O",
                "O",
                "O",
                "O",
                "O",
                "O",
                "O",
                "O",
                "O",
                "O",
                "O",
                "O",
                "O",
                "O",
                "O",
                "O",
                "O",
                "O",
                "B-Gene_or_gene_product",
                "O",
                "O",
                "O",
                "O",
                "O",
                "O",
                "O",
                "O"
            ],
            "graphs": {
                "stanford-basic": {
                    "edges": [
                        {
                            "destination": 1,
                            "relation": "cc",
                            "source": 0
                        },
                        {
                            "destination": 2,
                            "relation": "conj",
                            "source": 0
                        },
                        {
                            "destination": 0,
                            "relation": "nn",
                            "source": 3
                        },
                        {
                            "destination": 3,
                            "relation": "nsubjpass",
                            "source": 5
                        },
                        {
                            "destination": 4,
                            "relation": "auxpass",
                            "source": 5
                        },
                        {
                            "destination": 6,
                            "relation": "prep",
                            "source": 5
                        },
                        {
                            "destination": 33,
                            "relation": "pobj",
                            "source": 6
                        },
                        {
                            "destination": 35,
                            "relation": "cc",
                            "source": 6
                        },
                        {
                            "destination": 37,
                            "relation": "conj",
                            "source": 6
                        },
                        {
                            "destination": 18,
                            "relation": "conj",
                            "source": 7
                        },
                        {
                            "destination": 19,
                            "relation": "cc",
                            "source": 7
                        },
                        {
                            "destination": 20,
                            "relation": "conj",
                            "source": 7
                        },
                        {
                            "destination": 10,
                            "relation": "appos",
                            "source": 7
                        },
                        {
                            "destination": 12,
                            "relation": "cc",
                            "source": 7
                        },
                        {
                            "destination": 9,
                            "relation": "num",
                            "source": 10
                        },
                        {
                            "destination": 16,
                            "relation": "appos",
                            "source": 13
                        },
                        {
                            "destination": 15,
                            "relation": "num",
                            "source": 16
                        },
                        {
                            "destination": 13,
                            "relation": "nn",
                            "source": 18
                        },
                        {
                            "destination": 21,
                            "relation": "pobj",
                            "source": 20
                        },
                        {
                            "destination": 24,
                            "relation": "appos",
                            "source": 21
                        },
                        {
                            "destination": 26,
                            "relation": "cc",
                            "source": 21
                        },
                        {
                            "destination": 27,
                            "relation": "conj",
                            "source": 21
                        },
                        {
                            "destination": 30,
                            "relation": "appos",
                            "source": 21
                        },
                        {
                            "destination": 23,
                            "relation": "num",
                            "source": 24
                        },
                        {
                            "destination": 29,
                            "relation": "num",
                            "source": 30
                        },
                        {
                            "destination": 32,
                            "relation": "nn",
                            "source": 33
                        },
                        {
                            "destination": 7,
                            "relation": "nn",
                            "source": 33
                        },
                        {
                            "destination": 36,
                            "relation": "neg",
                            "source": 37
                        },
                        {
                            "destination": 39,
                            "relation": "pobj",
                            "source": 37
                        },
                        {
                            "destination": 38,
                            "relation": "amod",
                            "source": 39
                        }
                    ],
                    "roots": [
                        5
                    ]
                },
                "stanford-collapsed": {
                    "edges": [
                        {
                            "destination": 2,
                            "relation": "conj_and",
                            "source": 0
                        },
                        {
                            "destination": 32,
                            "relation": "nn",
                            "source": 33
                        },
                        {
                            "destination": 18,
                            "relation": "nn",
                            "source": 33
                        },
                        {
                            "destination": 20,
                            "relation": "nn",
                            "source": 33
                        },
                        {
                            "destination": 7,
                            "relation": "nn",
                            "source": 33
                        },
                        {
                            "destination": 39,
                            "relation": "conj_but",
                            "source": 33
                        },
                        {
                            "destination": 0,
                            "relation": "nn",
                            "source": 3
                        },
                        {
                            "destination": 2,
                            "relation": "nn",
                            "source": 3
                        },
                        {
                            "destination": 33,
                            "relation": "prep_in",
                            "source": 5
                        },
                        {
                            "destination": 3,
                            "relation": "nsubjpass",
                            "source": 5
                        },
                        {
                            "destination": 4,
                            "relation": "auxpass",
                            "source": 5
                        },
                        {
                            "destination": 36,
                            "relation": "neg",
                            "source": 5
                        },
                        {
                            "destination": 39,
                            "relation": "prep_in",
                            "source": 5
                        },
                        {
                            "destination": 18,
                            "relation": "conj_and",
                            "source": 7
                        },
                        {
                            "destination": 20,
                            "relation": "conj_and",
                            "source": 7
                        },
                        {
                            "destination": 10,
                            "relation": "appos",
                            "source": 7
                        },
                        {
                            "destination": 38,
                            "relation": "amod",
                            "source": 39
                        },
                        {
                            "destination": 9,
                            "relation": "num",
                            "source": 10
                        },
                        {
                            "destination": 16,
                            "relation": "appos",
                            "source": 13
                        },
                        {
                            "destination": 15,
                            "relation": "num",
                            "source": 16
                        },
                        {
                            "destination": 13,
                            "relation": "nn",
                            "source": 18
                        },
                        {
                            "destination": 21,
                            "relation": "pobj",
                            "source": 20
                        },
                        {
                            "destination": 27,
                            "relation": "pobj",
                            "source": 20
                        },
                        {
                            "destination": 24,
                            "relation": "appos",
                            "source": 21
                        },
                        {
                            "destination": 27,
                            "relation": "conj_and",
                            "source": 21
                        },
                        {
                            "destination": 30,
                            "relation": "appos",
                            "source": 21
                        },
                        {
                            "destination": 23,
                            "relation": "num",
                            "source": 24
                        },
                        {
                            "destination": 29,
                            "relation": "num",
                            "source": 30
                        }
                    ],
                    "roots": [
                        5
                    ]
                }
            },
            "lemmas": [
                "idh1",
                "and",
                "idh2",
                "mutation",
                "be",
                "find",
                "in",
                "four",
                "(",
                "2.0",
                "%",
                ")",
                "and",
                "ten",
                "(",
                "5.0",
                "%",
                ")",
                "aml",
                "and",
                "in",
                "two",
                "(",
                "2.4",
                "%",
                ")",
                "and",
                "three",
                "(",
                "3.6",
                "%",
                ")",
                "md",
                "case",
                ",",
                "but",
                "not",
                "in",
                "other",
                "patient",
                "."
            ],
            "startOffsets": [
                449,
                454,
                458,
                463,
                473,
                478,
                484,
                487,
                492,
                493,
                496,
                497,
                499,
                503,
                507,
                508,
                511,
                512,
                514,
                518,
                522,
                525,
                529,
                530,
                533,
                534,
                536,
                540,
                546,
                547,
                550,
                551,
                553,
                557,
                562,
                564,
                568,
                572,
                575,
                581,
                589
            ],
            "tags": [
                "NN",
                "CC",
                "NN",
                "NNS",
                "VBD",
                "VBN",
                "IN",
                "CD",
                "-LRB-",
                "CD",
                "NN",
                "-RRB-",
                "CC",
                "CD",
                "-LRB-",
                "CD",
                "NN",
                "-RRB-",
                "NN",
                "CC",
                "IN",
                "CD",
                "-LRB-",
                "CD",
                "NN",
                "-RRB-",
                "CC",
                "CD",
                "-LRB-",
                "CD",
                "NN",
                "-RRB-",
                "NN",
                "NNS",
                ",",
                "CC",
                "RB",
                "IN",
                "JJ",
                "NNS",
                "."
            ],
            "words": [
                "IDH1",
                "and",
                "IDH2",
                "mutations",
                "were",
                "found",
                "in",
                "four",
                "(",
                "2.0",
                "%",
                ")",
                "and",
                "ten",
                "(",
                "5.0",
                "%",
                ")",
                "AML",
                "and",
                "in",
                "two",
                "(",
                "2.4",
                "%",
                ")",
                "and",
                "three",
                "(",
                "3.6",
                "%",
                ")",
                "MDS",
                "cases",
                ",",
                "but",
                "not",
                "in",
                "other",
                "patients",
                "."
            ]
        },
        {
            "endOffsets": [
                595,
                599,
                604,
                614,
                619,
                632,
                636,
                645,
                655,
                656
            ],
            "entities": [
                "B-Gene_or_gene_product",
                "O",
                "B-Gene_or_gene_product",
                "O",
                "O",
                "O",
                "O",
                "O",
                "O",
                "O"
            ],
            "graphs": {
                "stanford-basic": {
                    "edges": [
                        {
                            "destination": 1,
                            "relation": "cc",
                            "source": 0
                        },
                        {
                            "destination": 2,
                            "relation": "conj",
                            "source": 0
                        },
                        {
                            "destination": 0,
                            "relation": "nn",
                            "source": 3
                        },
                        {
                            "destination": 3,
                            "relation": "nsubj",
                            "source": 5
                        },
                        {
                            "destination": 4,
                            "relation": "cop",
                            "source": 5
                        },
                        {
                            "destination": 6,
                            "relation": "cc",
                            "source": 5
                        },
                        {
                            "destination": 8,
                            "relation": "conj",
                            "source": 5
                        },
                        {
                            "destination": 7,
                            "relation": "advmod",
                            "source": 8
                        }
                    ],
                    "roots": [
                        5
                    ]
                },
                "stanford-collapsed": {
                    "edges": [
                        {
                            "destination": 2,
                            "relation": "conj_and",
                            "source": 0
                        },
                        {
                            "destination": 0,
                            "relation": "nn",
                            "source": 3
                        },
                        {
                            "destination": 2,
                            "relation": "nn",
                            "source": 3
                        },
                        {
                            "destination": 3,
                            "relation": "nsubj",
                            "source": 5
                        },
                        {
                            "destination": 4,
                            "relation": "cop",
                            "source": 5
                        },
                        {
                            "destination": 8,
                            "relation": "conj_and",
                            "source": 5
                        },
                        {
                            "destination": 3,
                            "relation": "nsubj",
                            "source": 8
                        },
                        {
                            "destination": 7,
                            "relation": "advmod",
                            "source": 8
                        }
                    ],
                    "roots": [
                        5
                    ]
                }
            },
            "lemmas": [
                "idh1",
                "and",
                "idh2",
                "mutation",
                "be",
                "heterozygous",
                "and",
                "mutually",
                "exclusive",
                "."
            ],
            "startOffsets": [
                591,
                596,
                600,
                605,
                615,
                620,
                633,
                637,
                646,
                655
            ],
            "tags": [
                "NN",
                "CC",
                "NN",
                "NNS",
                "VBD",
                "JJ",
                "CC",
                "RB",
                "JJ",
                "."
            ],
            "words": [
                "IDH1",
                "and",
                "IDH2",
                "mutations",
                "were",
                "heterozygous",
                "and",
                "mutually",
                "exclusive",
                "."
            ]
        },
        {
            "endOffsets": [
                663,
                673,
                678,
                692,
                697,
                708,
                717,
                720,
                736,
                743,
                747,
                750,
                754,
                763,
                766,
                772,
                780,
                790,
                791
            ],
            "entities": [
                "B-Gene_or_gene_product",
                "I-Gene_or_gene_product",
                "O",
                "O",
                "O",
                "O",
                "O",
                "O",
                "O",
                "O",
                "O",
                "O",
                "B-Gene_or_gene_product",
                "O",
                "O",
                "O",
                "O",
                "O",
                "O"
            ],
            "graphs": {
                "stanford-basic": {
                    "edges": [
                        {
                            "destination": 0,
                            "relation": "nn",
                            "source": 1
                        },
                        {
                            "destination": 3,
                            "relation": "advmod",
                            "source": 5
                        },
                        {
                            "destination": 4,
                            "relation": "advmod",
                            "source": 5
                        },
                        {
                            "destination": 1,
                            "relation": "nsubjpass",
                            "source": 6
                        },
                        {
                            "destination": 2,
                            "relation": "auxpass",
                            "source": 6
                        },
                        {
                            "destination": 5,
                            "relation": "advmod",
                            "source": 6
                        },
                        {
                            "destination": 7,
                            "relation": "prep",
                            "source": 6
                        },
                        {
                            "destination": 13,
                            "relation": "prep",
                            "source": 6
                        },
                        {
                            "destination": 10,
                            "relation": "pobj",
                            "source": 7
                        },
                        {
                            "destination": 8,
                            "relation": "advmod",
                            "source": 9
                        },
                        {
                            "destination": 9,
                            "relation": "amod",
                            "source": 10
                        },
                        {
                            "destination": 11,
                            "relation": "cc",
                            "source": 10
                        },
                        {
                            "destination": 12,
                            "relation": "conj",
                            "source": 10
                        },
                        {
                            "destination": 14,
                            "relation": "pcomp",
                            "source": 13
                        },
                        {
                            "destination": 15,
                            "relation": "pobj",
                            "source": 14
                        },
                        {
                            "destination": 16,
                            "relation": "prep",
                            "source": 15
                        },
                        {
                            "destination": 17,
                            "relation": "pobj",
                            "source": 16
                        }
                    ],
                    "roots": [
                        6
                    ]
                },
                "stanford-collapsed": {
                    "edges": [
                        {
                            "destination": 0,
                            "relation": "nn",
                            "source": 1
                        },
                        {
                            "destination": 3,
                            "relation": "advmod",
                            "source": 5
                        },
                        {
                            "destination": 4,
                            "relation": "advmod",
                            "source": 5
                        },
                        {
                            "destination": 15,
                            "relation": "pobj",
                            "source": 6
                        },
                        {
                            "destination": 1,
                            "relation": "nsubjpass",
                            "source": 6
                        },
                        {
                            "destination": 2,
                            "relation": "auxpass",
                            "source": 6
                        },
                        {
                            "destination": 5,
                            "relation": "advmod",
                            "source": 6
                        },
                        {
                            "destination": 10,
                            "relation": "prep_in",
                            "source": 6
                        },
                        {
                            "destination": 12,
                            "relation": "prep_in",
                            "source": 6
                        },
                        {
                            "destination": 14,
                            "relation": "prepc_compared_to",
                            "source": 6
                        },
                        {
                            "destination": 8,
                            "relation": "advmod",
                            "source": 9
                        },
                        {
                            "destination": 9,
                            "relation": "amod",
                            "source": 10
                        },
                        {
                            "destination": 12,
                            "relation": "conj_or",
                            "source": 10
                        },
                        {
                            "destination": 17,
                            "relation": "prep_without",
                            "source": 15
                        }
                    ],
                    "roots": [
                        6
                    ]
                }
            },
            "lemmas": [
                "idh1/2",
                "mutation",
                "be",
                "significantly",
                "more",
                "frequently",
                "observe",
                "in",
                "cytogenetically",
                "normal",
                "aml",
                "or",
                "md",
                "compare",
                "to",
                "those",
                "without",
                "mutation",
                "."
            ],
            "startOffsets": [
                657,
                664,
                674,
                679,
                693,
                698,
                709,
                718,
                721,
                737,
                744,
                748,
                751,
                755,
                764,
                767,
                773,
                781,
                790
            ],
            "tags": [
                "NN",
                "NNS",
                "VBD",
                "RB",
                "RBR",
                "RB",
                "VBN",
                "IN",
                "RB",
                "JJ",
                "NN",
                "CC",
                "NN",
                "VBN",
                "TO",
                "DT",
                "IN",
                "NNS",
                "."
            ],
            "words": [
                "IDH1/2",
                "mutations",
                "were",
                "significantly",
                "more",
                "frequently",
                "observed",
                "in",
                "cytogenetically",
                "normal",
                "AML",
                "or",
                "MDS",
                "compared",
                "to",
                "those",
                "without",
                "mutations",
                "."
            ]
        },
        {
            "endOffsets": [
                797,
                801,
                804,
                815,
                818,
                826,
                835,
                838,
                843,
                847,
                851,
                855,
                864,
                869,
                872,
                880,
                887,
                897,
                899,
                900,
                902,
                908,
                912,
                918,
                919,
                932,
                933,
                934
            ],
            "entities": [
                "O",
                "O",
                "O",
                "O",
                "O",
                "O",
                "O",
                "O",
                "O",
                "O",
                "O",
                "B-Gene_or_gene_product",
                "O",
                "O",
                "O",
                "O",
                "B-Gene_or_gene_product",
                "O",
                "O",
                "O",
                "O",
                "O",
                "O",
                "O",
                "O",
                "O",
                "O",
                "O"
            ],
            "graphs": {
                "stanford-basic": {
                    "edges": [
                        {
                            "destination": 0,
                            "relation": "expl",
                            "source": 1
                        },
                        {
                            "destination": 3,
                            "relation": "nsubj",
                            "source": 1
                        },
                        {
                            "destination": 13,
                            "relation": "prep",
                            "source": 1
                        },
                        {
                            "destination": 2,
                            "relation": "neg",
                            "source": 3
                        },
                        {
                            "destination": 4,
                            "relation": "prep",
                            "source": 3
                        },
                        {
                            "destination": 6,
                            "relation": "pobj",
                            "source": 4
                        },
                        {
                            "destination": 5,
                            "relation": "amod",
                            "source": 6
                        },
                        {
                            "destination": 7,
                            "relation": "prep",
                            "source": 6
                        },
                        {
                            "destination": 9,
                            "relation": "pobj",
                            "source": 7
                        },
                        {
                            "destination": 8,
                            "relation": "preconj",
                            "source": 9
                        },
                        {
                            "destination": 10,
                            "relation": "cc",
                            "source": 9
                        },
                        {
                            "destination": 12,
                            "relation": "conj",
                            "source": 9
                        },
                        {
                            "destination": 11,
                            "relation": "nn",
                            "source": 12
                        },
                        {
                            "destination": 15,
                            "relation": "conj",
                            "source": 13
                        },
                        {
                            "destination": 17,
                            "relation": "pobj",
                            "source": 13
                        },
                        {
                            "destination": 14,
                            "relation": "cc",
                            "source": 13
                        },
                        {
                            "destination": 16,
                            "relation": "nn",
                            "source": 17
                        },
                        {
                            "destination": 19,
                            "relation": "dep",
                            "source": 17
                        },
                        {
                            "destination": 20,
                            "relation": "amod",
                            "source": 19
                        },
                        {
                            "destination": 25,
                            "relation": "advmod",
                            "source": 19
                        },
                        {
                            "destination": 21,
                            "relation": "dep",
                            "source": 20
                        },
                        {
                            "destination": 22,
                            "relation": "cc",
                            "source": 21
                        },
                        {
                            "destination": 23,
                            "relation": "conj",
                            "source": 21
                        }
                    ],
                    "roots": [
                        1
                    ]
                },
                "stanford-collapsed": {
                    "edges": [
                        {
                            "destination": 0,
                            "relation": "expl",
                            "source": 1
                        },
                        {
                            "destination": 1,
                            "relation": "conj_or",
                            "source": 1
                        },
                        {
                            "destination": 17,
                            "relation": "prep_with",
                            "source": 1
                        },
                        {
                            "destination": 3,
                            "relation": "nsubj",
                            "source": 1
                        },
                        {
                            "destination": 17,
                            "relation": "prep_without",
                            "source": 1
                        },
                        {
                            "destination": 3,
                            "relation": "nsubj",
                            "source": 1
                        },
                        {
                            "destination": 2,
                            "relation": "neg",
                            "source": 3
                        },
                        {
                            "destination": 6,
                            "relation": "prep_in",
                            "source": 3
                        },
                        {
                            "destination": 5,
                            "relation": "amod",
                            "source": 6
                        },
                        {
                            "destination": 9,
                            "relation": "prep_of",
                            "source": 6
                        },
                        {
                            "destination": 12,
                            "relation": "prep_of",
                            "source": 6
                        },
                        {
                            "destination": 8,
                            "relation": "preconj",
                            "source": 9
                        },
                        {
                            "destination": 12,
                            "relation": "conj_and",
                            "source": 9
                        },
                        {
                            "destination": 11,
                            "relation": "nn",
                            "source": 12
                        },
                        {
                            "destination": 16,
                            "relation": "nn",
                            "source": 17
                        },
                        {
                            "destination": 19,
                            "relation": "dep",
                            "source": 17
                        },
                        {
                            "destination": 20,
                            "relation": "amod",
                            "source": 19
                        },
                        {
                            "destination": 25,
                            "relation": "advmod",
                            "source": 19
                        },
                        {
                            "destination": 21,
                            "relation": "dep",
                            "source": 20
                        },
                        {
                            "destination": 23,
                            "relation": "dep",
                            "source": 20
                        },
                        {
                            "destination": 23,
                            "relation": "conj_and",
                            "source": 21
                        }
                    ],
                    "roots": [
                        1
                    ]
                }
            },
            "lemmas": [
                "there",
                "be",
                "no",
                "difference",
                "in",
                "overall",
                "survival",
                "of",
                "both",
                "aml",
                "and",
                "md",
                "patient",
                "with",
                "or",
                "without",
                "idh1/2",
                "mutation",
                "(",
                "p",
                "=",
                "0.177",
                "and",
                "0.407",
                ",",
                "respectively",
                ")",
                "."
            ],
            "startOffsets": [
                792,
                798,
                802,
                805,
                816,
                819,
                827,
                836,
                839,
                844,
                848,
                852,
                856,
                865,
                870,
                873,
                881,
                888,
                898,
                899,
                901,
                903,
                909,
                913,
                918,
                920,
                932,
                933
            ],
            "tags": [
                "EX",
                "VBD",
                "DT",
                "NN",
                "IN",
                "JJ",
                "NN",
                "IN",
                "CC",
                "NN",
                "CC",
                "NN",
                "NNS",
                "IN",
                "CC",
                "IN",
                "NN",
                "NNS",
                "-LRB-",
                "NN",
                "JJ",
                "CD",
                "CC",
                "CD",
                ",",
                "RB",
                "-RRB-",
                "."
            ],
            "words": [
                "There",
                "was",
                "no",
                "difference",
                "in",
                "overall",
                "survival",
                "of",
                "both",
                "AML",
                "and",
                "MDS",
                "patients",
                "with",
                "or",
                "without",
                "IDH1/2",
                "mutations",
                "(",
                "P",
                "=",
                "0.177",
                "and",
                "0.407",
                ",",
                "respectively",
                ")",
                "."
            ]
        },
        {
            "endOffsets": [
                937,
                948,
                949,
                956,
                966,
                970,
                980,
                984,
                989,
                999,
                1011,
                1014,
                1022,
                1026,
                1030,
                1034,
                1035
            ],
            "entities": [
                "O",
                "O",
                "O",
                "B-Gene_or_gene_product",
                "O",
                "O",
                "O",
                "O",
                "O",
                "O",
                "O",
                "O",
                "O",
                "O",
                "O",
                "B-Gene_or_gene_product",
                "O"
            ],
            "graphs": {
                "stanford-basic": {
                    "edges": [
                        {
                            "destination": 1,
                            "relation": "pobj",
                            "source": 0
                        },
                        {
                            "destination": 3,
                            "relation": "nn",
                            "source": 4
                        },
                        {
                            "destination": 7,
                            "relation": "cc",
                            "source": 6
                        },
                        {
                            "destination": 8,
                            "relation": "conj",
                            "source": 6
                        },
                        {
                            "destination": 0,
                            "relation": "prep",
                            "source": 10
                        },
                        {
                            "destination": 4,
                            "relation": "nsubj",
                            "source": 10
                        },
                        {
                            "destination": 5,
                            "relation": "cop",
                            "source": 10
                        },
                        {
                            "destination": 6,
                            "relation": "amod",
                            "source": 10
                        },
                        {
                            "destination": 9,
                            "relation": "amod",
                            "source": 10
                        },
                        {
                            "destination": 11,
                            "relation": "prep",
                            "source": 10
                        },
                        {
                            "destination": 13,
                            "relation": "pobj",
                            "source": 11
                        },
                        {
                            "destination": 15,
                            "relation": "conj",
                            "source": 13
                        },
                        {
                            "destination": 12,
                            "relation": "amod",
                            "source": 13
                        },
                        {
                            "destination": 14,
                            "relation": "cc",
                            "source": 13
                        }
                    ],
                    "roots": [
                        10
                    ]
                },
                "stanford-collapsed": {
                    "edges": [
                        {
                            "destination": 3,
                            "relation": "nn",
                            "source": 4
                        },
                        {
                            "destination": 8,
                            "relation": "conj_but",
                            "source": 6
                        },
                        {
                            "destination": 15,
                            "relation": "prep_in",
                            "source": 10
                        },
                        {
                            "destination": 1,
                            "relation": "prep_in",
                            "source": 10
                        },
                        {
                            "destination": 4,
                            "relation": "nsubj",
                            "source": 10
                        },
                        {
                            "destination": 5,
                            "relation": "cop",
                            "source": 10
                        },
                        {
                            "destination": 6,
                            "relation": "amod",
                            "source": 10
                        },
                        {
                            "destination": 8,
                            "relation": "amod",
                            "source": 10
                        },
                        {
                            "destination": 9,
                            "relation": "amod",
                            "source": 10
                        },
                        {
                            "destination": 13,
                            "relation": "prep_in",
                            "source": 10
                        },
                        {
                            "destination": 15,
                            "relation": "conj_and",
                            "source": 13
                        },
                        {
                            "destination": 12,
                            "relation": "amod",
                            "source": 13
                        }
                    ],
                    "roots": [
                        10
                    ]
                }
            },
            "lemmas": [
                "in",
                "conclusion",
                ",",
                "idh1/2",
                "mutation",
                "be",
                "recurrent",
                "but",
                "rare",
                "molecular",
                "aberration",
                "in",
                "chinese",
                "aml",
                "and",
                "md",
                "."
            ],
            "startOffsets": [
                935,
                938,
                948,
                950,
                957,
                967,
                971,
                981,
                985,
                990,
                1000,
                1012,
                1015,
                1023,
                1027,
                1031,
                1034
            ],
            "tags": [
                "IN",
                "NN",
                ",",
                "NN",
                "NNS",
                "VBP",
                "JJ",
                "CC",
                "JJ",
                "JJ",
                "NNS",
                "IN",
                "JJ",
                "NN",
                "CC",
                "NN",
                "."
            ],
            "words": [
                "In",
                "conclusion",
                ",",
                "IDH1/2",
                "mutations",
                "are",
                "recurrent",
                "but",
                "rare",
                "molecular",
                "aberrations",
                "in",
                "Chinese",
                "AML",
                "and",
                "MDS",
                "."
            ]
        }
    ],
    "text": "The somatic mutations of isocitrate dehydrogenase genes (IDH1 and IDH2) have been\nidentified in a proportion of hematologic malignancies. We examined IDH1 R132 and\nIDH2 R140/R172 mutations by high resolution melting analysis and direct\nsequencing in Chinese patients with different myeloid malignancies including 198 \nacute myeloid leukemia (AML), 82 myelodysplastic syndrome (MDS), 85 chronic\nmyeloid leukemia, and 57 myeloproliferative neoplasms. IDH1 and IDH2 mutations\nwere found in four (2.0%) and ten (5.0%) AML and in two (2.4%) and three (3.6%)\nMDS cases, but not in other patients. IDH1 and IDH2 mutations were heterozygous\nand mutually exclusive. IDH1/2 mutations were significantly more frequently\nobserved in cytogenetically normal AML or MDS compared to those without\nmutations. There was no difference in overall survival of both AML and MDS\npatients with or without IDH1/2 mutations (P = 0.177 and 0.407, respectively). In\nconclusion, IDH1/2 mutations are recurrent but rare molecular aberrations in\nChinese AML and MDS."
}